"날짜","종가","시가","고가","저가","거래량","변동 %"
"2023- 10- 24","4,247.68","4,235.79","4,259.38","4,219.43","","0.73%"
"2023- 10- 23","4,217.04","4,210.40","4,255.84","4,189.22","","-0.17%"
"2023- 10- 20","4,224.16","4,273.85","4,276.56","4,223.03","","-1.26%"
"2023- 10- 19","4,278.00","4,321.36","4,339.54","4,269.69","","-0.85%"
"2023- 10- 18","4,314.60","4,357.35","4,364.20","4,303.84","","-1.34%"
"2023- 10- 17","4,373.20","4,345.23","4,393.57","4,337.54","","-0.01%"
"2023- 10- 16","4,373.63","4,342.37","4,383.33","4,342.37","","1.06%"
"2023- 10- 13","4,327.78","4,360.49","4,377.10","4,311.97","","-0.50%"
"2023- 10- 12","4,349.61","4,380.94","4,385.85","4,325.43","","-0.62%"
"2023- 10- 11","4,376.95","4,366.59","4,378.64","4,345.34","","0.43%"
"2023- 10- 10","4,358.24","4,339.75","4,385.46","4,339.64","","0.52%"
"2023- 10- 09","4,335.66","4,289.02","4,341.73","4,283.79","","0.63%"
"2023- 10- 06","4,308.50","4,234.79","4,324.10","4,219.55","","1.18%"
"2023- 10- 05","4,258.19","4,259.31","4,267.13","4,225.91","","-0.13%"
"2023- 10- 04","4,263.75","4,233.83","4,268.50","4,220.48","","0.81%"
"2023- 10- 03","4,229.45","4,269.75","4,281.15","4,216.45","","-1.37%"
"2023- 10- 02","4,288.39","4,284.52","4,300.58","4,260.21","","0.01%"
"2023- 09- 29","4,288.05","4,328.18","4,333.15","4,274.86","","-0.27%"
"2023- 09- 28","4,299.70","4,269.65","4,317.27","4,264.38","","0.59%"
"2023- 09- 27","4,274.51","4,282.63","4,292.07","4,238.63","","0.02%"
"2023- 09- 26","4,273.53","4,312.88","4,313.01","4,265.98","","-1.47%"
"2023- 09- 25","4,337.44","4,310.62","4,338.51","4,302.70","","0.40%"
"2023- 09- 22","4,320.06","4,341.74","4,357.40","4,316.49","","-0.23%"
"2023- 09- 21","4,330.00","4,374.36","4,375.70","4,329.17","","-1.64%"
"2023- 09- 20","4,402.20","4,452.81","4,461.03","4,401.38","","-0.94%"
"2023- 09- 19","4,443.95","4,445.41","4,449.85","4,416.61","","-0.22%"
"2023- 09- 18","4,453.53","4,445.13","4,466.36","4,442.11","","0.07%"
"2023- 09- 15","4,450.32","4,497.98","4,497.98","4,447.21","","-1.22%"
"2023- 09- 14","4,505.10","4,487.78","4,511.99","4,478.69","","0.84%"
"2023- 09- 13","4,467.44","4,462.65","4,479.39","4,453.52","","0.12%"
"2023- 09- 12","4,461.90","4,473.27","4,487.11","4,456.83","","-0.57%"
"2023- 09- 11","4,487.46","4,480.98","4,490.77","4,467.89","","0.67%"
"2023- 09- 08","4,457.49","4,451.30","4,473.53","4,448.38","","0.14%"
"2023- 09- 07","4,451.14","4,434.55","4,457.81","4,430.46","","-0.32%"
"2023- 09- 06","4,465.48","4,490.35","4,490.35","4,442.38","","-0.70%"
"2023- 09- 05","4,496.83","4,510.06","4,514.29","4,496.01","","-0.42%"
"2023- 09- 01","4,515.77","4,530.60","4,541.25","4,501.35","","0.18%"
"2023- 08- 31","4,507.66","4,517.01","4,532.26","4,507.39","","-0.16%"
"2023- 08- 30","4,514.87","4,500.34","4,521.65","4,493.59","","0.38%"
"2023- 08- 29","4,497.63","4,432.75","4,500.14","4,431.68","","1.45%"
"2023- 08- 28","4,433.31","4,426.03","4,439.56","4,414.98","","0.63%"
"2023- 08- 25","4,405.71","4,389.38","4,418.46","4,356.29","","0.67%"
"2023- 08- 24","4,376.31","4,455.16","4,458.30","4,375.55","","-1.35%"
"2023- 08- 23","4,436.01","4,396.44","4,443.18","4,396.44","","1.10%"
"2023- 08- 22","4,387.55","4,415.33","4,418.59","4,382.77","","-0.28%"
"2023- 08- 21","4,399.77","4,380.28","4,407.55","4,360.30","","0.69%"
"2023- 08- 18","4,369.71","4,344.88","4,381.82","4,335.31","","-0.01%"
"2023- 08- 17","4,370.36","4,416.32","4,421.17","4,364.83","","-0.77%"
"2023- 08- 16","4,404.33","4,433.79","4,449.95","4,403.55","","-0.76%"
"2023- 08- 15","4,437.86","4,478.87","4,478.87","4,432.19","","-1.16%"
"2023- 08- 14","4,489.72","4,458.13","4,490.33","4,453.44","","0.58%"
"2023- 08- 11","4,464.05","4,450.69","4,476.23","4,443.98","","-0.11%"
"2023- 08- 10","4,468.83","4,487.16","4,527.37","4,457.92","","0.03%"
"2023- 08- 09","4,467.71","4,501.57","4,502.44","4,461.33","","-0.70%"
"2023- 08- 08","4,499.38","4,498.03","4,503.31","4,464.39","","-0.42%"
"2023- 08- 07","4,518.44","4,491.58","4,519.84","4,491.15","","0.90%"
"2023- 08- 04","4,478.03","4,513.96","4,540.34","4,474.55","","-0.53%"
"2023- 08- 03","4,501.89","4,494.27","4,519.49","4,485.54","","-0.25%"
"2023- 08- 02","4,513.39","4,550.93","4,550.93","4,505.75","","-1.38%"
"2023- 08- 01","4,576.73","4,578.83","4,584.62","4,567.53","","-0.27%"
"2023- 07- 31","4,588.96","4,584.82","4,594.22","4,573.14","","0.15%"
"2023- 07- 28","4,582.23","4,565.75","4,590.16","4,564.01","","0.99%"
"2023- 07- 27","4,537.41","4,598.26","4,607.07","4,528.56","","-0.64%"
"2023- 07- 26","4,566.75","4,558.96","4,582.47","4,547.58","","-0.02%"
"2023- 07- 25","4,567.46","4,555.19","4,580.62","4,552.42","","0.28%"
"2023- 07- 24","4,554.64","4,543.39","4,563.41","4,541.29","","0.40%"
"2023- 07- 21","4,536.34","4,550.16","4,555.00","4,535.79","","0.03%"
"2023- 07- 20","4,534.87","4,554.38","4,564.74","4,527.56","","-0.68%"
"2023- 07- 19","4,565.72","4,563.87","4,578.43","4,557.48","","0.24%"
"2023- 07- 18","4,554.98","4,521.78","4,562.30","4,514.59","","0.71%"
"2023- 07- 17","4,522.79","4,508.86","4,532.85","4,504.90","","0.39%"
"2023- 07- 14","4,505.42","4,514.61","4,527.76","4,499.56","","-0.10%"
"2023- 07- 13","4,510.04","4,491.50","4,517.38","4,489.36","","0.85%"
"2023- 07- 12","4,472.16","4,467.69","4,488.34","4,463.23","","0.74%"
"2023- 07- 11","4,439.26","4,415.55","4,443.64","4,408.46","","0.67%"
"2023- 07- 10","4,409.53","4,394.23","4,412.60","4,389.92","","0.24%"
"2023- 07- 07","4,398.95","4,404.54","4,440.39","4,397.40","","-0.29%"
"2023- 07- 06","4,411.59","4,422.62","4,422.62","4,385.05","","-0.79%"
"2023- 07- 05","4,446.82","4,442.04","4,454.06","4,436.61","","-0.20%"
"2023- 07- 03","4,455.59","4,450.48","4,456.46","4,442.29","","0.12%"
"2023- 06- 30","4,450.38","4,422.44","4,458.48","4,422.44","","1.23%"
"2023- 06- 29","4,396.44","4,374.94","4,398.39","4,371.97","","0.45%"
"2023- 06- 28","4,376.86","4,367.48","4,390.35","4,360.22","","-0.04%"
"2023- 06- 27","4,378.41","4,337.36","4,384.42","4,335.00","","1.15%"
"2023- 06- 26","4,328.82","4,344.84","4,362.06","4,328.08","","-0.45%"
"2023- 06- 23","4,348.33","4,354.17","4,366.55","4,341.34","","-0.77%"
"2023- 06- 22","4,381.89","4,355.40","4,382.25","4,351.82","","0.37%"
"2023- 06- 21","4,365.69","4,380.01","4,386.22","4,360.14","","-0.52%"
"2023- 06- 20","4,388.71","4,396.11","4,400.15","4,367.19","","-0.47%"
"2023- 06- 16","4,409.59","4,440.95","4,448.47","4,407.44","","-0.37%"
"2023- 06- 15","4,425.84","4,365.33","4,439.20","4,362.60","","1.22%"
"2023- 06- 14","4,372.59","4,366.29","4,391.82","4,337.85","","0.08%"
"2023- 06- 13","4,369.01","4,352.61","4,375.37","4,349.31","","0.69%"
"2023- 06- 12","4,338.93","4,308.32","4,340.13","4,304.37","","0.93%"
"2023- 06- 09","4,298.86","4,304.88","4,322.62","4,291.70","","0.11%"
"2023- 06- 08","4,293.93","4,268.69","4,298.01","4,261.07","","0.62%"
"2023- 06- 07","4,267.52","4,285.47","4,299.19","4,263.96","","-0.38%"
"2023- 06- 06","4,283.85","4,271.34","4,288.33","4,263.09","","0.24%"
"2023- 06- 05","4,273.79","4,282.99","4,299.28","4,266.82","","-0.20%"
"2023- 06- 02","4,282.37","4,241.01","4,290.67","4,241.01","","1.45%"
"2023- 06- 01","4,221.02","4,183.03","4,232.43","4,171.64","","0.99%"
"2023- 05- 31","4,179.83","4,190.74","4,195.44","4,166.15","","-0.61%"
"2023- 05- 30","4,205.52","4,226.71","4,231.10","4,192.18","","0.00%"
"2023- 05- 26","4,205.45","4,156.16","4,212.87","4,156.16","","1.30%"
"2023- 05- 25","4,151.28","4,155.71","4,165.74","4,129.73","","0.88%"
"2023- 05- 24","4,115.24","4,132.96","4,132.96","4,103.98","","-0.73%"
"2023- 05- 23","4,145.58","4,176.80","4,185.68","4,142.54","","-1.12%"
"2023- 05- 22","4,192.63","4,190.78","4,209.22","4,179.68","","0.02%"
"2023- 05- 19","4,191.98","4,204.15","4,212.91","4,180.20","","-0.14%"
"2023- 05- 18","4,198.05","4,157.68","4,202.20","4,153.50","","0.94%"
"2023- 05- 17","4,158.77","4,122.85","4,164.67","4,113.62","","1.19%"
"2023- 05- 16","4,109.90","4,127.95","4,135.54","4,109.86","","-0.64%"
"2023- 05- 15","4,136.28","4,126.65","4,141.25","4,110.27","","0.30%"
"2023- 05- 12","4,124.08","4,138.54","4,143.74","4,099.12","","-0.16%"
"2023- 05- 11","4,130.62","4,132.24","4,132.80","4,109.29","","-0.17%"
"2023- 05- 10","4,137.64","4,143.74","4,154.28","4,098.92","","0.45%"
"2023- 05- 09","4,119.17","4,124.25","4,130.35","4,116.65","","-0.46%"
"2023- 05- 08","4,138.12","4,136.98","4,142.30","4,123.81","","0.05%"
"2023- 05- 05","4,136.25","4,084.73","4,147.02","4,084.73","","1.85%"
"2023- 05- 04","4,061.22","4,082.55","4,082.61","4,048.28","","-0.72%"
"2023- 05- 03","4,090.75","4,122.25","4,148.30","4,088.86","","-0.70%"
"2023- 05- 02","4,119.58","4,164.10","4,164.10","4,089.72","","-1.16%"
"2023- 05- 01","4,167.87","4,166.79","4,186.92","4,164.12","","-0.04%"
"2023- 04- 28","4,169.48","4,129.63","4,170.06","4,127.18","","0.83%"
"2023- 04- 27","4,135.35","4,075.29","4,138.24","4,075.29","","1.96%"
"2023- 04- 26","4,055.99","4,087.78","4,089.67","4,049.35","","-0.38%"
"2023- 04- 25","4,071.63","4,126.43","4,126.43","4,071.38","","-1.58%"
"2023- 04- 24","4,137.04","4,132.07","4,142.41","4,117.77","","0.09%"
"2023- 04- 21","4,133.52","4,132.14","4,138.02","4,113.86","","0.09%"
"2023- 04- 20","4,129.79","4,130.48","4,148.57","4,114.57","","-0.60%"
"2023- 04- 19","4,154.52","4,139.33","4,162.57","4,134.49","","-0.01%"
"2023- 04- 18","4,154.87","4,164.26","4,169.48","4,140.36","","0.09%"
"2023- 04- 17","4,151.32","4,137.17","4,151.72","4,123.18","","0.33%"
"2023- 04- 14","4,137.64","4,140.11","4,163.19","4,113.20","","-0.21%"
"2023- 04- 13","4,146.22","4,100.04","4,150.26","4,099.40","","1.33%"
"2023- 04- 12","4,091.95","4,121.72","4,134.37","4,086.94","","-0.41%"
"2023- 04- 11","4,108.94","4,110.29","4,124.26","4,102.61","","0.00%"
"2023- 04- 10","4,109.11","4,085.20","4,109.50","4,072.55","","0.10%"
"2023- 04- 06","4,105.02","4,081.15","4,107.32","4,069.84","","0.36%"
"2023- 04- 05","4,090.38","4,094.50","4,099.69","4,072.56","","-0.25%"
"2023- 04- 04","4,100.60","4,128.03","4,133.13","4,086.87","","-0.58%"
"2023- 04- 03","4,124.51","4,102.20","4,127.66","4,098.79","","0.37%"
"2023- 03- 31","4,109.31","4,056.18","4,110.75","4,056.18","","1.44%"
"2023- 03- 30","4,050.83","4,046.74","4,057.85","4,032.10","","0.57%"
"2023- 03- 29","4,027.81","3,999.53","4,030.59","3,999.53","","1.42%"
"2023- 03- 28","3,971.27","3,974.13","3,979.20","3,951.53","","-0.16%"
"2023- 03- 27","3,977.53","3,982.93","4,003.83","3,970.49","","0.16%"
"2023- 03- 24","3,970.99","3,939.21","3,972.74","3,909.16","","0.56%"
"2023- 03- 23","3,948.72","3,959.21","4,007.66","3,919.05","","0.30%"
"2023- 03- 22","3,936.97","4,002.04","4,039.49","3,936.17","","-1.65%"
"2023- 03- 21","4,002.87","3,975.89","4,009.08","3,971.19","","1.30%"
"2023- 03- 20","3,951.57","3,917.47","3,956.62","3,916.89","","0.89%"
"2023- 03- 17","3,916.64","3,958.69","3,958.91","3,901.27","","-1.10%"
"2023- 03- 16","3,960.28","3,878.93","3,964.46","3,864.11","","1.76%"
"2023- 03- 15","3,891.93","3,876.74","3,894.26","3,838.24","","-0.73%"
"2023- 03- 14","3,920.56","3,894.01","3,937.29","3,873.63","","1.68%"
"2023- 03- 13","3,855.76","3,835.12","3,905.05","3,808.86","","-0.15%"
"2023- 03- 10","3,861.59","3,912.77","3,934.05","3,846.32","","-1.45%"
"2023- 03- 09","3,918.32","3,998.66","4,017.81","3,908.70","","-1.85%"
"2023- 03- 08","3,992.01","3,987.55","4,000.41","3,969.76","","0.14%"
"2023- 03- 07","3,986.37","4,048.26","4,050.00","3,980.31","","-1.53%"
"2023- 03- 06","4,048.42","4,055.15","4,078.49","4,044.61","","0.07%"
"2023- 03- 03","4,045.64","3,998.02","4,048.29","3,995.17","","1.61%"
"2023- 03- 02","3,981.35","3,938.68","3,990.84","3,928.16","","0.76%"
"2023- 03- 01","3,951.39","3,963.34","3,971.73","3,939.05","","-0.47%"
"2023- 02- 28","3,970.15","3,977.19","3,997.50","3,968.98","","-0.30%"
"2023- 02- 27","3,982.24","3,992.36","4,018.05","3,973.55","","0.31%"
"2023- 02- 24","3,970.04","3,973.24","3,978.25","3,943.08","","-1.05%"
"2023- 02- 23","4,012.32","4,018.60","4,028.30","3,969.19","","0.53%"
"2023- 02- 22","3,991.05","4,001.83","4,017.37","3,976.90","","-0.16%"
"2023- 02- 21","3,997.34","4,052.35","4,052.35","3,995.19","","-2.00%"
"2023- 02- 17","4,079.09","4,077.39","4,081.51","4,047.95","","-0.28%"
"2023- 02- 16","4,090.41","4,114.75","4,136.54","4,089.49","","-1.38%"
"2023- 02- 15","4,147.60","4,119.50","4,148.11","4,103.98","","0.28%"
"2023- 02- 14","4,136.13","4,126.70","4,159.77","4,095.01","","-0.03%"
"2023- 02- 13","4,137.29","4,096.62","4,138.90","4,092.67","","1.14%"
"2023- 02- 10","4,090.46","4,068.92","4,094.36","4,060.79","","0.22%"
"2023- 02- 09","4,081.50","4,144.25","4,156.23","4,069.67","","-0.88%"
"2023- 02- 08","4,117.86","4,153.47","4,156.85","4,111.67","","-1.11%"
"2023- 02- 07","4,164.00","4,105.35","4,176.54","4,088.39","","1.29%"
"2023- 02- 06","4,111.08","4,119.57","4,124.63","4,093.38","","-0.61%"
"2023- 02- 03","4,136.48","4,136.69","4,182.36","4,123.36","","-1.04%"
"2023- 02- 02","4,179.76","4,158.68","4,195.44","4,141.88","","1.47%"
"2023- 02- 01","4,119.21","4,070.07","4,148.95","4,037.20","","1.05%"
"2023- 01- 31","4,076.60","4,020.85","4,077.16","4,020.44","","1.46%"
"2023- 01- 30","4,017.77","4,049.27","4,063.85","4,015.55","","-1.30%"
"2023- 01- 27","4,070.56","4,053.72","4,094.21","4,048.70","","0.25%"
"2023- 01- 26","4,060.43","4,036.08","4,061.57","4,013.29","","1.10%"
"2023- 01- 25","4,016.22","3,982.71","4,019.55","3,949.06","","-0.02%"
"2023- 01- 24","4,016.95","4,001.74","4,023.92","3,989.79","","-0.07%"
"2023- 01- 23","4,019.81","3,978.14","4,039.31","3,971.64","","1.19%"
"2023- 01- 20","3,972.61","3,909.04","3,972.96","3,897.86","","1.89%"
"2023- 01- 19","3,898.85","3,911.84","3,922.94","3,885.54","","-0.76%"
"2023- 01- 18","3,928.86","4,002.25","4,014.16","3,926.59","","-1.56%"
"2023- 01- 17","3,990.97","3,999.28","4,015.39","3,984.57","","-0.20%"
"2023- 01- 13","3,999.09","3,960.60","4,003.95","3,947.67","","0.40%"
"2023- 01- 12","3,983.17","3,977.57","3,997.76","3,937.56","","0.34%"
"2023- 01- 11","3,969.61","3,932.35","3,970.07","3,928.54","","1.28%"
"2023- 01- 10","3,919.25","3,888.57","3,919.83","3,877.29","","0.70%"
"2023- 01- 09","3,892.09","3,910.82","3,950.57","3,890.42","","-0.08%"
"2023- 01- 06","3,895.08","3,823.37","3,906.19","3,809.56","","2.28%"
"2023- 01- 05","3,808.10","3,839.74","3,839.74","3,802.42","","-1.16%"
"2023- 01- 04","3,852.97","3,840.36","3,873.16","3,815.77","","0.75%"
"2023- 01- 03","3,824.14","3,853.29","3,878.46","3,794.33","","-0.40%"
"2022- 12- 30","3,839.50","3,829.06","3,839.85","3,800.34","","-0.25%"
"2022- 12- 29","3,849.28","3,805.45","3,858.19","3,805.45","","1.75%"
"2022- 12- 28","3,783.22","3,829.56","3,848.32","3,780.78","","-1.20%"
"2022- 12- 27","3,829.25","3,843.34","3,846.65","3,813.22","","-0.40%"
"2022- 12- 23","3,844.82","3,815.11","3,845.80","3,797.01","","0.59%"
"2022- 12- 22","3,822.39","3,853.26","3,853.26","3,764.49","","-1.45%"
"2022- 12- 21","3,878.44","3,839.49","3,889.82","3,839.49","","1.49%"
"2022- 12- 20","3,821.62","3,810.47","3,838.24","3,795.62","","0.10%"
"2022- 12- 19","3,817.66","3,853.79","3,854.86","3,800.04","","-0.90%"
"2022- 12- 16","3,852.36","3,890.91","3,890.91","3,827.91","","-1.11%"
"2022- 12- 15","3,895.75","3,958.37","3,958.37","3,879.45","","-2.49%"
"2022- 12- 14","3,995.32","4,015.54","4,053.76","3,965.65","","-0.61%"
"2022- 12- 13","4,019.65","4,069.38","4,100.96","3,993.03","","0.73%"
"2022- 12- 12","3,990.56","3,939.29","3,990.71","3,935.30","","1.43%"
"2022- 12- 09","3,934.38","3,954.17","3,977.02","3,933.04","","-0.73%"
"2022- 12- 08","3,963.51","3,947.79","3,974.19","3,935.83","","0.75%"
"2022- 12- 07","3,933.92","3,933.28","3,957.57","3,922.68","","-0.19%"
"2022- 12- 06","3,941.26","3,996.63","4,001.51","3,918.39","","-1.44%"
"2022- 12- 05","3,998.84","4,052.02","4,052.45","3,984.49","","-1.79%"
"2022- 12- 02","4,071.70","4,040.17","4,080.48","4,026.63","","-0.12%"
"2022- 12- 01","4,076.57","4,087.14","4,100.51","4,050.87","","-0.09%"
"2022- 11- 30","4,080.11","3,957.18","4,080.11","3,938.58","","3.09%"
"2022- 11- 29","3,957.63","3,964.19","3,976.77","3,937.65","","-0.16%"
"2022- 11- 28","3,963.94","4,005.36","4,012.27","3,955.77","","-1.54%"
"2022- 11- 25","4,026.12","4,023.34","4,034.02","4,020.76","","-0.03%"
"2022- 11- 23","4,027.26","4,000.30","4,033.78","3,998.66","","0.59%"
"2022- 11- 22","4,003.58","3,965.51","4,005.88","3,956.88","","1.36%"
"2022- 11- 21","3,949.94","3,956.23","3,962.00","3,933.34","","-0.39%"
"2022- 11- 18","3,965.34","3,966.39","3,979.89","3,935.98","","0.48%"
"2022- 11- 17","3,946.56","3,919.26","3,954.33","3,906.54","","-0.31%"
"2022- 11- 16","3,958.79","3,976.82","3,983.09","3,954.34","","-0.83%"
"2022- 11- 15","3,991.73","4,006.41","4,028.84","3,953.17","","0.87%"
"2022- 11- 14","3,957.25","3,977.97","4,008.97","3,956.40","","-0.89%"
"2022- 11- 11","3,992.93","3,963.72","4,001.48","3,944.82","","0.92%"
"2022- 11- 10","3,956.37","3,859.89","3,958.33","3,859.89","","5.54%"
"2022- 11- 09","3,748.57","3,810.94","3,818.20","3,744.22","","-2.08%"
"2022- 11- 08","3,828.11","3,817.02","3,859.40","3,786.28","","0.56%"
"2022- 11- 07","3,806.80","3,780.71","3,813.95","3,764.70","","0.96%"
"2022- 11- 04","3,770.55","3,766.98","3,796.34","3,708.84","","1.36%"
"2022- 11- 03","3,719.89","3,733.25","3,750.59","3,698.15","","-1.06%"
"2022- 11- 02","3,759.69","3,852.90","3,894.44","3,758.68","","-2.50%"
"2022- 11- 01","3,856.10","3,901.79","3,911.79","3,843.80","","-0.41%"
"2022- 10- 31","3,871.98","3,881.85","3,893.73","3,863.18","","-0.75%"
"2022- 10- 28","3,901.06","3,808.26","3,905.42","3,808.26","","2.46%"
"2022- 10- 27","3,807.30","3,834.69","3,859.95","3,803.79","","-0.61%"
"2022- 10- 26","3,830.60","3,825.97","3,886.15","3,824.07","","-0.74%"
"2022- 10- 25","3,859.11","3,799.44","3,862.85","3,799.44","","1.63%"
"2022- 10- 24","3,797.34","3,762.01","3,810.74","3,741.65","","1.19%"
"2022- 10- 21","3,752.75","3,657.10","3,757.89","3,647.42","","2.37%"
"2022- 10- 20","3,665.78","3,689.05","3,736.00","3,656.44","","-0.80%"
"2022- 10- 19","3,695.16","3,703.11","3,728.58","3,666.51","","-0.67%"
"2022- 10- 18","3,719.98","3,746.26","3,762.79","3,686.53","","1.14%"
"2022- 10- 17","3,677.95","3,638.65","3,689.73","3,638.65","","2.65%"
"2022- 10- 14","3,583.07","3,690.41","3,712.00","3,579.68","","-2.37%"
"2022- 10- 13","3,669.91","3,520.37","3,685.41","3,491.58","","2.60%"
"2022- 10- 12","3,577.03","3,590.83","3,608.34","3,573.86","","-0.33%"
"2022- 10- 11","3,588.84","3,595.86","3,640.66","3,568.45","","-0.65%"
"2022- 10- 10","3,612.39","3,647.51","3,652.17","3,588.10","","-0.75%"
"2022- 10- 07","3,639.66","3,706.74","3,706.74","3,620.73","","-2.80%"
"2022- 10- 06","3,744.52","3,771.97","3,797.93","3,739.22","","-1.02%"
"2022- 10- 05","3,783.28","3,753.25","3,806.91","3,722.66","","-0.20%"
"2022- 10- 04","3,790.93","3,726.46","3,791.92","3,726.46","","3.06%"
"2022- 10- 03","3,678.43","3,609.78","3,698.35","3,604.93","","2.59%"
"2022- 09- 30","3,585.62","3,633.48","3,671.44","3,584.13","","-1.51%"
"2022- 09- 29","3,640.47","3,687.01","3,687.01","3,610.40","","-2.11%"
"2022- 09- 28","3,719.04","3,651.94","3,736.74","3,640.61","","1.97%"
"2022- 09- 27","3,647.29","3,686.44","3,717.53","3,623.29","","-0.21%"
"2022- 09- 26","3,655.04","3,682.72","3,715.67","3,644.76","","-1.03%"
"2022- 09- 23","3,693.23","3,727.14","3,727.14","3,647.47","","-1.72%"
"2022- 09- 22","3,757.99","3,782.36","3,790.90","3,749.45","","-0.84%"
"2022- 09- 21","3,789.93","3,871.40","3,907.07","3,789.49","","-1.71%"
"2022- 09- 20","3,855.93","3,875.23","3,876.01","3,827.54","","-1.13%"
"2022- 09- 19","3,899.89","3,849.91","3,900.45","3,838.50","","0.69%"
"2022- 09- 16","3,873.33","3,880.95","3,880.95","3,837.08","","-0.72%"
"2022- 09- 15","3,901.35","3,932.41","3,959.14","3,888.28","","-1.13%"
"2022- 09- 14","3,946.01","3,940.73","3,961.94","3,912.18","","0.34%"
"2022- 09- 13","3,932.69","4,037.12","4,037.12","3,921.28","","-4.32%"
"2022- 09- 12","4,110.41","4,083.67","4,119.28","4,083.67","","1.06%"
"2022- 09- 09","4,067.36","4,022.94","4,076.81","4,022.94","","1.53%"
"2022- 09- 08","4,006.18","3,959.94","4,010.50","3,944.81","","0.66%"
"2022- 09- 07","3,979.87","3,909.43","3,987.89","3,906.03","","1.83%"
"2022- 09- 06","3,908.19","3,930.89","3,942.55","3,886.75","","-0.41%"
"2022- 09- 02","3,924.26","3,994.66","4,018.43","3,906.21","","-1.07%"
"2022- 09- 01","3,966.85","3,936.73","3,970.23","3,903.65","","0.30%"
"2022- 08- 31","3,955.00","4,000.67","4,015.37","3,954.53","","-0.78%"
"2022- 08- 30","3,986.16","4,041.25","4,044.98","3,965.21","","-1.10%"
"2022- 08- 29","4,030.61","4,034.58","4,062.99","4,017.42","","-0.67%"
"2022- 08- 26","4,057.66","4,198.74","4,203.04","4,057.66","","-3.37%"
"2022- 08- 25","4,199.12","4,153.26","4,200.54","4,147.59","","1.41%"
"2022- 08- 24","4,140.77","4,126.55","4,156.56","4,119.97","","0.29%"
"2022- 08- 23","4,128.73","4,133.09","4,159.77","4,124.03","","-0.22%"
"2022- 08- 22","4,137.99","4,195.08","4,195.08","4,129.86","","-2.14%"
"2022- 08- 19","4,228.48","4,266.31","4,266.31","4,218.70","","-1.29%"
"2022- 08- 18","4,283.74","4,273.13","4,292.53","4,261.98","","0.23%"
"2022- 08- 17","4,274.04","4,280.40","4,302.18","4,253.08","","-0.72%"
"2022- 08- 16","4,305.20","4,290.46","4,325.28","4,277.77","","0.19%"
"2022- 08- 15","4,297.14","4,269.37","4,301.79","4,256.90","","0.40%"
"2022- 08- 12","4,280.15","4,225.02","4,280.47","4,219.78","","1.73%"
"2022- 08- 11","4,207.27","4,227.40","4,257.91","4,201.41","","-0.07%"
"2022- 08- 10","4,210.24","4,181.02","4,211.03","4,177.26","","2.13%"
"2022- 08- 09","4,122.47","4,133.11","4,137.30","4,112.09","","-0.42%"
"2022- 08- 08","4,140.06","4,155.93","4,186.62","4,128.97","","-0.12%"
"2022- 08- 05","4,145.19","4,115.87","4,151.58","4,107.31","","-0.16%"
"2022- 08- 04","4,151.94","4,154.85","4,161.29","4,135.42","","-0.08%"
"2022- 08- 03","4,155.17","4,107.96","4,167.66","4,107.96","","1.56%"
"2022- 08- 02","4,091.19","4,104.21","4,140.47","4,079.81","","-0.67%"
"2022- 08- 01","4,118.63","4,112.38","4,144.95","4,096.02","","-0.28%"
"2022- 07- 29","4,130.29","4,087.33","4,140.15","4,079.22","","1.42%"
"2022- 07- 28","4,072.43","4,026.13","4,078.95","3,992.97","","1.21%"
"2022- 07- 27","4,023.61","3,951.43","4,039.56","3,951.43","","2.62%"
"2022- 07- 26","3,921.05","3,953.22","3,953.22","3,910.74","","-1.15%"
"2022- 07- 25","3,966.84","3,965.72","3,975.30","3,943.46","","0.13%"
"2022- 07- 22","3,961.63","3,998.43","4,012.44","3,938.86","","-0.93%"
"2022- 07- 21","3,998.95","3,955.47","3,999.29","3,927.64","","0.99%"
"2022- 07- 20","3,959.90","3,935.32","3,974.13","3,922.03","","0.59%"
"2022- 07- 19","3,936.69","3,860.73","3,939.81","3,860.73","","2.76%"
"2022- 07- 18","3,830.85","3,883.79","3,902.44","3,818.63","","-0.84%"
"2022- 07- 15","3,863.16","3,818.00","3,863.62","3,817.18","","1.92%"
"2022- 07- 14","3,790.38","3,763.99","3,796.41","3,721.56","","-0.30%"
"2022- 07- 13","3,801.78","3,779.67","3,829.44","3,759.07","","-0.45%"
"2022- 07- 12","3,818.80","3,851.95","3,873.41","3,802.36","","-0.92%"
"2022- 07- 11","3,854.43","3,880.94","3,880.94","3,847.22","","-1.15%"
"2022- 07- 08","3,899.38","3,888.26","3,918.50","3,869.34","","-0.08%"
"2022- 07- 07","3,902.62","3,858.85","3,910.63","3,858.85","","1.50%"
"2022- 07- 06","3,845.08","3,831.98","3,870.91","3,809.37","","0.36%"
"2022- 07- 05","3,831.39","3,792.61","3,832.19","3,742.06","","0.16%"
"2022- 07- 01","3,825.33","3,781.00","3,829.82","3,752.10","","1.06%"
"2022- 06- 30","3,785.38","3,785.99","3,818.99","3,738.67","","-0.88%"
"2022- 06- 29","3,818.83","3,825.09","3,836.50","3,799.02","","-0.07%"
"2022- 06- 28","3,821.55","3,913.00","3,945.86","3,820.14","","-2.01%"
"2022- 06- 27","3,900.11","3,920.76","3,927.72","3,889.66","","-0.30%"
"2022- 06- 24","3,911.74","3,821.75","3,913.65","3,821.75","","3.06%"
"2022- 06- 23","3,795.73","3,774.71","3,802.58","3,743.52","","0.95%"
"2022- 06- 22","3,759.89","3,733.89","3,801.79","3,717.69","","-0.13%"
"2022- 06- 21","3,764.79","3,715.31","3,779.65","3,715.31","","2.45%"
"2022- 06- 17","3,674.84","3,665.90","3,707.71","3,636.87","","0.22%"
"2022- 06- 16","3,666.77","3,728.18","3,728.18","3,639.77","","-3.25%"
"2022- 06- 15","3,789.99","3,764.05","3,837.56","3,722.30","","1.46%"
"2022- 06- 14","3,735.48","3,763.52","3,778.18","3,705.68","","-0.38%"
"2022- 06- 13","3,749.63","3,838.15","3,838.15","3,734.30","","-3.88%"
"2022- 06- 10","3,900.86","3,974.39","3,974.39","3,900.16","","-2.91%"
"2022- 06- 09","4,017.82","4,101.65","4,119.10","4,017.17","","-2.38%"
"2022- 06- 08","4,115.77","4,147.12","4,160.14","4,107.20","","-1.08%"
"2022- 06- 07","4,160.68","4,096.47","4,164.86","4,080.19","","0.95%"
"2022- 06- 06","4,121.43","4,134.72","4,168.78","4,109.18","","0.31%"
"2022- 06- 03","4,108.54","4,137.57","4,142.67","4,098.67","","-1.63%"
"2022- 06- 02","4,176.82","4,095.41","4,177.51","4,074.37","","1.84%"
"2022- 06- 01","4,101.23","4,149.78","4,166.54","4,073.85","","-0.75%"
"2022- 05- 31","4,132.15","4,151.09","4,168.34","4,104.88","","-0.63%"
"2022- 05- 27","4,158.24","4,077.43","4,158.49","4,077.43","","2.47%"
"2022- 05- 26","4,057.84","3,984.60","4,075.14","3,984.60","","1.99%"
"2022- 05- 25","3,978.73","3,929.59","3,999.33","3,925.03","","0.95%"
"2022- 05- 24","3,941.48","3,942.94","3,955.68","3,875.13","","-0.81%"
"2022- 05- 23","3,973.75","3,919.42","3,981.88","3,909.04","","1.86%"
"2022- 05- 20","3,901.36","3,927.76","3,943.42","3,810.32","","0.01%"
"2022- 05- 19","3,900.79","3,899.00","3,945.96","3,876.58","","-0.58%"
"2022- 05- 18","3,923.68","4,051.98","4,051.98","3,911.91","","-4.04%"
"2022- 05- 17","4,088.85","4,052.00","4,090.72","4,033.93","","2.02%"
"2022- 05- 16","4,008.01","4,013.02","4,046.46","3,983.99","","-0.39%"
"2022- 05- 13","4,023.89","3,963.90","4,038.88","3,963.90","","2.39%"
"2022- 05- 12","3,930.08","3,903.95","3,964.80","3,858.87","","-0.13%"
"2022- 05- 11","3,935.18","3,990.08","4,049.09","3,928.82","","-1.65%"
"2022- 05- 10","4,001.05","4,035.18","4,068.82","3,958.17","","0.25%"
"2022- 05- 09","3,991.24","4,081.27","4,081.27","3,975.48","","-3.20%"
"2022- 05- 06","4,123.34","4,128.17","4,157.69","4,067.91","","-0.70%"
"2022- 05- 05","4,152.38","4,255.50","4,256.39","4,105.51","","-3.44%"
"2022- 05- 04","4,300.17","4,181.18","4,307.66","4,148.91","","2.99%"
"2022- 05- 03","4,175.48","4,159.78","4,200.10","4,147.08","","0.48%"
"2022- 05- 02","4,155.38","4,130.61","4,169.81","4,062.51","","0.57%"
"2022- 04- 29","4,131.93","4,253.75","4,269.68","4,124.28","","-3.63%"
"2022- 04- 28","4,287.50","4,222.58","4,308.45","4,188.63","","2.47%"
"2022- 04- 27","4,183.96","4,186.52","4,240.71","4,162.90","","0.21%"
"2022- 04- 26","4,175.20","4,278.14","4,278.14","4,175.04","","-2.81%"
"2022- 04- 25","4,296.12","4,255.34","4,299.02","4,200.82","","0.57%"
"2022- 04- 22","4,271.78","4,385.83","4,385.83","4,267.62","","-2.77%"
"2022- 04- 21","4,393.66","4,489.17","4,512.94","4,384.47","","-1.48%"
"2022- 04- 20","4,459.45","4,472.26","4,488.29","4,448.76","","-0.06%"
"2022- 04- 19","4,462.21","4,390.63","4,471.03","4,390.63","","1.61%"
"2022- 04- 18","4,391.69","4,385.63","4,410.31","4,370.30","","-0.02%"
"2022- 04- 14","4,392.59","4,449.12","4,460.46","4,390.77","","-1.21%"
"2022- 04- 13","4,446.59","4,394.30","4,453.92","4,392.70","","1.12%"
"2022- 04- 12","4,397.45","4,437.59","4,471.00","4,381.34","","-0.34%"
"2022- 04- 11","4,412.53","4,462.64","4,464.35","4,408.38","","-1.69%"
"2022- 04- 08","4,488.28","4,494.15","4,520.41","4,474.60","","-0.27%"
"2022- 04- 07","4,500.21","4,474.65","4,521.16","4,450.30","","0.43%"
"2022- 04- 06","4,481.15","4,494.17","4,503.94","4,450.04","","-0.97%"
"2022- 04- 05","4,525.12","4,572.45","4,593.45","4,514.17","","-1.26%"
"2022- 04- 04","4,582.64","4,547.97","4,583.50","4,539.21","","0.81%"
"2022- 04- 01","4,545.86","4,540.32","4,548.70","4,507.57","","0.34%"
"2022- 03- 31","4,530.41","4,599.02","4,603.07","4,530.41","","-1.57%"
"2022- 03- 30","4,602.45","4,624.20","4,627.77","4,581.32","","-0.63%"
"2022- 03- 29","4,631.60","4,602.86","4,637.30","4,589.66","","1.23%"
"2022- 03- 28","4,575.52","4,541.09","4,575.65","4,517.69","","0.71%"
"2022- 03- 25","4,543.04","4,522.91","4,546.03","4,501.07","","0.51%"
"2022- 03- 24","4,520.16","4,469.98","4,520.58","4,465.17","","1.43%"
"2022- 03- 23","4,456.23","4,493.10","4,501.07","4,455.81","","-1.23%"
"2022- 03- 22","4,511.61","4,469.10","4,522.00","4,469.10","","1.13%"
"2022- 03- 21","4,461.18","4,462.40","4,481.75","4,424.30","","-0.04%"
"2022- 03- 18","4,463.09","4,407.34","4,465.40","4,390.57","","1.17%"
"2022- 03- 17","4,411.67","4,345.11","4,412.67","4,335.65","","1.23%"
"2022- 03- 16","4,357.95","4,288.14","4,358.90","4,251.99","","2.24%"
"2022- 03- 15","4,262.45","4,188.82","4,271.05","4,187.90","","2.14%"
"2022- 03- 14","4,173.11","4,202.75","4,247.57","4,161.72","","-0.74%"
"2022- 03- 11","4,204.31","4,279.50","4,291.01","4,200.49","","-1.30%"
"2022- 03- 10","4,259.52","4,252.55","4,268.28","4,209.80","","-0.43%"
"2022- 03- 09","4,277.88","4,223.10","4,299.40","4,223.10","","2.57%"
"2022- 03- 08","4,170.62","4,202.66","4,276.94","4,157.87","","-0.73%"
"2022- 03- 07","4,201.09","4,327.01","4,327.01","4,199.85","","-2.95%"
"2022- 03- 04","4,328.87","4,342.12","4,342.12","4,284.98","","-0.79%"
"2022- 03- 03","4,363.49","4,401.31","4,416.78","4,350.37","","-0.53%"
"2022- 03- 02","4,386.54","4,322.56","4,401.48","4,322.56","","1.86%"
"2022- 03- 01","4,306.26","4,363.14","4,378.45","4,279.54","","-1.54%"
"2022- 02- 28","4,373.79","4,354.17","4,388.84","4,315.12","","-0.25%"
"2022- 02- 25","4,384.62","4,298.38","4,385.34","4,286.83","","2.24%"
"2022- 02- 24","4,288.70","4,155.77","4,294.73","4,114.65","","1.50%"
"2022- 02- 23","4,225.50","4,324.93","4,341.51","4,221.51","","-1.84%"
"2022- 02- 22","4,304.74","4,332.74","4,362.12","4,267.11","","-1.01%"
"2022- 02- 18","4,348.87","4,384.57","4,394.60","4,327.22","","-0.72%"
"2022- 02- 17","4,380.26","4,456.06","4,456.06","4,373.81","","-2.12%"
"2022- 02- 16","4,475.01","4,455.75","4,489.55","4,429.68","","0.09%"
"2022- 02- 15","4,471.07","4,429.28","4,472.77","4,429.28","","1.58%"
"2022- 02- 14","4,401.67","4,412.61","4,426.22","4,364.84","","-0.38%"
"2022- 02- 11","4,418.64","4,506.27","4,526.33","4,401.41","","-1.90%"
"2022- 02- 10","4,504.06","4,553.24","4,588.92","4,484.31","","-1.81%"
"2022- 02- 09","4,587.18","4,547.00","4,590.03","4,547.00","","1.45%"
"2022- 02- 08","4,521.54","4,480.02","4,531.32","4,465.40","","0.84%"
"2022- 02- 07","4,483.87","4,505.75","4,521.86","4,471.47","","-0.37%"
"2022- 02- 04","4,500.54","4,482.79","4,539.66","4,451.50","","0.52%"
"2022- 02- 03","4,477.44","4,535.41","4,542.88","4,470.39","","-2.44%"
"2022- 02- 02","4,589.32","4,566.39","4,595.31","4,544.32","","0.94%"
"2022- 02- 01","4,546.54","4,519.57","4,550.49","4,483.53","","0.69%"
"2022- 01- 31","4,515.55","4,431.79","4,516.89","4,414.02","","1.89%"
"2022- 01- 28","4,431.85","4,336.19","4,432.72","4,292.46","","2.43%"
"2022- 01- 27","4,326.50","4,380.58","4,428.74","4,309.50","","-0.54%"
"2022- 01- 26","4,349.93","4,408.43","4,453.23","4,304.80","","-0.15%"
"2022- 01- 25","4,356.45","4,366.64","4,411.01","4,287.11","","-1.22%"
"2022- 01- 24","4,410.13","4,356.32","4,417.35","4,222.62","","0.28%"
"2022- 01- 21","4,397.93","4,471.38","4,494.52","4,395.34","","-1.89%"
"2022- 01- 20","4,482.73","4,547.35","4,602.11","4,477.95","","-1.10%"
"2022- 01- 19","4,532.76","4,588.03","4,611.55","4,530.20","","-0.97%"
"2022- 01- 18","4,577.34","4,632.24","4,632.24","4,568.70","","-1.83%"
"2022- 01- 14","4,662.85","4,637.99","4,665.13","4,614.75","","0.08%"
"2022- 01- 13","4,659.02","4,733.56","4,744.13","4,650.29","","-1.42%"
"2022- 01- 12","4,726.35","4,728.59","4,748.83","4,706.71","","0.28%"
"2022- 01- 11","4,713.07","4,669.14","4,714.13","4,638.27","","0.92%"
"2022- 01- 10","4,670.29","4,655.34","4,673.02","4,582.24","","-0.14%"
"2022- 01- 07","4,677.02","4,697.66","4,707.95","4,662.74","","-0.41%"
"2022- 01- 06","4,696.05","4,693.39","4,725.01","4,671.26","","-0.10%"
"2022- 01- 05","4,700.58","4,787.99","4,797.70","4,699.44","","-1.94%"
"2022- 01- 04","4,793.54","4,804.51","4,818.62","4,774.27","","-0.06%"
"2022- 01- 03","4,796.56","4,778.14","4,796.64","4,758.17","","0.64%"
"2021- 12- 31","4,766.18","4,775.21","4,786.83","4,765.75","","-0.26%"
"2021- 12- 30","4,778.73","4,794.23","4,808.93","4,775.33","","-0.30%"
"2021- 12- 29","4,793.06","4,788.64","4,804.06","4,778.08","","0.14%"
"2021- 12- 28","4,786.36","4,795.49","4,807.02","4,780.04","","-0.10%"
"2021- 12- 27","4,791.19","4,733.99","4,791.49","4,733.99","","1.38%"
"2021- 12- 23","4,725.78","4,703.96","4,740.74","4,703.96","","0.62%"
"2021- 12- 22","4,696.56","4,650.36","4,697.67","4,645.53","","1.02%"
"2021- 12- 21","4,649.23","4,594.96","4,651.14","4,583.16","","1.78%"
"2021- 12- 20","4,568.02","4,587.90","4,587.90","4,531.10","","-1.14%"
"2021- 12- 17","4,620.64","4,652.50","4,666.70","4,600.22","","-1.03%"
"2021- 12- 16","4,668.67","4,719.13","4,731.99","4,651.89","","-0.87%"
"2021- 12- 15","4,709.84","4,636.46","4,712.60","4,611.22","","1.63%"
"2021- 12- 14","4,634.09","4,642.99","4,660.47","4,606.52","","-0.75%"
"2021- 12- 13","4,669.15","4,710.30","4,710.30","4,667.60","","-0.91%"
"2021- 12- 10","4,712.02","4,687.64","4,713.57","4,670.24","","0.95%"
"2021- 12- 09","4,667.45","4,691.00","4,695.26","4,665.98","","-0.72%"
"2021- 12- 08","4,701.21","4,690.86","4,705.06","4,674.52","","0.31%"
"2021- 12- 07","4,686.75","4,631.97","4,694.04","4,631.97","","2.07%"
"2021- 12- 06","4,591.67","4,548.37","4,612.60","4,540.51","","1.17%"
"2021- 12- 03","4,538.43","4,589.49","4,608.03","4,495.12","","-0.84%"
"2021- 12- 02","4,577.10","4,504.73","4,595.46","4,504.73","","1.42%"
"2021- 12- 01","4,513.04","4,602.82","4,652.94","4,510.27","","-1.18%"
"2021- 11- 30","4,567.00","4,640.25","4,646.02","4,560.00","","-1.90%"
"2021- 11- 29","4,655.27","4,628.75","4,672.95","4,625.26","","1.32%"
"2021- 11- 26","4,594.62","4,664.63","4,664.63","4,585.43","","-2.27%"
"2021- 11- 24","4,701.46","4,675.78","4,702.87","4,659.89","","0.23%"
"2021- 11- 23","4,690.70","4,678.48","4,699.39","4,652.66","","0.17%"
"2021- 11- 22","4,682.95","4,712.00","4,743.83","4,682.17","","-0.32%"
"2021- 11- 19","4,697.96","4,708.44","4,717.75","4,694.22","","-0.18%"
"2021- 11- 18","4,706.64","4,700.72","4,708.75","4,672.78","","0.38%"
"2021- 11- 17","4,688.67","4,701.50","4,701.50","4,684.41","","-0.26%"
"2021- 11- 16","4,700.90","4,679.42","4,714.95","4,679.42","","0.39%"
"2021- 11- 15","4,682.81","4,689.30","4,697.42","4,672.86","","0.00%"
"2021- 11- 12","4,682.85","4,655.24","4,688.47","4,650.77","","0.72%"
"2021- 11- 11","4,649.27","4,659.39","4,664.55","4,648.31","","0.06%"
"2021- 11- 10","4,646.71","4,670.26","4,684.85","4,630.86","","-0.82%"
"2021- 11- 09","4,685.25","4,707.25","4,708.53","4,670.87","","-0.35%"
"2021- 11- 08","4,701.70","4,701.48","4,714.92","4,694.39","","0.09%"
"2021- 11- 05","4,697.53","4,699.26","4,718.50","4,681.32","","0.37%"
"2021- 11- 04","4,680.06","4,662.93","4,683.00","4,662.59","","0.42%"
"2021- 11- 03","4,660.57","4,630.65","4,663.46","4,621.19","","0.65%"
"2021- 11- 02","4,630.65","4,613.34","4,635.15","4,613.34","","0.37%"
"2021- 11- 01","4,613.67","4,610.62","4,620.34","4,595.06","","0.18%"
"2021- 10- 29","4,605.38","4,572.87","4,608.08","4,567.59","","0.19%"
"2021- 10- 28","4,596.42","4,562.84","4,597.55","4,562.84","","0.98%"
"2021- 10- 27","4,551.68","4,580.22","4,584.57","4,551.66","","-0.51%"
"2021- 10- 26","4,574.79","4,578.69","4,598.53","4,569.17","","0.18%"
"2021- 10- 25","4,566.48","4,553.69","4,572.62","4,537.36","","0.47%"
"2021- 10- 22","4,544.90","4,546.12","4,559.67","4,524.00","","-0.11%"
"2021- 10- 21","4,549.78","4,532.24","4,551.44","4,526.89","","0.30%"
"2021- 10- 20","4,536.19","4,524.42","4,540.87","4,524.40","","0.37%"
"2021- 10- 19","4,519.63","4,497.34","4,520.40","4,496.41","","0.74%"
"2021- 10- 18","4,486.48","4,463.72","4,488.75","4,447.47","","0.34%"
"2021- 10- 15","4,471.37","4,447.69","4,475.82","4,447.69","","0.75%"
"2021- 10- 14","4,438.23","4,386.75","4,439.73","4,386.75","","1.71%"
"2021- 10- 13","4,363.80","4,358.01","4,372.87","4,329.92","","0.30%"
"2021- 10- 12","4,350.64","4,368.31","4,374.89","4,342.09","","-0.24%"
"2021- 10- 11","4,361.19","4,385.44","4,415.88","4,360.59","","-0.69%"
"2021- 10- 08","4,391.36","4,406.51","4,412.02","4,386.22","","-0.19%"
"2021- 10- 07","4,399.76","4,383.73","4,429.97","4,383.73","","0.83%"
"2021- 10- 06","4,363.55","4,319.57","4,365.57","4,290.49","","0.41%"
"2021- 10- 05","4,345.72","4,309.87","4,369.23","4,309.87","","1.05%"
"2021- 10- 04","4,300.46","4,348.84","4,355.51","4,278.94","","-1.30%"
"2021- 10- 01","4,357.05","4,317.16","4,375.19","4,288.52","","1.15%"
"2021- 09- 30","4,307.54","4,370.67","4,382.55","4,306.24","","-1.19%"
"2021- 09- 29","4,359.46","4,362.41","4,385.57","4,355.08","","0.16%"
"2021- 09- 28","4,352.63","4,419.54","4,419.54","4,346.33","","-2.04%"
"2021- 09- 27","4,443.11","4,442.12","4,457.30","4,436.19","","-0.28%"
"2021- 09- 24","4,455.48","4,438.04","4,463.12","4,430.27","","0.15%"
"2021- 09- 23","4,448.98","4,406.75","4,465.40","4,406.75","","1.21%"
"2021- 09- 22","4,395.64","4,367.43","4,416.75","4,367.43","","0.95%"
"2021- 09- 21","4,354.18","4,374.45","4,394.87","4,347.96","","-0.08%"
"2021- 09- 20","4,357.73","4,402.95","4,402.95","4,305.91","","-1.70%"
"2021- 09- 17","4,432.99","4,469.74","4,471.52","4,427.76","","-0.91%"
"2021- 09- 16","4,473.76","4,477.09","4,485.87","4,443.80","","-0.15%"
"2021- 09- 15","4,480.70","4,447.49","4,486.87","4,438.37","","0.85%"
"2021- 09- 14","4,443.05","4,479.33","4,485.68","4,435.46","","-0.57%"
"2021- 09- 13","4,468.73","4,474.81","4,492.99","4,445.70","","0.23%"
"2021- 09- 10","4,458.58","4,506.92","4,520.47","4,457.66","","-0.77%"
"2021- 09- 09","4,493.28","4,513.02","4,529.90","4,492.07","","-0.46%"
"2021- 09- 08","4,514.07","4,518.09","4,521.79","4,493.95","","-0.13%"
"2021- 09- 07","4,520.03","4,535.38","4,535.38","4,513.00","","-0.34%"
"2021- 09- 03","4,535.43","4,532.42","4,541.45","4,521.30","","-0.03%"
"2021- 09- 02","4,536.95","4,534.48","4,545.85","4,524.66","","0.28%"
"2021- 09- 01","4,524.09","4,528.80","4,537.11","4,522.02","","0.03%"
"2021- 08- 31","4,522.68","4,529.75","4,531.39","4,515.80","","-0.13%"
"2021- 08- 30","4,528.79","4,513.76","4,537.36","4,513.76","","0.43%"
"2021- 08- 27","4,509.37","4,474.10","4,513.33","4,474.10","","0.88%"
"2021- 08- 26","4,469.91","4,493.75","4,495.90","4,468.99","","-0.58%"
"2021- 08- 25","4,496.19","4,490.45","4,501.71","4,485.66","","0.22%"
"2021- 08- 24","4,486.23","4,484.40","4,492.81","4,482.28","","0.15%"
"2021- 08- 23","4,479.54","4,450.29","4,489.88","4,450.29","","0.85%"
"2021- 08- 20","4,441.67","4,410.56","4,444.35","4,406.80","","0.81%"
"2021- 08- 19","4,405.80","4,382.44","4,418.61","4,367.73","","0.13%"
"2021- 08- 18","4,400.27","4,440.94","4,454.32","4,397.59","","-1.07%"
"2021- 08- 17","4,448.08","4,462.12","4,462.12","4,417.83","","-0.70%"
"2021- 08- 16","4,479.66","4,461.65","4,480.26","4,437.66","","0.26%"
"2021- 08- 13","4,468.00","4,464.84","4,468.37","4,460.82","","0.16%"
"2021- 08- 12","4,460.84","4,446.08","4,461.77","4,435.96","","0.30%"
"2021- 08- 11","4,447.70","4,442.18","4,449.44","4,436.42","","0.25%"
"2021- 08- 10","4,436.75","4,435.79","4,445.21","4,430.03","","0.10%"
"2021- 08- 09","4,432.35","4,437.77","4,439.39","4,424.74","","-0.09%"
"2021- 08- 06","4,436.52","4,429.07","4,440.82","4,429.07","","0.17%"
"2021- 08- 05","4,429.10","4,408.86","4,429.76","4,408.86","","0.60%"
"2021- 08- 04","4,402.68","4,415.95","4,416.17","4,400.23","","-0.46%"
"2021- 08- 03","4,423.15","4,392.74","4,423.79","4,373.00","","0.82%"
"2021- 08- 02","4,387.11","4,406.86","4,422.18","4,384.81","","-0.19%"
"2021- 07- 30","4,395.26","4,395.12","4,412.25","4,389.65","","-0.54%"
"2021- 07- 29","4,419.15","4,403.59","4,429.97","4,403.59","","0.42%"
"2021- 07- 28","4,400.65","4,402.95","4,415.47","4,387.01","","-0.02%"
"2021- 07- 27","4,401.46","4,416.38","4,416.38","4,372.51","","-0.47%"
"2021- 07- 26","4,422.23","4,409.58","4,422.73","4,405.45","","0.24%"
"2021- 07- 23","4,411.80","4,381.20","4,415.18","4,381.20","","1.01%"
"2021- 07- 22","4,367.48","4,361.27","4,369.31","4,350.06","","0.20%"
"2021- 07- 21","4,358.69","4,331.13","4,359.70","4,331.13","","0.82%"
"2021- 07- 20","4,323.21","4,265.11","4,336.84","4,262.05","","1.52%"
"2021- 07- 19","4,258.63","4,296.40","4,296.40","4,233.13","","-1.58%"
"2021- 07- 16","4,327.16","4,367.43","4,375.09","4,322.53","","-0.75%"
"2021- 07- 15","4,360.03","4,369.02","4,369.02","4,340.70","","-0.33%"
"2021- 07- 14","4,374.30","4,380.11","4,393.68","4,362.36","","0.12%"
"2021- 07- 13","4,369.21","4,381.07","4,392.37","4,366.92","","-0.35%"
"2021- 07- 12","4,384.63","4,372.41","4,386.68","4,364.03","","0.35%"
"2021- 07- 09","4,369.55","4,329.38","4,371.60","4,329.38","","1.13%"
"2021- 07- 08","4,320.82","4,321.07","4,330.88","4,289.37","","-0.86%"
"2021- 07- 07","4,358.13","4,351.01","4,361.88","4,329.79","","0.34%"
"2021- 07- 06","4,343.54","4,356.46","4,356.46","4,314.37","","-0.20%"
"2021- 07- 02","4,352.34","4,326.60","4,355.43","4,326.60","","0.75%"
"2021- 07- 01","4,319.94","4,300.73","4,320.66","4,300.73","","0.52%"
"2021- 06- 30","4,297.50","4,290.65","4,302.43","4,287.96","","0.13%"
"2021- 06- 29","4,291.80","4,293.21","4,300.52","4,287.04","","0.03%"
"2021- 06- 28","4,290.61","4,284.90","4,292.14","4,274.67","","0.23%"
"2021- 06- 25","4,280.70","4,274.45","4,286.12","4,271.16","","0.33%"
"2021- 06- 24","4,266.49","4,256.97","4,271.28","4,256.97","","0.58%"
"2021- 06- 23","4,241.84","4,249.27","4,256.60","4,241.43","","-0.11%"
"2021- 06- 22","4,246.44","4,224.61","4,255.84","4,217.27","","0.51%"
"2021- 06- 21","4,224.79","4,173.40","4,226.24","4,173.40","","1.40%"
"2021- 06- 18","4,166.45","4,204.78","4,204.78","4,164.40","","-1.31%"
"2021- 06- 17","4,221.86","4,220.37","4,232.29","4,196.05","","-0.04%"
"2021- 06- 16","4,223.70","4,248.87","4,251.89","4,202.45","","-0.54%"
"2021- 06- 15","4,246.59","4,255.28","4,257.16","4,238.35","","-0.20%"
"2021- 06- 14","4,255.15","4,248.31","4,255.59","4,234.07","","0.18%"
"2021- 06- 11","4,247.44","4,242.90","4,248.38","4,232.25","","0.19%"
"2021- 06- 10","4,239.18","4,228.56","4,249.74","4,220.34","","0.47%"
"2021- 06- 09","4,219.55","4,232.99","4,237.09","4,218.74","","-0.18%"
"2021- 06- 08","4,227.26","4,233.81","4,236.74","4,208.41","","0.02%"
"2021- 06- 07","4,226.52","4,229.34","4,232.34","4,215.66","","-0.08%"
"2021- 06- 04","4,229.89","4,206.05","4,233.45","4,206.05","","0.88%"
"2021- 06- 03","4,192.85","4,191.43","4,204.39","4,167.93","","-0.36%"
"2021- 06- 02","4,208.12","4,206.82","4,217.37","4,198.27","","0.14%"
"2021- 06- 01","4,202.04","4,216.52","4,234.12","4,197.59","","-0.05%"
"2021- 05- 28","4,204.11","4,210.77","4,218.36","4,203.57","","0.08%"
"2021- 05- 27","4,200.88","4,201.94","4,213.38","4,197.78","","0.12%"
"2021- 05- 26","4,195.99","4,191.59","4,202.61","4,184.11","","0.19%"
"2021- 05- 25","4,188.13","4,205.94","4,213.42","4,182.52","","-0.21%"
"2021- 05- 24","4,197.05","4,170.16","4,209.52","4,170.16","","0.99%"
"2021- 05- 21","4,155.86","4,168.61","4,188.72","4,151.72","","-0.08%"
"2021- 05- 20","4,159.12","4,121.97","4,172.80","4,121.97","","1.06%"
"2021- 05- 19","4,115.68","4,098.45","4,116.93","4,061.41","","-0.29%"
"2021- 05- 18","4,127.83","4,165.94","4,169.15","4,125.99","","-0.85%"
"2021- 05- 17","4,163.29","4,169.92","4,171.92","4,142.69","","-0.25%"
"2021- 05- 14","4,173.85","4,129.58","4,183.13","4,129.58","","1.49%"
"2021- 05- 13","4,112.50","4,074.99","4,131.58","4,074.99","","1.22%"
"2021- 05- 12","4,063.04","4,130.55","4,134.73","4,056.88","","-2.14%"
"2021- 05- 11","4,152.10","4,150.34","4,162.04","4,111.53","","-0.87%"
"2021- 05- 10","4,188.43","4,228.29","4,236.39","4,188.13","","-1.04%"
"2021- 05- 07","4,232.60","4,210.34","4,238.04","4,201.64","","0.74%"
"2021- 05- 06","4,201.62","4,169.14","4,202.70","4,147.33","","0.82%"
"2021- 05- 05","4,167.59","4,177.06","4,187.72","4,160.94","","0.07%"
"2021- 05- 04","4,164.66","4,179.04","4,179.04","4,128.59","","-0.67%"
"2021- 05- 03","4,192.66","4,191.98","4,209.39","4,188.03","","0.27%"
"2021- 04- 30","4,181.17","4,198.10","4,198.10","4,174.85","","-0.72%"
"2021- 04- 29","4,211.47","4,206.14","4,218.78","4,176.81","","0.68%"
"2021- 04- 28","4,183.18","4,185.14","4,201.53","4,181.78","","-0.08%"
"2021- 04- 27","4,186.72","4,188.25","4,193.35","4,176.22","","-0.02%"
"2021- 04- 26","4,187.62","4,185.03","4,194.19","4,182.36","","0.18%"
"2021- 04- 23","4,180.17","4,138.78","4,194.17","4,138.78","","1.09%"
"2021- 04- 22","4,134.98","4,170.46","4,179.57","4,123.69","","-0.92%"
"2021- 04- 21","4,173.42","4,128.42","4,175.02","4,126.35","","0.93%"
"2021- 04- 20","4,134.94","4,159.18","4,159.18","4,118.38","","-0.68%"
"2021- 04- 19","4,163.26","4,179.80","4,180.81","4,150.47","","-0.53%"
"2021- 04- 16","4,185.47","4,174.14","4,191.31","4,170.75","","0.36%"
"2021- 04- 15","4,170.42","4,139.76","4,173.49","4,139.76","","1.11%"
"2021- 04- 14","4,124.66","4,141.58","4,151.69","4,120.87","","-0.41%"
"2021- 04- 13","4,141.59","4,130.10","4,148.00","4,124.43","","0.33%"
"2021- 04- 12","4,127.99","4,124.71","4,131.76","4,114.82","","-0.02%"
"2021- 04- 09","4,128.80","4,096.11","4,129.48","4,095.51","","0.77%"
"2021- 04- 08","4,097.17","4,089.95","4,098.19","4,082.54","","0.42%"
"2021- 04- 07","4,079.95","4,074.29","4,083.13","4,068.31","","0.15%"
"2021- 04- 06","4,073.94","4,075.57","4,086.23","4,068.14","","-0.10%"
"2021- 04- 05","4,077.91","4,034.44","4,083.42","4,034.44","","1.44%"
"2021- 04- 01","4,019.87","3,992.78","4,020.63","3,992.78","","1.18%"
"2021- 03- 31","3,972.89","3,967.25","3,994.41","3,966.98","","0.36%"
"2021- 03- 30","3,958.55","3,963.34","3,968.01","3,944.35","","-0.32%"
"2021- 03- 29","3,971.09","3,969.31","3,981.83","3,943.25","","-0.09%"
"2021- 03- 26","3,974.54","3,917.12","3,978.19","3,917.12","","1.66%"
"2021- 03- 25","3,909.52","3,879.34","3,919.54","3,853.50","","0.52%"
"2021- 03- 24","3,889.14","3,919.93","3,942.08","3,889.07","","-0.55%"
"2021- 03- 23","3,910.52","3,937.60","3,949.13","3,901.57","","-0.76%"
"2021- 03- 22","3,940.59","3,916.48","3,955.31","3,914.16","","0.70%"
"2021- 03- 19","3,913.10","3,913.14","3,930.12","3,886.75","","-0.06%"
"2021- 03- 18","3,915.46","3,953.50","3,969.62","3,910.86","","-1.48%"
"2021- 03- 17","3,974.12","3,949.57","3,983.87","3,935.74","","0.29%"
"2021- 03- 16","3,962.71","3,973.59","3,981.04","3,953.44","","-0.16%"
"2021- 03- 15","3,968.94","3,942.96","3,970.08","3,923.54","","0.65%"
"2021- 03- 12","3,943.34","3,924.52","3,944.99","3,915.21","","0.10%"
"2021- 03- 11","3,939.34","3,915.54","3,960.27","3,915.54","","1.04%"
"2021- 03- 10","3,898.81","3,891.99","3,917.35","3,885.73","","0.60%"
"2021- 03- 09","3,875.44","3,851.93","3,903.76","3,851.93","","1.42%"
"2021- 03- 08","3,821.35","3,844.39","3,881.06","3,819.25","","-0.54%"
"2021- 03- 05","3,841.94","3,793.58","3,851.69","3,730.19","","1.95%"
"2021- 03- 04","3,768.47","3,818.53","3,843.67","3,723.34","","-1.34%"
"2021- 03- 03","3,819.72","3,863.99","3,874.47","3,818.86","","-1.31%"
"2021- 03- 02","3,870.29","3,903.64","3,906.41","3,868.57","","-0.81%"
"2021- 03- 01","3,901.82","3,842.51","3,914.50","3,842.51","","2.38%"
"2021- 02- 26","3,811.15","3,839.66","3,861.08","3,789.54","","-0.48%"
"2021- 02- 25","3,829.34","3,915.80","3,925.02","3,814.04","","-2.45%"
"2021- 02- 24","3,925.43","3,873.71","3,928.65","3,859.60","","1.14%"
"2021- 02- 23","3,881.37","3,857.07","3,895.98","3,805.59","","0.13%"
"2021- 02- 22","3,876.50","3,885.55","3,902.92","3,874.71","","-0.77%"
"2021- 02- 19","3,906.71","3,921.16","3,930.41","3,903.07","","-0.19%"
"2021- 02- 18","3,913.97","3,915.86","3,921.98","3,885.03","","-0.44%"
"2021- 02- 17","3,931.33","3,918.50","3,933.61","3,900.43","","-0.03%"
"2021- 02- 16","3,932.59","3,939.61","3,950.43","3,923.85","","-0.06%"
"2021- 02- 12","3,934.83","3,911.65","3,937.23","3,905.78","","0.47%"
"2021- 02- 11","3,916.38","3,916.40","3,925.99","3,890.39","","0.17%"
"2021- 02- 10","3,909.88","3,920.78","3,931.50","3,884.94","","-0.03%"
"2021- 02- 09","3,911.23","3,910.49","3,918.35","3,902.64","","-0.11%"
"2021- 02- 08","3,915.59","3,892.59","3,915.77","3,892.59","","0.74%"
"2021- 02- 05","3,886.83","3,878.30","3,894.56","3,874.93","","0.39%"
"2021- 02- 04","3,871.74","3,836.66","3,872.42","3,836.66","","1.09%"
"2021- 02- 03","3,830.17","3,840.27","3,847.51","3,816.68","","0.10%"
"2021- 02- 02","3,826.31","3,791.84","3,843.09","3,791.84","","1.39%"
"2021- 02- 01","3,773.86","3,731.17","3,784.32","3,725.62","","1.61%"
"2021- 01- 29","3,714.24","3,778.05","3,778.05","3,694.12","","-1.93%"
"2021- 01- 28","3,787.38","3,755.75","3,830.50","3,755.75","","0.98%"
"2021- 01- 27","3,750.77","3,836.83","3,836.83","3,732.48","","-2.57%"
"2021- 01- 26","3,849.62","3,862.96","3,870.90","3,847.78","","-0.15%"
"2021- 01- 25","3,855.36","3,851.68","3,859.23","3,797.16","","0.36%"
"2021- 01- 22","3,841.47","3,844.24","3,852.31","3,830.41","","-0.30%"
"2021- 01- 21","3,853.07","3,857.46","3,861.45","3,845.05","","0.03%"
"2021- 01- 20","3,851.85","3,816.22","3,859.75","3,816.22","","1.39%"
"2021- 01- 19","3,798.91","3,781.88","3,804.53","3,780.37","","0.81%"
"2021- 01- 15","3,768.25","3,788.73","3,788.73","3,749.62","","-0.72%"
"2021- 01- 14","3,795.54","3,814.98","3,823.60","3,792.86","","-0.38%"
"2021- 01- 13","3,809.84","3,802.23","3,820.96","3,791.50","","0.23%"
"2021- 01- 12","3,801.19","3,801.62","3,810.78","3,776.51","","0.04%"
"2021- 01- 11","3,799.61","3,803.14","3,817.86","3,789.02","","-0.66%"
"2021- 01- 08","3,824.68","3,815.05","3,826.69","3,783.60","","0.55%"
"2021- 01- 07","3,803.79","3,764.71","3,811.55","3,764.71","","1.48%"
"2021- 01- 06","3,748.14","3,712.20","3,783.04","3,705.34","","0.57%"
"2021- 01- 05","3,726.86","3,698.02","3,737.83","3,695.07","","0.71%"
"2021- 01- 04","3,700.65","3,764.61","3,769.99","3,662.71","","-1.48%"