date,ant_vol,foreigner_vol
2018-02-01,"217,028,826,019","-272,216,741,653"
2018-02-02,"737,354,663,823","-463,981,665,986"
2018-02-05,"495,548,145,945","-455,389,195,307"
2018-02-06,"156,458,089,963","-280,978,893,308"
2018-02-07,"926,384,323,387","-191,424,547,359"
2018-02-08,"243,688,201,684","90,750,061,581"
2018-02-09,"276,077,012,394","-315,160,583,868"
2018-02-12,"97,113,950,332","-78,954,424,580"
2018-02-13,"-166,074,831,900","329,711,638,937"
2018-02-14,"-205,360,796,423","103,519,573,600"
2018-02-19,"-73,017,993,112","26,348,363,268"
2018-02-20,"254,966,603,948","28,989,666,090"
2018-02-21,"7,376,244,403","-101,562,272,044"
2018-02-22,"199,564,607,240","-97,654,961,563"
2018-02-23,"-522,997,093,988","155,586,026,484"
2018-02-26,"-137,253,244,848","-182,399,715,957"
2018-02-27,"-189,480,796,347","4,442,890,755"
2018-02-28,"107,480,734,749","143,704,245,912"
2018-03-02,"534,421,454,776","-232,744,243,685"
2018-03-05,"320,450,095,197","-88,930,874,241"
2018-03-06,"-171,305,824,785","13,058,498,255"
2018-03-07,"358,450,638,799","-259,513,063,836"
2018-03-08,"-426,412,226,871","-174,249,352,145"
2018-03-09,"-490,005,741,265","198,906,660,492"
2018-03-12,"-291,747,478,536","193,801,645,119"
2018-03-13,"-310,345,932,251","581,784,209,508"
2018-03-14,"284,071,432,672","-129,464,904,848"
2018-03-15,"19,450,576,970","-42,076,647,998"
2018-03-16,"1,235,754,478","163,783,830,612"
2018-03-19,"148,272,257,093","-83,295,240,813"
2018-03-20,"6,259,221,496","-123,463,247,916"
2018-03-21,"-63,704,200,360","-65,669,720,528"
2018-03-22,"-298,677,543,610","208,149,009,407"
2018-03-23,"751,783,820,094","-131,671,760,526"
2018-03-26,"51,993,777,562","-101,040,049,029"
2018-03-27,"-89,781,886,549","14,406,181,377"
2018-03-28,"276,642,064,367","-246,379,078,327"
2018-03-29,"577,799,194,688","-270,434,251,156"
2018-03-30,"-115,339,939,723","-171,723,973,628"
2018-04-02,"73,817,204,089","-26,929,791,747"
2018-04-03,"128,923,393,636","-106,418,548,613"
2018-04-04,"528,579,866,281","-198,894,587,111"
2018-04-05,"-273,586,276,349","147,460,412,530"
2018-04-06,"228,925,523,833","-239,227,828,021"
2018-04-09,"-55,765,159,921","-56,527,308,187"
2018-04-10,"32,678,649,210","-120,717,882,511"
2018-04-11,"198,066,343,599","463,995,125,358"
2018-04-12,"-73,055,093,054","234,569,102,283"
2018-04-13,"-3,577,721,555","54,332,816,699"
2018-04-16,"65,763,299,184","-36,596,283,354"
2018-04-17,"222,020,778,782","-275,978,225,798"
2018-04-18,"-388,213,922,011","343,903,788,857"
2018-04-19,"64,561,413,534","181,440,001,732"
2018-04-20,"342,220,469,750","-488,362,635,468"
2018-04-23,"314,326,524,851","-294,586,624,765"
2018-04-24,"270,742,148,773","-438,779,746,409"
2018-04-25,"613,747,965,408","-761,959,775,901"
2018-04-26,"1,400,652,630","170,990,147,542"
2018-04-27,"257,644,085,476","161,111,995,515"
2018-04-30,"-189,190,500,821","243,215,875,044"
2018-05-02,"279,085,745,433","-163,200,738,862"
2018-05-03,"259,670,187,911","-323,933,743,851"
2018-05-04,"763,958,771,785","-22,442,581,052"
2018-05-08,"101,524,282,573","-33,422,561,818"
2018-05-09,"-41,356,093,471","-230,319,984,514"
2018-05-10,"-72,973,678,181","-40,932,313,584"
2018-05-11,"-418,030,974,970","199,010,975,090"
2018-05-14,"-101,144,977,687","-94,681,012,739"
2018-05-15,"394,900,170,462","-238,222,237,476"
2018-05-16,"-175,031,361,495","11,194,263,095"
2018-05-17,"145,549,255,038","-269,595,710,194"
2018-05-18,"-154,078,838,891","-38,705,567,406"
2018-05-21,"6,872,888,621","-76,136,462,766"
2018-05-23,"-71,212,925,710","273,784,916,404"
2018-05-24,"85,055,485,376","32,813,554,450"
2018-05-25,"-480,957,613,142","331,003,689,292"
2018-05-28,"264,864,128,267","-161,840,261,219"
2018-05-29,"311,475,810,379","-229,410,047,653"
2018-05-30,"1,015,122,722,388","-685,712,060,755"
2018-05-31,"241,240,003,056","950,655,350,924"
2018-06-01,"-131,487,244,172","238,891,765,324"
2018-06-04,"-91,188,874,845","17,723,445,977"
2018-06-05,"91,985,725,614","-8,648,368,726"
2018-06-07,"-316,024,233,487","137,907,286,580"
2018-06-08,"501,458,378,451","130,381,840,327"
2018-06-11,"-257,543,287,271","-10,564,650,351"
2018-06-12,"-9,345,644,938","-122,304,196,296"
2018-06-14,"502,061,246,347","-470,291,288,676"
2018-06-15,"267,008,343,601","-549,989,911,965"
2018-06-18,"-112,378,827,796","-320,608,923,826"
2018-06-19,"140,594,690,233","-215,077,915,827"
2018-06-20,"-117,866,779,795","113,645,220,400"
2018-06-21,"410,702,024,113","-128,215,135,617"
2018-06-22,"-8,800,474,127","6,044,462,273"
2018-06-25,"8,706,416,492","-110,046,626,568"
2018-06-26,"116,872,301,643","-323,709,252,928"
2018-06-27,"80,215,273,310","158,748,579,453"
2018-06-28,"112,977,076,904","-288,903,152,265"
2018-06-29,"-55,349,164,565","165,244,947,384"
2018-07-02,"242,713,736,310","115,617,534,879"
2018-07-03,"-46,704,853,233","201,804,959,476"
2018-07-04,"129,210,862,891","977,070,780"
2018-07-05,"31,874,570,020","-94,736,147,247"
2018-07-06,"-102,990,399,471","-381,977,389,360"
2018-07-09,"-75,247,043,004","-59,378,806,034"
2018-07-10,"19,339,704,437","32,933,235,209"
2018-07-11,"135,077,057,280","201,784,993,053"
2018-07-12,"88,019,730,217","-17,955,836,355"
2018-07-13,"-137,439,670,750","223,887,305,527"
2018-07-16,"288,323,972,644","-45,234,217,332"
2018-07-17,"134,245,701,530","-88,751,688,590"
2018-07-18,"163,714,589,044","92,541,450,824"
2018-07-19,"-32,090,183,651","52,465,874,889"
2018-07-20,"52,609,433,856","-121,229,695,972"
2018-07-23,"-141,764,990,449","-32,487,350,315"
2018-07-24,"-304,315,337,986","63,100,564,189"
2018-07-25,"-128,268,583,767","-148,583,458,632"
2018-07-26,"-170,576,878,745","127,612,989,194"
2018-07-27,"-84,495,338,104","162,643,205,547"
2018-07-30,"3,157,965,250","162,188,952,902"
2018-07-31,"-31,745,735,371","-74,894,397,214"
2018-08-01,"-65,094,331,773","172,459,734,358"
2018-08-02,"373,956,031,062","-48,992,659,954"
2018-08-03,"-88,645,583,036","143,342,147,885"
2018-08-06,"17,890,690,428","4,118,460,838"
2018-08-07,"-6,234,193,665","57,664,033,716"
2018-08-08,"-124,816,029,022","358,523,008,032"
2018-08-09,"13,979,576,082","-224,331,400,921"
2018-08-10,"151,878,870,521","-114,714,400,052"
2018-08-13,"102,928,278,361","-173,830,432,078"
2018-08-14,"-132,053,081,807","-12,075,524,733"
2018-08-16,"178,322,855,684","-241,681,659,462"
2018-08-17,"85,927,010,662","101,969,434,589"
2018-08-20,"-9,753,875,531","-54,902,818,072"
2018-08-21,"-151,161,709,422","106,431,745,845"
2018-08-22,"136,786,723,420","208,239,233,124"
2018-08-23,"-44,824,589,188","175,106,074,626"
2018-08-24,"-199,511,462,742","77,010,818,622"
2018-08-27,"-242,663,195,045","237,345,707,605"
2018-08-28,"-164,698,150,436","142,556,873,898"
2018-08-29,"-221,652,994,989","114,550,750,698"
2018-08-30,"66,032,753,118","222,321,735,880"
2018-08-31,"-168,671,825,008","396,666,121,557"
2018-09-03,"237,623,291,842","-217,314,332,855"
2018-09-04,"-33,950,280,447","21,879,702,155"
2018-09-05,"247,313,946,463","-97,123,109,141"
2018-09-06,"114,775,134,581","-293,260,803,011"
2018-09-07,"219,593,984,167","-771,897,799,748"
2018-09-10,"-41,161,659,123","121,141,432,260"
2018-09-11,"192,291,038,698","-189,139,925,190"
2018-09-12,"183,983,998,006","-415,181,894,851"
2018-09-13,"38,812,286,828","-269,030,691,822"
2018-09-14,"-483,252,841,452","203,564,266,224"
2018-09-17,"69,048,194,614","175,547,016,571"
2018-09-18,"-47,544,937,187","-82,830,795,935"
2018-09-19,"-109,452,218,409","386,512,705,282"
2018-09-20,"-413,440,822,957","292,916,997,723"
2018-09-21,"-202,077,559,567","823,307,303,368"
2018-09-27,"-136,172,749,215","228,326,565,527"
2018-09-28,"130,464,399,109","-224,905,569,969"
2018-10-01,"124,230,752,306","-54,120,854,636"
2018-10-02,"308,923,465,851","-241,132,372,929"
2018-10-04,"581,075,277,542","-529,372,753,393"
2018-10-05,"202,433,078,116","-330,659,453,972"
2018-10-08,"132,957,424,530","-178,161,251,478"
2018-10-10,"100,776,242,226","-229,658,268,646"
2018-10-11,"216,487,833,990","-483,629,867,338"
2018-10-12,"-100,557,176,001","73,473,556,665"
2018-10-15,"298,979,942,204","22,446,855,429"
2018-10-16,"169,524,970,247","-66,419,581,165"
2018-10-17,"-5,084,616,227","6,445,079,403"
2018-10-18,"264,138,297,971","-53,658,445,843"
2018-10-19,"-16,943,376,161","-171,489,233,210"
2018-10-22,"64,815,861,686","-111,066,849,282"
2018-10-23,"641,311,494,236","-562,416,465,365"
2018-10-24,"-261,219,995,061","-330,913,357,655"
2018-10-25,"-281,394,829,275","-363,059,632,785"
2018-10-26,"57,260,705,959","-175,208,267,844"
2018-10-29,"-488,046,119,796","-159,334,340,353"
2018-10-30,"-358,229,893,699","-186,223,010,788"
2018-10-31,"258,527,157,623","135,531,966,968"
2018-11-01,"108,781,852,831","292,307,467,614"
2018-11-02,"-463,799,357,119","440,761,065,416"
2018-11-05,"517,454,328,639","-63,830,178,672"
2018-11-06,"171,761,979,616","3,011,938,506"
2018-11-07,"96,875,613,474","-63,812,099,945"
2018-11-08,"-274,941,916,317","490,152,284,295"
2018-11-09,"228,827,975,847","47,722,492,352"
2018-11-12,"-115,752,479,982","38,451,603,616"
2018-11-13,"24,126,561,593","-303,004,576,357"
2018-11-14,"69,933,089,194","-132,354,746,538"
2018-11-15,"-101,099,876,492","-170,043,045,581"
2018-11-16,"19,205,638,053","-20,613,311,141"
2018-11-19,"-58,445,455,532","-92,648,425,809"
2018-11-20,"29,831,309,405","-255,809,732,527"
2018-11-21,"71,591,469,071","-390,824,689,212"
2018-11-22,"142,224,668,011","-43,368,184,739"
2018-11-23,"96,707,417,544","37,165,056,469"
2018-11-26,"-421,671,483,966","-37,202,857,315"
2018-11-27,"-216,792,400,986","195,365,873,191"
2018-11-28,"-154,231,938,474","93,231,853,498"
2018-11-29,"-271,551,663,858","325,323,244,232"
2018-11-30,"129,278,179,135","-36,588,918,425"
2018-12-03,"-454,079,183,866","322,731,738,821"
2018-12-04,"219,846,478,850","123,442,081,709"
2018-12-05,"105,113,317,292","-196,692,818,374"
2018-12-06,"348,546,790,273","-382,079,066,287"
2018-12-07,"11,577,575,482","28,511,563,458"
2018-12-10,"133,967,350,608","-271,561,758,663"
2018-12-11,"61,918,077,932","-176,434,997,922"
2018-12-12,"-268,000,059,551","-42,897,129,354"
2018-12-13,"-171,587,381,814","481,839,398,234"
2018-12-14,"182,946,102,585","-90,597,965,558"
2018-12-17,"-258,190,771,116","65,296,231,092"
2018-12-18,"-155,095,785,106","-170,904,211,912"
2018-12-19,"-254,964,011,171","8,886,109,116"
2018-12-20,"-9,212,663,654","-41,778,816,120"
2018-12-21,"-254,374,425,203","-225,271,277,952"
2018-12-24,"-267,451,250,463","6,675,509,941"
2018-12-26,"-471,032,283,526","57,150,577,994"
2018-12-27,"300,486,062,231","242,035,466,237"
2018-12-28,"-34,304,929,116","202,544,907,783"
2019-01-02,"309,289,761,048","-26,234,353,008"
2019-01-03,"61,679,610,411","102,287,116,182"
2019-01-04,"-104,443,109,160","-123,346,214,860"
2019-01-07,"-204,569,757,533","55,869,124,298"
2019-01-08,"33,431,077,501","-25,661,341,789"
2019-01-09,"-514,574,930,864","384,588,524,626"
2019-01-10,"-9,219,283,617","273,247,622,598"
2019-01-11,"-127,736,860,745","177,067,582,907"
2019-01-14,"75,769,142,742","94,764,872,666"
2019-01-15,"-411,044,628,167","122,843,765,602"
2019-01-16,"-86,731,171,380","99,529,914,321"
2019-01-17,"-13,214,367,472","234,348,166,464"
2019-01-18,"-210,048,411,005","111,937,874,840"
2019-01-21,"-139,645,845,005","64,661,534,948"
2019-01-22,"-18,551,424,735","134,304,527,164"
2019-01-23,"-347,266,098,123","-100,581,804,247"
2019-01-24,"-175,206,162,984","495,880,482,929"
2019-01-25,"-883,391,301,135","816,593,164,958"
2019-01-28,"-42,244,909,546","357,314,655,650"
2019-01-29,"20,120,690,326","190,991,912,461"
2019-01-30,"-327,287,509,445","309,902,490,948"
2019-01-31,"-114,635,201,819","283,248,241,896"
2019-02-01,"-74,934,774,782","266,762,215,475"
2019-02-07,"69,489,397,769","160,653,491,912"
2019-02-08,"331,271,999,382","-280,259,032,809"
2019-02-11,"115,581,612,435","-57,340,663,493"
2019-02-12,"-14,710,983,697","-37,530,351,094"
2019-02-13,"-126,050,958,059","-30,643,242,333"
2019-02-14,"-192,622,047,092","-47,598,481,932"
2019-02-15,"198,483,974,390","-177,735,141,507"
2019-02-18,"-324,089,726,464","45,572,631,937"
2019-02-19,"-138,825,492,949","-7,595,622,702"
2019-02-20,"-430,005,578,127","434,537,456,972"
2019-02-21,"-11,715,660,173","208,350,642,084"
2019-02-22,"-34,206,063,862","-4,489,698,991"
2019-02-25,"9,115,915,650","-79,616,430,722"
2019-02-26,"-29,933,232,288","52,587,149,454"
2019-02-27,"-111,560,459,992","-57,281,941,122"
2019-02-28,"-61,784,182,288","-253,615,330,622"
2019-03-04,"40,328,329,456","-131,953,894,891"
2019-03-05,"244,352,695,932","-157,017,695,710"
2019-03-06,"65,444,620,090","5,960,479,949"
2019-03-07,"110,774,668,511","397,749,809"
2019-03-08,"293,213,295,508","-173,863,396,395"
2019-03-11,"89,359,044,451","-179,309,876,147"
2019-03-12,"-22,480,661,728","-2,304,218,047"
2019-03-13,"95,657,129,720","100,064,556,811"
2019-03-14,"141,640,536,139","286,699,994,288"
2019-03-15,"-496,308,808,713","-134,219,016,142"
2019-03-18,"-186,777,269,431","-48,787,769,406"
2019-03-19,"36,930,310,648","-12,413,032,485"
2019-03-20,"85,576,985,458","-123,654,088,780"
2019-03-21,"-326,383,527,941","484,065,339,759"
2019-03-22,"47,138,478,352","501,319,850,079"
2019-03-25,"269,204,398,460","-70,853,127,031"
2019-03-26,"155,665,665,386","37,396,934,512"
2019-03-27,"19,189,157,579","-156,137,630,355"
2019-03-28,"83,696,655,492","-13,904,251,094"
2019-03-29,"-156,006,725,386","89,041,649,012"
2019-04-01,"-438,066,169,858","249,088,851,263"
2019-04-02,"-103,600,430,646","273,406,478,933"
2019-04-03,"-464,376,579,788","143,111,292,991"
2019-04-04,"-379,675,421,091","244,857,022,773"
2019-04-05,"-154,424,383,825","99,629,969,828"
2019-04-08,"-118,114,575,698","273,084,340,534"
2019-04-09,"-174,029,817,368","208,962,853,800"
2019-04-10,"-227,976,572,662","-3,263,701,331"
2019-04-11,"-151,212,427,472","320,810,018,251"
2019-04-12,"-165,725,108,045","244,644,342,119"
2019-04-15,"46,570,721,080","178,112,279,612"
2019-04-16,"-94,868,400,197","152,726,915,563"
2019-04-17,"-58,901,374,367","75,629,794,263"
2019-04-18,"295,948,651,490","-132,046,178,719"
2019-04-19,"17,773,810,717","-56,699,188,826"
2019-04-22,"70,187,801,687","-18,622,408,526"
2019-04-23,"18,049,645,895","40,678,552,070"
2019-04-24,"403,028,594,977","23,034,738,836"
2019-04-25,"62,920,883,969","-16,463,182,533"
2019-04-26,"140,108,495,541","35,494,453,987"
2019-04-29,"-283,315,530,073","2,993,104,677"
2019-04-30,"11,873,487,785","42,947,077,654"
2019-05-02,"-102,498,649,019","68,075,725,901"
2019-05-03,"241,687,569,701","152,121,718,314"
2019-05-07,"282,298,936,839","202,645,322,790"
2019-05-08,"49,273,241,101","8,971,530,080"
2019-05-09,"815,694,210,535","-201,507,722,282"
2019-05-10,"296,859,762,301","-322,345,918,362"
2019-05-13,"258,103,306,140","-137,329,399,592"
2019-05-14,"-60,314,280,562","-285,078,154,873"
2019-05-15,"108,230,917,953","-77,646,339,392"
2019-05-16,"411,406,769,493","-467,905,856,517"
2019-05-17,"182,498,070,316","-199,417,320,948"
2019-05-20,"37,013,119,336","-17,762,882,496"
2019-05-21,"-9,482,432,039","74,360,892,295"
2019-05-22,"72,815,872,315","5,300,903,349"
2019-05-23,"14,972,454,518","80,916,106,150"
2019-05-24,"-1,257,024,852","-310,212,212,215"
2019-05-27,"22,898,140,761","-193,988,659,151"
2019-05-28,"119,853,124,842","-719,057,497,035"
2019-05-29,"193,190,514,658","-381,531,585,556"
2019-05-30,"-72,021,362,520","48,406,606,231"
2019-05-31,"-61,281,395,162","206,222,820,885"
2019-06-03,"-193,325,346,081","291,395,679,762"
2019-06-04,"3,220,039,078","-200,164,967,877"
2019-06-05,"56,665,914,597","-155,874,527,876"
2019-06-07,"-40,059,895,436","-33,318,062,866"
2019-06-10,"-338,433,585,668","181,865,828,210"
2019-06-11,"-266,518,306,801","69,234,514,513"
2019-06-12,"-96,265,719,945","-2,329,064,115"
2019-06-13,"131,707,587,548","-165,712,563,303"
2019-06-14,"157,690,404,429","-69,368,483,603"
2019-06-17,"7,838,261,537","-150,088,594,638"
2019-06-18,"-129,501,534,187","261,816,928,364"
2019-06-19,"-460,489,624,085","300,430,954,174"
2019-06-20,"-148,542,907,457","-18,322,575,414"
2019-06-21,"118,735,540,006","13,280,881,909"
2019-06-24,"-72,774,648,738","-99,250,349,566"
2019-06-25,"-21,135,872,689","27,387,982"
2019-06-26,"-73,635,556,218","16,452,829,619"
2019-06-27,"-405,768,338,937","155,887,532,000"
2019-06-28,"-199,483,658,718","312,263,760,802"
2019-07-01,"-19,121,687,014","154,486,503,785"
2019-07-02,"24,006,908,061","34,321,459,071"
2019-07-03,"156,221,433,977","-86,012,247,174"
2019-07-04,"-23,798,375,887","40,083,736,991"
2019-07-05,"-104,951,571,577","-24,977,909,647"
2019-07-08,"49,854,511,750","1,833,502,367"
2019-07-09,"82,587,375,612","24,025,285,468"
2019-07-10,"-1,281,555,185","203,267,188,727"
2019-07-11,"-199,323,255,339","364,888,486,088"
2019-07-12,"16,783,615,713","-5,871,381,643"
2019-07-15,"-49,396,899,838","14,282,920,832"
2019-07-16,"-215,696,763,724","251,192,871,117"
2019-07-17,"58,683,358,570","23,336,932,616"
2019-07-18,"100,235,358,539","70,847,522,615"
2019-07-19,"-463,186,099,248","130,614,668,832"
2019-07-22,"-64,682,614,027","233,499,184,472"
2019-07-23,"-283,310,817,272","285,705,105,671"
2019-07-24,"53,253,266,145","58,544,880,573"
2019-07-25,"45,734,287,679","112,419,778,174"
2019-07-26,"-22,056,026,426","118,419,478,003"
2019-07-29,"-76,722,402,182","-62,489,251,406"
2019-07-30,"-146,922,035,051","141,017,930,442"
2019-07-31,"-77,404,357,141","-49,583,350,880"
2019-08-01,"-87,314,908,217","-5,092,952,337"
2019-08-02,"14,287,893,269","-397,933,068,513"
2019-08-05,"-443,678,573,896","-316,921,730,824"
2019-08-06,"-443,939,223,985","-605,553,038,200"
2019-08-07,"176,924,442,075","-97,980,977,628"
2019-08-08,"238,953,911,687","-101,694,690,381"
2019-08-09,"215,206,061,014","-4,334,615,152"
2019-08-12,"184,119,206,841","-2,395,929,386"
2019-08-13,"155,826,882,552","-176,459,913,402"
2019-08-14,"51,953,202,146","-50,129,997,513"
2019-08-16,"54,935,987,001","-93,656,571,037"
2019-08-19,"-57,323,479,255","-139,177,830,251"
2019-08-20,"-59,971,389,966","113,008,010,709"
2019-08-21,"100,467,451,387","-127,370,846,222"
2019-08-22,"161,865,603,724","-122,875,847,809"
2019-08-23,"-91,222,239,146","7,492,820,208"
2019-08-26,"53,432,164,770","-117,499,577,116"
2019-08-27,"-30,920,547,065","-118,071,560,217"
2019-08-28,"-74,887,457,987","-52,144,060,447"
2019-08-29,"52,354,071,793","-112,942,804,811"
2019-08-30,"-398,216,732,876","224,313,278,883"
2019-09-02,"-19,632,365,980","-124,189,500,551"
2019-09-03,"40,405,280,337","-305,062,695,357"
2019-09-04,"-149,628,132,398","-350,239,221,648"
2019-09-05,"-284,403,732,799","188,025,900,794"
2019-09-06,"-33,833,975,404","48,317,361,339"
2019-09-09,"-173,010,797,338","233,532,689,344"
2019-09-10,"-191,938,842,008","14,629,865,416"
2019-09-11,"-334,422,549,307","-283,727,737,999"
2019-09-16,"-45,665,662,398","-160,248,644,647"
2019-09-17,"-31,324,847,676","-80,498,635,244"
2019-09-18,"-161,556,343,485","55,855,959,664"
2019-09-19,"-101,076,420,785","218,143,869,174"
2019-09-20,"-214,725,021,463","44,514,968,772"
2019-09-23,"-22,347,560,033","-68,884,269,086"
2019-09-24,"-162,028,737,165","-216,239,549,194"
2019-09-25,"222,585,025,966","-366,056,304,034"
2019-09-26,"51,752,933,707","315,990,133,016"
2019-09-27,"199,478,946,968","-24,901,280,381"
2019-09-30,"-98,097,153,737","-475,545,562"
2019-10-01,"-158,455,229,247","-142,618,642,344"
2019-10-02,"502,162,483,818","-112,448,425,614"
2019-10-04,"100,059,578,604","-149,003,748,294"
2019-10-07,"-42,333,439,977","-22,884,907,049"
2019-10-08,"-255,102,756,563","-46,097,194,977"
2019-10-10,"228,096,548,281","-137,561,655,865"
2019-10-11,"-156,161,212,685","109,270,821,883"
2019-10-14,"-261,208,486,935","22,134,976,452"
2019-10-15,"27,165,428,090","-60,201,552,737"
2019-10-16,"-177,394,148,252","4,577,206,853"
2019-10-17,"-9,579,471,472","-94,513,433,384"
2019-10-18,"229,220,320,065","-130,164,300,963"
2019-10-21,"44,645,087,205","-120,771,694,742"
2019-10-22,"-529,237,290,627","86,059,763,079"
2019-10-23,"30,299,871,445","116,755,434,776"
2019-10-24,"-158,707,892,576","174,125,653,978"
2019-10-25,"-107,239,103,045","57,017,451,577"
2019-10-28,"-125,464,221,480","-55,958,667,346"
2019-10-29,"-16,792,808,313","-99,643,916,447"
2019-10-30,"154,415,491,858","10,091,359,734"
2019-10-31,"-149,834,107,990","34,735,932,471"
2019-11-01,"-59,365,946,305","137,809,348,775"
2019-11-04,"-512,558,096,678","68,172,775,844"
2019-11-05,"-211,157,918,083","321,611,105,712"
2019-11-06,"-66,776,165,781","236,949,812,867"
2019-11-07,"64,250,476,063","-153,251,853,630"
2019-11-08,"6,330,602,144","-103,705,132,195"
2019-11-11,"140,467,729,306","-172,228,741,158"
2019-11-12,"23,751,026,367","-39,480,199,447"
2019-11-13,"227,668,475,510","-27,974,666,537"
2019-11-14,"-62,021,227,512","-208,654,197,370"
2019-11-15,"-656,132,858,763","-141,601,319,341"
2019-11-18,"66,501,141,822","-162,737,154,221"
2019-11-19,"96,038,130,792","-12,765,303,107"
2019-11-20,"360,583,518,252","-334,143,015,722"
2019-11-21,"253,435,776,440","-570,635,361,755"
2019-11-22,"58,259,755,778","-186,042,384,719"
2019-11-25,"-140,773,018,268","-259,477,724,433"
2019-11-26,"60,411,221,037","-857,333,987,264"
2019-11-27,"18,068,550,372","-143,091,070,751"
2019-11-28,"28,204,891,052","-116,674,994,355"
2019-11-29,"443,432,758,845","-449,933,226,868"
2019-12-02,"49,685,807,232","-392,000,039,710"
2019-12-03,"127,267,305,479","-269,220,100,067"
2019-12-04,"320,188,828,334","-395,335,041,350"
2019-12-05,"58,967,578,896","-67,788,796,908"
2019-12-06,"-220,119,538,277","43,006,416,008"
2019-12-09,"-81,820,163,393","64,964,399,875"
2019-12-10,"-131,064,343,422","-19,309,670,716"
2019-12-11,"-176,578,748,780","-7,512,087,097"
2019-12-12,"-917,451,418,826","551,191,440,405"
2019-12-13,"-989,159,288,330","513,911,365,518"
2019-12-16,"-214,873,317,383","-191,411,993,552"
2019-12-17,"-529,187,713,228","513,414,323,996"
2019-12-18,"-55,997,786,452","383,323,629,368"
2019-12-19,"-163,966,770,006","249,140,767,820"
2019-12-20,"-322,100,984,363","155,795,011,754"
2019-12-23,"-321,881,133,688","-48,941,342,493"
2019-12-24,"-108,132,106,245","-166,986,286,315"
2019-12-26,"-467,323,867,609","-40,140,907,947"
2019-12-27,"192,509,617,780","64,174,016,528"
2019-12-30,"123,502,263,212","-340,180,301,791"
2020-01-02,"530,457,526,563","-4,396,399,920"
2020-01-03,"273,766,831,774","262,296,725,861"
2020-01-06,"236,319,242,074","99,115,046,723"
2020-01-07,"-167,845,195,241","195,330,373,094"
2020-01-08,"-19,155,466,877","268,398,267,835"
2020-01-09,"192,325,767,608","90,846,494,260"
2020-01-10,"-23,192,648,206","378,500,799,585"
2020-01-13,"-49,085,857,143","257,405,085,463"
2020-01-14,"133,620,161,831","264,010,106,592"
2020-01-15,"315,550,911,285","-84,871,036,427"
2020-01-16,"223,466,949,496","-25,762,615,666"
2020-01-17,"186,067,120,685","94,812,021,873"
2020-01-20,"-54,680,450,089","63,478,836,355"
2020-01-21,"360,516,680,460","-204,784,021,454"
2020-01-22,"-218,208,500,336","-73,468,850,503"
2020-01-23,"581,324,527,923","-133,364,341,284"
2020-01-28,"667,155,598,342","-524,751,655,984"
2020-01-29,"372,657,488,045","101,184,539,150"
2020-01-30,"663,228,163,087","-278,759,369,045"
2020-01-31,"278,755,703,131","-425,024,037,117"
2020-02-03,"118,014,240,745","-307,932,999,470"
2020-02-04,"202,618,717,290","486,279,317,067"
2020-02-05,"434,095,962,473","460,148,165,299"
2020-02-06,"-688,055,011,816","152,397,473,940"
2020-02-07,"391,603,567,804","25,242,959,948"
2020-02-10,"435,455,100,181","-303,632,489,885"
2020-02-11,"-220,390,551,805","-94,024,400,619"
2020-02-12,"46,016,579,407","-217,494,973,012"
2020-02-13,"-3,855,114,377","276,829,230,650"
2020-02-14,"-1,135,633,694","93,686,137,161"
2020-02-17,"195,999,132,568","-229,392,168,244"
2020-02-18,"767,090,594,417","-305,416,342,384"
2020-02-19,"160,044,611,463","-220,343,210,118"
2020-02-20,"192,439,644,739","111,697,083,258"
2020-02-21,"283,713,274,730","217,957,881,472"
2020-02-24,"608,404,299,537","-781,575,346,266"
2020-02-25,"610,329,594,445","-768,793,137,762"
2020-02-26,"788,626,814,446","-873,507,608,057"
2020-02-27,"346,481,522,844","-396,799,886,123"
2020-02-28,"229,859,076,110","-633,721,607,966"
2020-03-02,"461,573,976,702","-785,997,257,670"
2020-03-03,"709,039,361,032","-307,155,761,558"
2020-03-04,"-3,753,352,061","150,554,145,265"
2020-03-05,"321,308,316,155","-145,880,457,754"
2020-03-06,"791,505,202,117","-563,665,952,086"
2020-03-09,"1,279,952,696,242","-1,307,493,088,794"
2020-03-10,"311,428,799,305","-989,663,945,312"
2020-03-11,"1,088,612,946,059","-683,496,710,798"
2020-03-12,"538,848,382,697","-889,078,317,706"
2020-03-13,"446,267,566,799","-1,162,850,421,107"
2020-03-16,"926,253,868,992","-678,582,718,915"
2020-03-17,"600,993,518,329","-1,003,055,158,526"
2020-03-18,"913,615,877,804","-505,772,529,399"
2020-03-19,"242,101,933,705","-614,934,268,089"
2020-03-20,"200,391,678,268","-583,241,267,390"
2020-03-23,"920,037,692,798","-640,488,343,555"
2020-03-24,"-462,331,020,121","-82,324,403,168"
2020-03-25,"428,336,051,586","-323,000,342,459"
2020-03-26,"716,581,032,274","-530,664,756,139"
2020-03-27,"173,071,170,465","-372,351,147,260"
2020-03-30,"198,570,827,314","-427,217,268,818"
2020-03-31,"384,523,229,125","-71,068,610,634"
2020-04-01,"1,150,755,681,995","-575,191,824,250"
2020-04-02,"270,032,105,559","-623,319,508,843"
2020-04-03,"348,684,914,381","-288,265,705,409"
2020-04-06,"-843,017,214,655","-201,917,310,769"
2020-04-07,"149,230,047,248","-195,110,587,313"
2020-04-08,"451,982,452,209","-134,533,295,640"
2020-04-09,"294,057,226,398","-178,284,770,844"
2020-04-10,"251,994,761,846","-55,835,793,065"
2020-04-13,"758,799,642,450","-292,042,275,327"
2020-04-14,"-453,035,680,022","-31,749,385,164"
2020-04-16,"388,811,930,906","-568,747,434,203"
2020-04-17,"-605,701,408,373","318,586,014,752"
2020-04-20,"955,966,963,362","-498,011,083,236"
2020-04-21,"709,412,446,501","-528,183,819,618"
2020-04-22,"317,798,840,795","-35,533,138,241"
2020-04-23,"-15,559,604,710","-106,228,160,576"
2020-04-24,"632,768,479,972","-230,741,717,777"
2020-04-27,"-549,167,669,529","18,318,529,315"
2020-04-28,"85,632,072,279","-124,950,696,134"
2020-04-29,"-487,025,683,524","235,790,015,516"
2020-05-04,"1,700,069,132,970","-942,005,387,746"
2020-05-06,"-137,608,008","-314,565,613,287"
2020-05-07,"253,438,455,675","-320,143,283,944"
2020-05-08,"-243,158,451,676","45,125,905,515"
2020-05-11,"511,225,755,471","-170,067,528,550"
2020-05-12,"605,736,767,824","-310,539,611,416"
2020-05-13,"215,359,585,362","-317,731,541,505"
2020-05-14,"786,578,039,392","-552,090,653,178"
2020-05-15,"223,427,606,273","-472,068,067,826"
2020-05-18,"30,079,492,180","-93,061,608,234"
2020-05-19,"-1,186,900,722,259","365,835,080,462"
2020-05-20,"-181,872,162,263","78,842,868,687"
2020-05-21,"290,409,441,158","76,417,850,146"
2020-05-22,"936,149,677,541","-474,899,327,332"
2020-05-25,"95,768,889,265","-141,547,194,472"
2020-05-26,"-479,912,160,752","14,145,533,975"
2020-05-27,"321,618,870,256","-215,286,813,521"
2020-05-28,"-284,186,886,014","60,396,737,233"
2020-05-29,"189,787,229,664","-199,895,157,044"
2020-06-01,"-445,530,901,961","110,156,574,694"
2020-06-02,"-9,840,607,700","-47,242,724,139"
2020-06-03,"-1,318,196,503,847","204,958,942,708"
2020-06-04,"-334,865,987,661","45,831,149,415"
2020-06-05,"-319,457,147,553","-68,601,827,945"
2020-06-08,"378,966,349,931","7,629,668,974"
2020-06-09,"413,187,084,204","-19,168,592,523"
2020-06-10,"-169,284,682,951","-45,031,934,320"
2020-06-11,"1,271,704,874,846","-116,277,840,605"
2020-06-12,"555,869,629,783","-264,805,465,532"
2020-06-15,"1,237,227,978,389","-474,075,201,480"
2020-06-16,"-594,899,604,464","102,913,484,232"
2020-06-17,"152,536,319,187","-52,797,054,361"
2020-06-18,"294,318,398,319","-162,435,284,552"
2020-06-19,"164,729,643,254","51,089,293,961"
2020-06-22,"430,221,257,026","-253,336,858,963"
2020-06-23,"350,375,286,860","-52,820,501,442"
2020-06-24,"-7,258,459,430","349,953,076,860"
2020-06-25,"1,301,257,996,361","-276,357,266,303"
2020-06-26,"53,307,786,082","61,628,609,456"
2020-06-29,"575,173,445,882","-228,661,053,830"
2020-06-30,"-165,191,288,664","-71,786,566,687"
2020-07-01,"8,797,460,835","-163,970,894,681"
2020-07-02,"-213,346,218,143","-11,616,153,709"
2020-07-03,"-88,357,891,202","11,871,145,849"
2020-07-06,"-361,022,041,527","-257,382,687,585"
2020-07-07,"857,867,310,326","-391,500,096,703"
2020-07-08,"622,905,832,538","-342,087,479,635"
2020-07-09,"316,764,393,215","10,108,448,975"
2020-07-10,"1,037,328,317,694","-345,145,721,565"
2020-07-13,"-290,767,450,390","102,302,520,950"
2020-07-14,"418,617,880,179","5,019,822,214"
2020-07-15,"-599,582,470,493","268,701,878,119"
2020-07-16,"300,551,404,732","-133,622,210,857"
2020-07-17,"-112,084,425,373","112,797,901,685"
2020-07-20,"407,008,944,139","-75,328,827,195"
2020-07-21,"-567,689,025,876","444,821,164,297"
2020-07-22,"260,404,245,931","-1,057,886,255"
2020-07-23,"776,846,585,462","-203,922,981,035"
2020-07-24,"288,087,581,313","87,638,725,245"
2020-07-27,"-299,557,295,661","158,383,068,012"
2020-07-28,"-1,049,525,454,135","1,306,000,058,395"
2020-07-29,"47,601,041,896","293,567,289,829"
2020-07-30,"6,450,031,427","224,714,289,648"
2020-07-31,"471,619,381,748","-55,628,037,143"
2020-08-03,"623,710,512,965","-268,738,491,240"
2020-08-04,"184,385,652,051","-58,313,438,914"
2020-08-05,"431,506,723,318","-51,623,026,945"
2020-08-06,"-85,024,767,656","163,846,352,498"
2020-08-07,"853,433,435,763","-73,656,136,978"
2020-08-10,"352,305,774,375","-127,774,742,337"
2020-08-11,"-173,712,910,806","146,762,103,174"
2020-08-12,"350,933,116,495","-153,807,824,674"
2020-08-13,"154,253,491,237","-342,102,345,150"
2020-08-14,"596,298,787,649","-461,873,161,338"
2020-08-18,"-527,155,226,970","73,323,104,119"
2020-08-19,"458,350,620,046","-266,533,180,733"
2020-08-20,"1,073,877,558,167","-272,760,060,570"
2020-08-21,"-136,202,612,250","196,968,089,900"
2020-08-24,"-259,981,169,589","197,565,880,875"
2020-08-25,"-70,910,443,232","157,011,258,067"
2020-08-26,"192,947,161,665","190,985,316,726"
2020-08-27,"466,361,394,850","-24,514,239,181"
2020-08-28,"115,820,653,261","-224,246,987,234"
2020-08-31,"1,569,558,400,661","-1,632,635,918,107"
2020-09-01,"238,958,352,723","-205,749,326,504"
2020-09-02,"334,212,637,947","-256,046,503,785"
2020-09-03,"-95,201,901,026","193,875,060,030"
2020-09-04,"1,285,426,185,541","-467,758,759,425"
2020-09-07,"548,283,200,527","-250,798,512,237"
2020-09-08,"35,764,938,244","-29,873,452,170"
2020-09-09,"512,931,330,951","-111,620,722,798"
2020-09-10,"66,292,571,917","381,817,441,964"
2020-09-11,"453,333,427,638","-149,822,604,987"
2020-09-14,"-287,560,944,297","142,703,639,573"
2020-09-15,"-76,467,331,182","253,219,682,545"
2020-09-16,"143,224,132,799","179,244,347,398"
2020-09-17,"458,717,921,215","-124,372,046,133"
2020-09-18,"-140,544,856,131","147,325,437,572"
2020-09-21,"41,029,892,805","-78,290,678,764"
2020-09-22,"991,283,998,907","-14,263,176,305"
2020-09-23,"325,210,007,216","-57,718,864,950"
2020-09-24,"328,908,664,473","-192,246,020,354"
2020-09-25,"19,546,954,304","-89,798,153,915"
2020-09-28,"-105,578,315,538","-58,912,921,821"
2020-09-29,"-111,424,651,929","-73,554,910,326"
2020-10-05,"-550,009,337,543","173,965,662,928"
2020-10-06,"-204,480,463,577","172,556,011,712"
2020-10-07,"-346,023,285,147","-95,339,328,103"
2020-10-08,"-165,927,808,651","760,359,392,161"
2020-10-12,"-235,997,292,897","139,242,371,318"
2020-10-13,"-33,223,745,889","213,678,241,081"
2020-10-14,"412,751,090,394","-34,539,123,749"
2020-10-15,"328,196,228,522","-18,422,667,088"
2020-10-16,"489,248,174,810","-171,027,496,754"
2020-10-19,"-342,443,783,404","34,398,950,576"
2020-10-20,"-292,477,647,727","43,730,294,447"
2020-10-21,"-128,319,734,838","-24,583,366,363"
2020-10-22,"67,879,728,017","-73,422,050,889"
2020-10-23,"-272,253,774,693","38,817,404,912"
2020-10-26,"-112,653,406,137","-143,711,095,939"
2020-10-27,"106,936,366,999","104,643,702,362"
2020-10-28,"153,207,305,717","13,347,363,745"
2020-10-29,"981,350,717,091","-537,749,269,048"
2020-10-30,"1,414,024,575,940","-978,034,155,491"
2020-11-02,"-108,561,931,972","50,660,209,702"
2020-11-03,"-647,167,366,424","213,841,479,225"
2020-11-04,"-166,101,742,673","-218,035,556,012"
2020-11-05,"-1,621,833,971,023","1,134,855,408,441"
2020-11-06,"-797,526,815,084","790,664,315,607"
2020-11-09,"-678,873,118,388","329,082,410,160"
2020-11-10,"187,153,143,951","156,736,327,670"
2020-11-11,"-1,190,677,088,010","816,237,012,136"
2020-11-12,"353,716,702,951","491,220,442,922"
2020-11-13,"-589,619,311,795","521,548,179,721"
2020-11-16,"-153,942,627,410","461,706,942,983"
2020-11-17,"153,056,363,654","357,451,340,872"
2020-11-18,"-126,780,514,515","67,621,827,130"
2020-11-19,"201,743,164,772","106,333,217,015"
2020-11-20,"121,621,790,277","103,861,943,365"
2020-11-23,"-873,479,729,013","983,378,630,247"
2020-11-24,"-24,517,388,941","726,262,248,091"
2020-11-25,"506,222,677,117","-36,871,688,150"
2020-11-26,"256,918,884,354","253,934,428,042"
2020-11-27,"194,525,536,441","78,548,380,853"
2020-11-30,"2,220,567,864,701","-2,427,800,814,440"
2020-12-01,"-346,068,327,266","73,467,863,024"
2020-12-02,"-244,744,102,494","517,552,491,493"
2020-12-03,"177,989,332,279","209,735,619,249"
2020-12-04,"-343,244,227,773","761,041,035,857"
2020-12-07,"976,772,859,689","-62,917,308,890"
2020-12-08,"1,122,804,231,809","-844,954,090,034"
2020-12-09,"-506,190,656,093","162,551,608,134"
2020-12-10,"891,250,466,228","-1,363,633,046,746"
2020-12-11,"-47,653,627,316","-162,677,140,596"
2020-12-14,"1,033,385,039,296","-358,903,304,120"
2020-12-15,"607,699,125,959","-373,573,380,469"
2020-12-16,"-240,291,300,968","93,352,122,839"
2020-12-17,"325,230,471,939","-258,398,295,097"
2020-12-18,"389,765,116,902","-191,764,566,545"
2020-12-21,"-85,547,699,023","-10,731,438,568"
2020-12-22,"369,372,343,850","-169,595,643,396"
2020-12-23,"-385,892,969,496","82,921,538,609"
2020-12-24,"-803,106,779,612","119,237,494,352"
2020-12-28,"-946,020,028,718","78,012,525,475"
2020-12-29,"2,196,938,565,536","-310,625,348,053"
2020-12-30,"-491,609,496,526","245,810,649,079"
2021-01-04,"1,031,014,166,618","89,697,391,137"
2021-01-05,"728,387,733,108","-208,220,599,741"
2021-01-06,"1,729,261,196,142","-397,475,822,573"
2021-01-07,"-1,183,634,539,101","113,375,307,173"
2021-01-08,"-559,141,825,960","1,643,477,097,660"
2021-01-11,"4,492,145,003,867","-717,613,160,366"
2021-01-12,"2,312,445,113,552","-618,935,309,579"
2021-01-13,"169,086,090,692","193,496,162,646"
2021-01-14,"712,730,906,649","677,507,176,342"
2021-01-15,"2,113,924,037,705","-753,622,445,831"
2021-01-18,"514,299,140,387","-209,413,497,051"
2021-01-19,"-1,025,418,915,468","409,990,175,112"
2021-01-20,"1,436,793,223,994","-236,817,416,245"
2021-01-21,"-62,476,631,241","368,311,395,220"
2021-01-22,"1,608,263,875,827","-268,005,095,088"
2021-01-25,"-571,150,115,459","279,275,314,881"
2021-01-26,"4,205,007,202,593","-1,969,853,301,708"
2021-01-27,"1,060,406,027,858","-621,560,961,693"
2021-01-28,"1,929,360,029,656","-1,567,005,298,418"
2021-01-29,"1,697,098,079,221","-1,422,035,460,238"
2021-02-01,"-782,537,450,858","131,915,231,727"
2021-02-02,"-188,349,055,464","196,559,891,400"
2021-02-03,"275,153,129,902","434,013,658,006"
2021-02-04,"2,683,714,022,175","-758,364,122,177"
2021-02-05,"-268,615,497,203","154,879,371,317"
2021-02-08,"153,699,668,409","-340,012,072,798"
2021-02-09,"106,865,348,710","-210,174,070,020"
2021-02-10,"203,100,802,371","751,080,696,525"
2021-02-15,"-500,832,536,994","837,956,635,365"
2021-02-16,"598,057,706,468","148,296,030,420"
2021-02-17,"1,865,287,425,167","-413,816,761,339"
2021-02-18,"1,677,600,051,665","-962,980,069,590"
2021-02-19,"446,705,388,508","-317,763,545,091"
2021-02-22,"943,120,369,746","-402,439,930,518"
2021-02-23,"197,899,252,096","-341,158,424,693"
2021-02-24,"587,115,604,073","668,381,222,145"
2021-02-25,"-2,127,093,923,826","1,099,011,870,050"
2021-02-26,"4,176,905,822,664","-3,033,404,256,810"
2021-03-02,"-744,499,968,978","265,035,780,576"
2021-03-03,"-629,000,720,435","-25,311,279,753"
2021-03-04,"2,358,912,525,188","-1,035,161,708,885"
2021-03-05,"1,307,623,848,572","-466,956,491,137"
2021-03-08,"730,984,529,732","-302,842,476,988"
2021-03-09,"363,511,800,699","-439,540,853,056"
2021-03-10,"558,536,873,340","371,728,838,892"
2021-03-11,"-1,269,025,596,108","1,919,091,956,648"
2021-03-12,"-778,714,289,935","576,106,029,203"
2021-03-15,"617,003,389,298","-287,127,414,043"
2021-03-16,"-285,709,323,215","19,165,866,742"
2021-03-17,"1,144,663,780,181","-575,492,743,037"
2021-03-18,"-657,894,045,578","480,977,881,195"
2021-03-19,"1,551,377,431,519","-494,300,191,798"
2021-03-22,"636,236,614,473","-647,019,756,393"
2021-03-23,"1,126,677,657,095","-524,937,059,709"
2021-03-24,"745,840,140,416","-392,431,201,294"
2021-03-25,"226,826,264,974","-172,985,906,900"
2021-03-26,"-278,161,514,888","207,298,122,728"
2021-03-29,"731,629,941,372","12,951,417,964"
2021-03-30,"-647,250,322,661","399,337,930,986"
2021-03-31,"792,087,439,233","-369,001,296,908"
2021-04-01,"-561,088,362,110","711,336,437,026"
2021-04-02,"-920,936,324,727","551,498,002,243"
2021-04-05,"218,687,424,116","178,230,448,474"
2021-04-06,"170,526,748,202","425,447,701,364"
2021-04-07,"-85,064,800,551","376,921,125,312"
2021-04-08,"405,815,929,833","102,828,878,669"
2021-04-09,"700,665,429,732","-97,399,753,281"
2021-04-12,"668,674,724,626","-285,115,540,615"
2021-04-13,"-410,734,153,971","415,755,555,933"
2021-04-14,"-303,486,770,355","126,891,128,977"
2021-04-15,"421,372,896,220","206,387,538,453"
2021-04-16,"520,740,260,318","294,387,660,211"
2021-04-19,"286,151,696,433","-227,949,765,560"
2021-04-20,"-226,245,354,028","263,539,746,736"
2021-04-21,"2,974,596,377,894","-1,533,232,496,865"
2021-04-22,"312,178,112,350","-130,472,194,132"
2021-04-23,"144,770,375,834","8,209,746,776"
2021-04-26,"-287,903,591,188","343,849,802,496"
2021-04-27,"617,497,475,291","-311,753,578,156"
2021-04-28,"1,448,848,981,920","-738,957,852,446"
2021-04-29,"130,583,778,544","-6,439,188,135"
2021-04-30,"818,933,132,378","-582,412,374,685"
2021-05-03,"786,489,943,947","-622,869,341,600"
2021-05-04,"-186,933,849,458","-38,534,629,280"
2021-05-06,"177,884,608,186","-286,623,816,518"
2021-05-07,"-68,465,619,652","-235,126,407,691"
2021-05-10,"-1,160,469,291,831","214,333,782,815"
2021-05-11,"4,069,885,819,139","-2,242,687,344,203"
2021-05-12,"3,225,221,357,088","-2,871,299,390,214"
2021-05-13,"1,578,550,659,141","-1,460,043,776,076"
2021-05-14,"312,718,263,362","-337,535,397,776"
2021-05-17,"862,531,255,713","-759,103,022,134"
2021-05-18,"-808,299,234,868","-246,716,603,949"
2021-05-20,"720,370,718,412","-410,653,342,631"
2021-05-21,"149,075,336,824","-206,449,857,449"
2021-05-24,"209,713,528,659","-211,190,859,870"
2021-05-25,"-1,263,038,177,621","284,113,954,089"
2021-05-26,"-179,835,582,025","-19,146,317,700"
2021-05-27,"-105,817,604,348","-136,509,952,535"
2021-05-28,"-819,056,736,661","58,011,242,892"
2021-05-31,"285,516,461,216","538,226,765,361"
2021-06-01,"-522,836,416,970","-71,506,603,235"
2021-06-02,"491,892,193,168","-60,381,963,302"
2021-06-03,"-813,371,843,208","380,428,811,918"
2021-06-04,"652,050,369,506","94,527,064,451"
2021-06-07,"176,332,156,937","-280,410,770,163"
2021-06-08,"-54,261,499,759","-224,495,101,480"
2021-06-09,"869,733,069,271","-434,138,707,649"
2021-06-10,"20,898,967,576","758,575,820,708"
2021-06-11,"-267,226,347,514","66,385,996,148"
2021-06-14,"365,240,071,253","-42,102,416,270"
2021-06-15,"400,004,677,295","-254,691,641,259"
2021-06-16,"-268,332,713,083","254,090,016,979"
2021-06-17,"904,066,344,903","-190,009,778,984"
2021-06-18,"521,111,443,710","-437,036,309,296"
2021-06-21,"2,125,849,140,259","-966,567,238,435"
2021-06-22,"-162,829,834,639","188,046,249,439"
2021-06-23,"-98,564,107,652","87,429,598,901"
2021-06-24,"181,301,922,586","-251,713,458,515"
2021-06-25,"-751,328,358,930","283,228,506,905"
2021-06-28,"408,501,870,615","-1,358,643,788"
2021-06-29,"1,267,166,131,879","107,928,780,987"
2021-06-30,"-84,473,218,757","91,120,420,779"
2021-07-01,"1,215,815,921,923","-401,583,409,411"
2021-07-02,"528,694,659,885","-212,350,604,020"
2021-07-05,"-541,542,541,150","187,786,688,127"
2021-07-06,"-158,329,723,479","173,936,411,722"
2021-07-07,"1,017,527,795,135","-168,115,357,241"
2021-07-08,"1,458,855,510,828","-710,260,193,660"
2021-07-09,"1,753,899,359,784","-1,260,974,615,177"
2021-07-12,"-94,592,210,688","-45,066,329,374"
2021-07-13,"-686,056,384,982","434,449,304,745"
2021-07-14,"675,736,839,112","-249,643,265,634"
2021-07-15,"-389,142,503,769","220,914,237,825"
2021-07-16,"819,354,637,604","-103,898,560,045"
2021-07-19,"1,043,100,328,548","-488,656,458,710"
2021-07-20,"47,732,073,979","-94,593,014,148"
2021-07-21,"952,319,606,209","-595,865,008,117"
2021-07-22,"-1,110,023,151,356","314,033,417,955"
2021-07-23,"-144,491,429,167","180,940,699,390"
2021-07-26,"953,440,947,821","-556,910,750,885"
2021-07-27,"-170,816,493,030","-18,087,809,896"
2021-07-28,"396,770,583,329","-494,245,332,667"
2021-07-29,"-51,477,383,714","-129,980,160,747"
2021-07-30,"1,512,688,515,163","-835,016,730,097"
2021-08-02,"-575,013,051,063","-65,414,611,636"
2021-08-03,"-541,464,603,187","627,254,917,024"
2021-08-04,"-1,844,239,701,041","983,706,415,778"
2021-08-05,"-498,096,535,355","306,914,976,407"
2021-08-06,"286,132,112,667","59,810,340,742"
2021-08-09,"1,398,522,811,851","-274,100,388,119"
2021-08-10,"1,772,813,719,577","-734,847,424,210"
2021-08-11,"1,829,275,737,365","-1,560,557,704,996"
2021-08-12,"1,945,437,538,988","-1,913,918,061,597"
2021-08-13,"3,087,536,691,633","-2,593,733,591,919"
2021-08-17,"781,731,926,661","-486,879,734,045"
2021-08-18,"-348,468,535,316","-77,776,906,409"
2021-08-19,"1,068,163,115,451","-420,680,857,534"
2021-08-20,"317,087,018,146","-320,898,893,846"
2021-08-23,"-1,043,356,521,659","298,588,794,827"
2021-08-24,"-394,884,036,076","241,691,438,926"
2021-08-25,"295,375,458,505","49,319,310,524"
2021-08-26,"591,368,636,859","-474,601,615,474"
2021-08-27,"-179,572,983,901","-451,166,011,932"
2021-08-30,"-32,737,195,985","-219,610,767,029"
2021-08-31,"-925,820,776,460","1,074,455,663,606"
2021-09-01,"-77,155,843,139","134,304,095,492"
2021-09-02,"1,085,798,974,289","465,381,933,523"
2021-09-03,"-540,631,087,078","698,130,808,149"
2021-09-06,"108,500,467,753","-53,479,596,225"
2021-09-07,"421,956,448,443","-270,035,119,638"
2021-09-08,"758,658,609,322","-405,416,889,294"
2021-09-09,"1,364,653,990,862","-363,535,430,324"
2021-09-10,"256,865,183,258","-400,023,036,381"
2021-09-13,"7,223,892,537","49,290,561,022"
2021-09-14,"-1,407,970,827,397","509,324,440,140"
2021-09-15,"-231,776,149,403","388,214,759,179"
2021-09-16,"669,425,879,560","-94,479,256,861"
2021-09-17,"167,656,261,553","142,101,403,131"
2021-09-23,"-376,235,843,159","625,499,635,353"
2021-09-24,"463,264,972,587","5,372,354,098"
2021-09-27,"-218,696,053,762","383,757,146,665"
2021-09-28,"1,007,091,997,226","-199,393,681,375"
2021-09-29,"1,032,057,719,940","-575,992,250,306"
2021-09-30,"152,055,782,020","-23,889,242,374"
2021-10-01,"889,418,447,098","-396,715,374,936"
2021-10-05,"114,828,508,409","-505,305,761,458"
2021-10-06,"80,007,474,829","-325,351,557,151"
2021-10-07,"-938,395,072,341","231,142,089,914"
2021-10-08,"811,254,245,095","-266,282,444,326"
2021-10-12,"1,156,364,620,257","-983,083,558,996"
2021-10-13,"-823,251,902,345","-36,677,327,504"
2021-10-14,"-318,318,757,758","-198,527,108,872"
2021-10-15,"-153,986,612,670","-26,903,627,354"
2021-10-18,"530,708,747,640","-27,009,878,958"
2021-10-19,"-266,442,778,975","136,423,995,578"
2021-10-20,"434,334,133,069","-167,593,807,327"
2021-10-21,"85,969,999,501","-103,470,624,361"
2021-10-22,"-176,935,557,361","42,955,082,491"
2021-10-25,"-246,596,108,417","-4,193,721,763"
2021-10-26,"-693,751,655,845","247,468,688,187"
2021-10-27,"707,703,023,764","-364,054,277,669"
2021-10-28,"475,510,195,576","-315,504,497,819"
2021-10-29,"1,245,078,994,998","-762,652,606,579"
2021-11-01,"-436,272,424,580","-287,637,960,712"
2021-11-02,"-1,241,355,442,425","467,755,123,984"
2021-11-03,"796,217,057,659","-389,536,596,233"
2021-11-04,"-747,948,297,684","361,652,101,126"
2021-11-05,"159,927,409,623","202,670,217,364"
2021-11-08,"329,597,670,406","-101,442,075,085"
2021-11-09,"-231,856,745,802","-10,805,098,359"
2021-11-10,"698,645,950,979","-255,734,983,217"
2021-11-11,"31,797,761,931","252,782,378,491"
2021-11-12,"-1,219,929,031,505","648,894,850,410"
2021-11-15,"-863,071,491,794","467,283,818,953"
2021-11-16,"-235,616,128,046","776,337,369,164"
2021-11-17,"852,217,213,619","43,255,110,766"
2021-11-18,"371,900,646,143","-165,223,935,871"
2021-11-19,"-413,000,507,336","309,616,947,811"
2021-11-22,"-1,177,336,475,983","657,930,227,229"
2021-11-23,"536,293,163,186","333,701,787,836"
2021-11-24,"135,774,517,847","401,034,409,313"
2021-11-25,"269,814,861,358","-179,160,603,223"
2021-11-26,"364,338,084,017","13,437,039,445"
2021-11-29,"-1,077,149,380,529","281,213,146,748"
2021-11-30,"709,266,379,445","-219,364,181,212"
2021-12-01,"-1,036,596,647,386","983,221,267,651"
2021-12-02,"-885,267,943,721","945,332,877,440"
2021-12-03,"-560,177,292,210","309,322,108,978"
2021-12-06,"206,976,961,383","-255,507,447,848"
2021-12-07,"-77,149,739,438","121,584,164,206"
2021-12-08,"-976,430,763,816","74,118,548,592"
2021-12-09,"-814,284,099,794","364,437,250,763"
2021-12-10,"611,000,356,386","-543,487,864,087"
2021-12-13,"-186,938,694,041","-207,683,279,289"
2021-12-14,"-64,752,752,390","226,506,276,414"
2021-12-15,"121,261,364,765","-15,186,538,239"
2021-12-16,"-224,279,346,268","193,715,078,843"
2021-12-17,"-403,044,381,905","502,220,429,270"
2021-12-20,"1,098,033,943,939","-665,375,348,782"
2021-12-21,"-979,340,439,074","124,166,641,603"
2021-12-22,"-671,397,263,955","442,493,318,236"
2021-12-23,"-1,160,873,732,489","309,652,322,005"
2021-12-24,"-1,568,936,499,592","369,243,850,045"
2021-12-27,"-967,696,546,301","106,035,420,083"
2021-12-28,"-3,158,711,263,127","786,930,479,698"
2021-12-29,"3,007,490,593,918","-585,866,784,326"
2021-12-30,"1,175,433,770,442","-238,906,967,038"
2022-01-03,"910,953,244,497","59,449,001,532"
2022-01-04,"1,175,982,438,781","-141,916,086,418"
2022-01-05,"1,189,197,082,695","385,038,250,877"
2022-01-06,"664,603,147,733","55,256,486,395"
2022-01-07,"-221,233,233,526","715,195,661,281"
2022-01-10,"911,440,893,130","-201,360,184,039"
2022-01-11,"9,471,197,249","343,250,605,314"
2022-01-12,"-1,237,461,830,635","494,205,092,741"
2022-01-13,"189,633,329,120","113,731,696,085"
2022-01-14,"975,123,544,567","-352,962,960,885"
2022-01-17,"498,078,335,798","-804,047,418,785"
2022-01-18,"237,936,614,402","-31,142,381,563"
2022-01-19,"10,058,503,624","22,995,577,289"
2022-01-20,"-177,389,811,109","-121,759,827,801"
2022-01-21,"1,269,902,278,539","-541,382,311,969"
2022-01-24,"-26,936,645,118","-576,144,414,618"
2022-01-25,"455,717,144,228","-475,175,524,561"
2022-01-26,"68,025,689,648","-186,034,282,159"
2022-01-27,"187,956,073,538","-2,069,708,762,370"
2022-01-28,"112,634,892,692","-624,585,631,572"
2022-02-03,"-86,618,044,588","107,724,644,709"
2022-02-04,"-354,424,679,674","149,488,715,313"
2022-02-07,"1,250,176,089,909","-280,706,097,993"
2022-02-08,"192,254,849,179","-222,137,110,343"
2022-02-09,"-526,826,312,295","251,000,136,782"
2022-02-10,"116,209,532,478","564,048,273,408"
2022-02-11,"299,227,948,799","490,365,665,030"
2022-02-14,"-309,815,772,488","162,953,947,608"
2022-02-15,"153,723,896,149","-230,584,715,131"
2022-02-16,"-611,309,624,644","238,316,089,523"
2022-02-17,"-1,111,236,000,183","624,040,854,505"
2022-02-18,"43,594,779,443","-109,152,870,072"
2022-02-21,"126,590,727,587","-103,972,150,717"
2022-02-22,"685,251,581,175","-375,044,122,595"
2022-02-23,"111,675,046,841","-286,460,012,504"
2022-02-24,"1,270,253,421,167","-818,603,581,567"
2022-02-25,"-507,892,764,706","222,391,637,865"
2022-02-28,"330,842,445,384","110,571,823,618"
2022-03-02,"359,424,858,171","-269,706,742,772"
2022-03-03,"-326,779,067,252","78,469,929,934"
2022-03-04,"1,371,103,043,090","-807,064,536,099"
2022-03-07,"2,300,840,351,906","-1,286,730,316,856"
2022-03-08,"819,407,474,543","-546,830,064,349"
2022-03-10,"-608,466,952,179","-433,346,453,478"
2022-03-11,"1,039,167,263,832","-725,140,455,399"
2022-03-14,"1,130,295,002,687","-972,347,159,168"
2022-03-15,"663,721,351,998","-715,695,877,573"
2022-03-16,"-501,250,899,950","15,794,540,997"
2022-03-17,"-1,197,533,112,497","789,315,881,614"
2022-03-18,"82,837,627,030","-36,177,025,687"
2022-03-21,"865,654,450,093","-555,569,683,686"
2022-03-22,"-236,531,505,797","223,441,866,694"
2022-03-23,"-390,123,462,825","140,454,673,042"
2022-03-24,"657,463,537,395","932,088,962,378"
2022-03-25,"630,924,862,267","-528,180,565,620"
2022-03-28,"416,945,335,126","-327,559,983,474"
2022-03-29,"-220,503,552,861","-119,552,671,074"
2022-03-30,"-110,534,224,601","12,473,564,592"
2022-03-31,"-811,335,923,000","627,358,299,995"
2022-04-01,"1,023,445,053,654","-107,211,556,591"
2022-04-04,"93,688,897,190","-36,148,306,231"
2022-04-05,"174,515,058,628","64,269,749,401"
2022-04-06,"1,432,795,628,829","-687,148,616,302"
2022-04-07,"1,695,241,669,945","-1,028,297,146,666"
2022-04-08,"398,786,444,875","-480,098,470,916"
2022-04-11,"378,454,620,017","-231,600,666,105"
2022-04-12,"667,383,943,868","-478,156,758,996"
2022-04-13,"-672,260,931,784","-29,928,085,926"
2022-04-14,"158,652,118,219","-285,559,207,721"
2022-04-15,"904,023,871,826","-410,231,177,056"
2022-04-18,"238,412,137,432","-193,862,870,563"
2022-04-19,"-679,862,268,887","214,530,442,767"
2022-04-20,"240,025,681,129","-11,080,327,578"
2022-04-21,"-555,132,038,946","-79,812,273,377"
2022-04-22,"1,116,941,836,986","-245,087,773,376"
2022-04-25,"1,367,781,183,050","-866,893,340,426"
2022-04-26,"-100,424,883,928","-279,340,938,360"
2022-04-27,"1,099,855,505,473","-691,092,771,679"
2022-04-28,"138,080,268,697","-287,734,228,603"
2022-04-29,"-611,684,465,227","4,153,231,272"
2022-05-02,"367,010,422,713","-64,180,224,170"
2022-05-03,"-12,363,944,407","118,139,154,697"
2022-05-04,"247,264,008,619","-93,313,194,425"
2022-05-06,"1,007,627,905,730","-538,862,884,286"
2022-05-09,"420,018,064,760","-203,275,960,454"
2022-05-10,"304,378,577,509","-265,792,795,554"
2022-05-11,"285,954,569,936","-299,620,672,253"
2022-05-12,"701,416,674,709","-346,669,064,474"
2022-05-13,"-1,207,935,870,192","239,644,526,402"
2022-05-16,"74,664,197,049","-20,321,174,194"
2022-05-17,"-391,878,719,467","-55,093,250,870"
2022-05-18,"116,748,998,041","293,376,740,549"
2022-05-19,"570,356,499,656","-79,653,550,482"
2022-05-20,"-1,246,771,176,567","304,583,393,257"
2022-05-23,"-34,206,795,647","-93,238,037,177"
2022-05-24,"766,039,419,418","-357,285,619,306"
2022-05-25,"-460,786,007,861","-63,309,109,471"
2022-05-26,"138,039,068,079","21,251,814,564"
2022-05-27,"-660,998,374,060","174,399,778,087"
2022-05-30,"-921,610,897,799","446,430,109,939"
2022-05-31,"-450,500,225,597","1,055,470,128,303"
2022-06-02,"910,072,658,705","-142,654,363,475"
2022-06-03,"-139,307,128,171","-157,968,897,066"
2022-06-07,"1,250,788,832,276","-306,547,838,881"
2022-06-08,"88,757,552,519","-97,818,389,743"
2022-06-09,"469,404,187,869","-1,055,645,152,758"
2022-06-10,"1,176,692,457,936","-898,062,254,986"
2022-06-13,"693,380,308,786","-451,131,913,416"
2022-06-14,"-67,384,573,861","-276,258,113,396"
2022-06-15,"431,031,881,969","-620,559,663,560"
2022-06-16,"-366,407,261,546","272,479,681,237"
2022-06-17,"342,108,184,755","-328,237,086,408"
2022-06-20,"297,856,655,158","-819,631,575,367"
2022-06-21,"-365,214,133,502","-229,649,091,532"
2022-06-22,"504,327,170,878","-370,857,979,390"
2022-06-23,"-732,024,394,076","-220,013,590,452"
2022-06-24,"-1,135,579,290,613","346,340,909,703"
2022-06-27,"-19,829,455,847","255,532,597,236"
2022-06-28,"376,514,331,838","-270,825,505,268"
2022-06-29,"982,989,891,825","-380,530,253,753"
2022-06-30,"789,264,606,718","-395,809,798,750"
2022-07-01,"533,625,668,470","-440,787,522,401"
2022-07-04,"-126,467,177,752","-178,310,446,234"
2022-07-05,"-726,448,583,125","409,036,163,433"
2022-07-06,"959,338,736,008","-94,509,041,005"
2022-07-07,"-425,889,252,769","65,520,881,422"
2022-07-08,"-128,079,540,823","255,812,122,802"
2022-07-11,"342,852,630,426","-135,369,616,811"
2022-07-12,"573,475,707,594","-199,152,307,991"
2022-07-13,"-325,207,582,967","-93,408,329,024"
2022-07-14,"165,480,902,135","391,244,920,872"
2022-07-15,"171,794,065,092","139,901,734,976"
2022-07-18,"-441,666,434,811","625,666,013,771"
2022-07-19,"78,373,962,572","35,235,491,374"
2022-07-20,"38,887,423,136","-38,635,470,104"
2022-07-21,"-284,420,487,457","375,099,911,451"
2022-07-22,"347,592,626,291","-32,987,814,822"
2022-07-25,"-207,479,586,352","24,064,028,127"
2022-07-26,"20,974,155,317","-50,870,013,586"
2022-07-27,"200,137,250,472","-72,450,490,575"
2022-07-28,"-285,121,695,953","403,513,236,251"
2022-07-29,"-560,279,981,233","404,560,778,962"
2022-08-01,"28,140,849,667","160,707,856,548"
2022-08-02,"444,793,045,108","196,149,826,085"
2022-08-03,"-465,890,620,701","555,907,588,866"
2022-08-04,"-68,163,033,563","328,983,128,833"
2022-08-05,"-498,067,533,275","432,791,308,320"
2022-08-08,"203,418,218,415","128,273,935,622"
2022-08-09,"-122,007,274,972","9,723,107,340"
2022-08-10,"485,884,055,066","-182,139,651,758"
2022-08-11,"-768,052,596,134","208,039,183,720"
2022-08-12,"-134,215,001,978","-6,137,798,050"
2022-08-16,"-104,734,309,970","172,064,365,294"
2022-08-17,"278,599,339,656","33,771,690,706"
2022-08-18,"223,597,952,367","295,993,584,368"
2022-08-19,"550,929,378,608","182,350,993,369"
2022-08-22,"279,948,056,766","163,722,124,533"
2022-08-23,"174,115,704,579","27,286,676,300"
2022-08-24,"-4,271,342,761","141,127,518,271"
2022-08-25,"-307,997,411,968","104,973,724,800"
2022-08-26,"-143,980,485,314","184,671,073,132"
2022-08-29,"696,447,664,908","14,669,497,101"
2022-08-30,"22,365,023,293","22,734,530,578"
2022-08-31,"-27,719,725,731","808,021,196,119"
2022-09-01,"1,407,511,638,108","-424,851,204,299"
2022-09-02,"347,014,334,759","-249,947,958,880"
2022-09-05,"-13,640,262,567","-74,190,919,804"
2022-09-06,"-35,843,102,546","-13,161,094,118"
2022-09-07,"782,661,583,814","-539,813,860,030"
2022-09-08,"-40,316,753,857","-269,401,687,507"
2022-09-13,"-1,419,398,358,152","506,231,206,000"
2022-09-14,"586,959,833,964","-171,566,004,205"
2022-09-15,"462,872,842,983","-367,195,434,523"
2022-09-16,"584,845,630,880","-137,939,256,094"
2022-09-19,"85,062,484,427","-49,676,117,848"
2022-09-20,"-359,809,767,793","-11,637,241,508"
2022-09-21,"395,581,345,542","-350,020,930,304"
2022-09-22,"330,843,516,492","-106,831,332,391"
2022-09-23,"718,878,844,555","-497,696,569,114"
2022-09-26,"-440,659,023,301","118,095,958,579"
2022-09-27,"-206,827,264,030","-197,752,309,680"
2022-09-28,"380,243,086,833","-274,208,119,541"
2022-09-29,"-467,625,904,181","357,821,943,102"
2022-09-30,"-347,920,963,396","260,410,266,963"
2022-10-04,"-388,985,263,195","278,157,114,879"
2022-10-05,"776,969,236,193","-188,211,913,410"
2022-10-06,"-428,416,052,813","386,170,168,886"
2022-10-07,"258,158,509,111","-37,853,484,859"
2022-10-11,"247,309,218,564","134,502,959,826"
2022-10-12,"-137,405,690,286","158,327,649,472"
2022-10-13,"97,965,439,326","159,645,244,150"
2022-10-14,"-963,437,918,897","446,617,791,145"
2022-10-17,"95,411,418,270","279,768,237,538"
2022-10-18,"-198,171,129,476","1,761,713,867"
2022-10-19,"-101,084,387,918","200,362,728,314"
2022-10-20,"706,619,571,437","-167,914,436,007"
2022-10-21,"13,270,693,107","-8,768,358,383"
2022-10-24,"-798,689,600,277","260,492,738,416"
2022-10-25,"-67,878,953,664","-19,388,124,569"
2022-10-26,"-416,970,386,317","541,546,361,917"
2022-10-27,"-1,072,929,418,124","507,108,696,170"
2022-10-28,"-3,633,334,887","-153,717,747,066"
2022-10-31,"-227,885,813,222","257,348,177,567"
2022-11-01,"-741,566,531,800","552,271,345,711"
2022-11-02,"67,742,159,526","463,808,753,590"
2022-11-03,"457,332,005,191","211,297,348,906"
2022-11-04,"92,283,241,246","-8,472,245,485"
2022-11-07,"-433,588,482,723","198,514,013,928"
2022-11-08,"-895,907,634,277","371,492,837,364"
2022-11-09,"-697,488,584,096","427,662,294,922"
2022-11-10,"451,164,332,979","-202,325,488,139"
2022-11-11,"-2,210,501,183,054","907,713,899,367"
2022-11-14,"212,317,118,205","119,772,043,562"
2022-11-15,"98,829,444,597","-75,857,348,383"
2022-11-16,"374,569,821,620","-63,893,558,951"
2022-11-17,"686,020,339,818","-478,256,556,243"
2022-11-18,"-54,685,783,094","117,643,398,796"
2022-11-21,"310,352,233,337","-216,135,676,462"
2022-11-22,"137,374,763,005","-63,238,481,891"
2022-11-23,"-299,437,206,256","217,657,221,554"
2022-11-24,"-425,897,957,043","245,753,970,084"
2022-11-25,"-85,411,862,475","283,138,111,860"
2022-11-28,"561,986,417,875","-197,826,429,486"
2022-11-29,"-557,038,724,066","180,130,386,406"
2022-11-30,"-600,622,959,062","1,113,493,419,677"
2022-12-01,"-651,032,769,830","181,594,953,802"
2022-12-02,"1,183,430,301,364","-513,466,947,972"
2022-12-05,"367,747,636,832","-333,791,346,088"
2022-12-06,"542,503,692,520","-162,008,754,173"
2022-12-07,"180,626,523,177","-179,273,692,426"
2022-12-08,"245,974,694,994","-431,146,653,980"
2022-12-09,"-555,078,478,484","119,874,482,268"
2022-12-12,"6,078,525,693","5,623,095,745"
2022-12-13,"53,730,500,293","-129,248,424,138"
2022-12-14,"-730,930,654,236","414,037,765,732"
2022-12-15,"507,469,651,472","-46,435,905,831"
2022-12-16,"77,504,825,564","266,232,577,200"
2022-12-19,"-23,802,594,781","-53,180,498,114"
2022-12-20,"195,868,999,053","-164,987,438,348"
2022-12-21,"-188,369,315,689","-67,047,715,502"
2022-12-22,"-811,800,940,570","78,465,018,597"
2022-12-23,"-140,507,251,729","-158,093,617,572"
2022-12-26,"-965,520,637,090","107,132,683,854"
2022-12-27,"-1,537,178,522,727","165,336,755,892"
2022-12-28,"1,668,871,411,803","-511,352,204,844"
2022-12-29,"871,787,356,504","-279,104,596,633"
2023-01-02,"298,666,144,583","-49,245,189,956"
2023-01-03,"272,306,671,631","73,788,820,560"
2023-01-04,"-264,663,909,880","243,085,580,805"
2023-01-05,"69,923,633,722","349,346,854,707"
2023-01-06,"-631,074,174,947","399,842,103,712"
2023-01-09,"-1,402,895,213,213","678,618,794,497"
2023-01-10,"-9,973,229,835","-67,822,500,635"
2023-01-11,"-410,821,604,446","182,715,999,786"
2023-01-12,"46,147,137,741","425,720,767,084"
2023-01-13,"-663,685,727,401","494,604,441,747"
2023-01-16,"-517,110,271,592","340,515,489,987"
2023-01-17,"346,018,636,746","112,039,444,594"
2023-01-18,"173,563,781,938","83,011,695,691"
2023-01-19,"-194,698,798,301","564,629,353,616"
2023-01-20,"-282,372,299,857","234,136,934,457"
2023-01-25,"-1,120,905,040,972","929,117,765,067"
2023-01-26,"-1,176,247,881,231","912,229,020,865"
2023-01-27,"-1,115,502,455,490","984,815,875,007"
2023-01-30,"551,005,153,075","-12,528,513,124"
2023-01-31,"280,567,266,007","-376,167,492,352"
2023-02-01,"-243,521,681,302","399,253,134,620"
2023-02-02,"-727,217,363,390","765,963,666,963"
2023-02-03,"-363,443,940,647","592,019,704,947"
2023-02-06,"941,805,835,816","-330,397,063,474"
2023-02-07,"14,800,181,763","25,154,591,601"
2023-02-08,"-657,100,361,917","650,518,952,388"
2023-02-09,"172,617,315,321","324,465,448,246"
2023-02-10,"901,867,454,125","-53,706,174,362"
2023-02-13,"332,327,613,508","149,307,255,693"
2023-02-14,"-486,433,893,834","177,038,765,971"
2023-02-15,"1,366,111,284,993","-299,328,543,821"
2023-02-16,"-1,297,081,268,420","258,288,387,180"
2023-02-17,"609,918,936,056","-88,405,581,347"
2023-02-20,"-158,792,293,250","-111,396,599,913"
2023-02-21,"81,358,376,844","10,004,767,810"
2023-02-22,"1,409,968,476,940","-494,684,481,312"
2023-02-23,"-311,797,136,333","1,611,846,356"
2023-02-24,"519,698,769,466","-375,091,451,895"
2023-02-27,"756,351,501,142","-315,779,715,804"
2023-02-28,"-269,635,392,159","-225,486,179,554"
2023-03-02,"-76,691,615,085","470,520,516,376"
2023-03-03,"-173,138,599,072","150,330,737,519"
2023-03-06,"-435,039,964,429","197,109,904,344"
2023-03-07,"38,285,845,575","314,848,939,188"
2023-03-08,"1,186,923,064,474","11,624,526,439"
2023-03-09,"803,061,714,606","-1,217,501,754,589"
2023-03-10,"860,861,046,534","-486,306,076,887"
2023-03-13,"-416,794,961,052","166,219,224,243"
2023-03-14,"1,066,203,564,314","-851,701,303,028"
2023-03-15,"-571,328,231,013","283,183,435,537"
2023-03-16,"533,672,635,736","-414,266,050,400"
2023-03-17,"-416,870,495,220","233,977,434,717"
2023-03-20,"221,122,818,850","-240,358,030,942"
2023-03-21,"111,158,994,627","-220,653,827,119"
2023-03-22,"-420,913,377,173","241,560,749,942"
2023-03-23,"-582,126,152,021","319,098,075,070"
2023-03-24,"524,842,101,242","-113,545,173,146"
2023-03-27,"452,014,652,034","-394,144,238,263"
2023-03-28,"-189,682,012,447","-156,603,555,711"
2023-03-29,"-373,848,809,552","102,696,654,684"
2023-03-30,"9,825,095,151","143,181,944,690"
2023-03-31,"-543,894,348,428","544,363,604,544"
2023-04-03,"583,775,954,333","-152,333,125,265"
2023-04-04,"211,494,870,436","-386,965,575,475"
2023-04-05,"-492,465,550,620","168,831,233,724"
2023-04-06,"1,292,225,326,935","-697,515,531,098"
2023-04-07,"-1,235,808,957,827","789,617,475,200"
2023-04-10,"-124,461,607,393","557,258,635,554"
2023-04-11,"-395,912,378,582","128,319,930,916"
2023-04-12,"1,081,564,901","446,435,327,225"
2023-04-13,"-244,596,933,414","-251,549,670,304"
2023-04-14,"-519,474,732,874","174,916,763,105"
2023-04-17,"584,168,562,710","-14,722,332,530"
2023-04-18,"632,381,276,427","267,407,440,453"
2023-04-19,"135,954,912,303","-127,627,283,971"
2023-04-20,"394,640,417,740","-80,951,163,171"
2023-04-21,"52,135,820,329","121,611,119,207"
2023-04-24,"92,634,516,962","-61,050,229,127"
2023-04-25,"204,683,654,277","-97,663,650,072"
2023-04-26,"361,689,515,308","-239,107,519,737"
2023-04-27,"19,291,400,056","339,352,753,097"
2023-04-28,"533,081,492,029","-66,858,739,976"
2023-05-02,"-784,985,236,328","503,947,631,363"
2023-05-03,"691,407,883,064","-269,171,426,106"
2023-05-04,"414,286,792,247","-94,320,592,821"
2023-05-08,"-673,877,540,903","193,586,404,527"
2023-05-09,"-12,322,935,276","5,801,427,315"
2023-05-10,"14,922,247,920","108,405,400,443"
2023-05-11,"-149,736,931,205","-56,693,672,496"
2023-05-12,"392,958,822,840","-296,377,569,688"
2023-05-15,"-58,047,057,351","-171,762,034,620"
2023-05-16,"10,187,241,484","163,116,573,857"
2023-05-17,"-648,483,012,038","393,398,320,195"
2023-05-18,"-318,853,023,401","445,065,917,660"
2023-05-19,"-1,281,574,601,267","637,272,187,925"
2023-05-22,"-990,254,965,416","512,038,861,217"
2023-05-23,"-404,867,589,480","6,349,683,615"
2023-05-24,"363,411,892,487","-104,985,034,891"
2023-05-25,"590,589,631,065","105,428,286,126"
2023-05-26,"-381,461,587,379","891,286,607,829"
2023-05-30,"-767,687,702,965","788,656,287,367"
2023-05-31,"-189,775,692,114","367,721,534,767"
2023-06-01,"332,053,914,538","55,292,775,884"
2023-06-02,"-611,691,241,310","349,977,589,986"
2023-06-05,"-399,369,251,721","-45,552,592,465"
2023-06-07,"-516,094,145,462","163,724,685,077"
2023-06-08,"316,746,129,095","-605,684,161,526"
2023-06-09,"-1,032,135,413,526","573,972,678,283"
2023-06-12,"359,706,191,003","-296,543,104,375"
2023-06-13,"-542,834,998,647","341,706,649,623"
2023-06-14,"603,916,601,984","-201,429,429,656"
2023-06-15,"373,571,062,183","-41,058,039,811"
2023-06-16,"-359,800,702,044","502,416,822,937"
2023-06-19,"656,906,793,312","-561,681,844,656"
2023-06-20,"524,449,581,592","-292,090,476,921"
2023-06-21,"903,665,058,116","-381,976,546,499"
2023-06-22,"-150,097,431,376","-57,343,228,129"
2023-06-23,"656,681,936,893","-263,395,259,137"
2023-06-26,"-374,557,914,674","154,810,899,281"
2023-06-27,"348,654,119,309","-319,511,198,523"
2023-06-28,"429,816,266,144","-533,119,626,551"
2023-06-29,"167,370,865,854","9,034,311,727"
2023-06-30,"-33,331,842,600","-186,279,357,783"
2023-07-03,"-1,301,584,987,748","458,099,481,086"
2023-07-04,"530,440,694,305","-152,709,893,528"
2023-07-05,"435,012,945,189","292,409,235,447"
2023-07-06,"1,007,034,368,082","-275,495,331,653"
2023-07-07,"908,443,798,710","-71,829,545,303"
2023-07-10,"539,918,500,425","-247,923,505,041"
2023-07-11,"-829,290,407,726","585,712,117,027"
2023-07-12,"5,269,455,583","25,422,634,703"
2023-07-13,"-865,513,719,683","387,053,030,858"
2023-07-14,"-1,236,897,081,044","635,696,373,245"
2023-07-17,"517,710,159,910","-108,396,275,995"
2023-07-18,"129,763,768,296","336,120,705,612"
2023-07-19,"366,968,386,631","-88,405,830,336"
2023-07-20,"178,324,321,890","103,130,585,246"
2023-07-21,"409,891,166,570","-338,629,263,058"
2023-07-24,"319,038,029,069","-64,931,738,956"
2023-07-25,"949,758,645,591","-916,889,232,238"
2023-07-26,"364,013,375,876","-64,794,810,976"
2023-07-27,"-943,603,898,542","290,966,309,877"
2023-07-28,"62,934,464,418","351,805,815,338"
2023-07-31,"346,607,807,547","-338,093,514,005"
2023-08-01,"-112,343,879,473","-34,542,339,753"
2023-08-02,"1,329,950,380,703","-395,197,127,559"
2023-08-03,"783,824,934,903","-213,941,738,922"
2023-08-04,"678,325,962,904","-331,281,425,698"
2023-08-07,"360,283,791,597","84,752,802,923"
2023-08-08,"568,658,459,812","-125,171,320,367"
2023-08-09,"-409,183,428,859","618,441,065,172"
2023-08-10,"452,038,588,808","-329,929,743,657"
2023-08-11,"209,526,983,455","-213,408,803,187"
2023-08-14,"622,484,574,670","-250,342,986,688"
2023-08-16,"381,828,716,541","-167,065,108,894"
2023-08-17,"-114,253,551,406","41,762,856,989"
2023-08-18,"597,991,875,124","-321,056,672,239"
2023-08-21,"-386,827,181,323","170,773,317,592"
2023-08-22,"49,730,850,499","49,652,550,150"
2023-08-23,"326,834,902,673","-139,691,780,806"
2023-08-24,"-832,630,471,238","440,107,408,104"
2023-08-25,"410,579,195,982","-132,074,645,111"
2023-08-28,"-378,900,945,434","92,720,401,203"
2023-08-29,"-105,647,367,524","-26,505,323,171"
2023-08-30,"-413,997,636,840","211,245,182,871"
2023-08-31,"-259,444,735,668","226,507,820,680"
2023-09-01,"132,087,631,294","152,713,801,029"
2023-09-04,"-343,258,061,097","407,557,601,752"
2023-09-05,"-36,484,595,248","231,176,331,547"
2023-09-06,"386,598,879,756","-79,487,267,432"
2023-09-07,"460,431,826,123","-138,783,498,901"
2023-09-08,"161,473,817,277","-402,291,453,363"
2023-09-11,"34,279,641,506","-38,183,465,359"
2023-09-12,"252,370,200,351","-439,414,603,640"
2023-09-13,"-126,968,705,110","-12,073,475,833"
2023-09-14,"-956,562,837,987","-370,403,582,006"
2023-09-15,"-946,110,114,355","-107,924,500,784"
2023-09-18,"569,667,597,119","-391,829,756,246"
2023-09-19,"466,417,898,186","-79,057,904,496"
2023-09-20,"254,523,298,997","-277,312,470,947"
2023-09-21,"1,145,395,799,745","-169,646,192,156"
2023-09-22,"178,448,143,818","-131,460,642,979"
2023-09-25,"158,577,159,281","-250,190,225,826"
2023-09-26,"543,644,764,418","-131,364,279,993"
2023-09-27,"-12,583,138,978","-35,483,359,031"
2023-10-04,"1,151,634,703,659","-676,238,182,635"
2023-10-05,"138,066,587,900","-194,819,714,795"
2023-10-06,"-93,511,579,993","-142,388,807,497"
2023-10-10,"-448,176,551,955","-155,039,261,767"
2023-10-11,"-719,809,684,172","63,144,187,304"
2023-10-12,"-118,048,527,183","-151,670,037,824"
2023-10-13,"803,122,305,818","-433,104,169,881"
2023-10-16,"282,870,424,010","-330,069,004,962"
2023-10-17,"-369,847,239,989","435,169,645,771"
2023-10-18,"-74,338,208,807","240,261,024,468"
2023-10-19,"570,688,625,457","-211,928,453,055"
2023-10-20,"48,974,235,056","156,052,012,149"
2023-10-23,"77,659,446,606","-181,255,729,608"
2023-10-24,"-263,528,157,761","-66,420,973,537"
2023-10-25,"510,371,394,141","-463,963,882,037"
2023-10-26,"249,327,754,919","-434,634,484,267"
2023-10-27,"-7,194,301,365","-366,601,211,055"
2023-10-30,"-108,001,638,563","12,186,873,748"
2023-10-31,"604,414,323,404","-474,339,922,982"
2023-11-01,"-467,120,162,682","-93,929,557,908"
2023-11-02,"-933,362,712,765","424,386,228,641"
2023-11-03,"-158,954,523,939","16,482,773,282"
2023-11-06,"-1,422,294,143,084","1,190,121,743,467"
