date,open
20021014,5354.0
20021015,5483.0
20021016,5442.0
20021017,5661.0
20021018,5729.0
20021021,5695.0
20021022,5470.0
20021023,5661.0
20021024,5545.0
20021025,5729.0
20021028,5797.0
20021029,5790.0
20021030,5708.0
20021031,5633.0
20021101,5627.0
20021104,5811.0
20021105,5770.0
20021106,5865.0
20021107,5797.0
20021108,5763.0
20021111,5545.0
20021112,5674.0
20021113,5599.0
20021114,5729.0
20021115,5804.0
20021118,5708.0
20021119,5784.0
20021120,6002.0
20021121,6104.0
20021122,6049.0
20021125,6138.0
20021126,6029.0
20021127,6261.0
20021128,6186.0
20021129,6288.0
20021202,6315.0
20021203,6288.0
20021204,6172.0
20021205,6213.0
20021206,6193.0
20021209,6043.0
20021210,6104.0
20021211,6063.0
20021212,6118.0
20021213,6043.0
20021216,6056.0
20021217,6029.0
20021218,6118.0
20021220,6165.0
20021223,5981.0
20021224,5865.0
20021226,5804.0
20021227,5729.0
20021230,5633.0
20030102,5729.0
20030103,5790.0
20030106,5995.0
20030107,5777.0
20030108,5715.0
20030109,5640.0
20030110,5524.0
20030113,5702.0
20030114,5784.0
20030115,5640.0
20030116,5668.0
20030117,5490.0
20030120,5586.0
20030121,5524.0
20030122,5470.0
20030123,5538.0
20030124,5286.0
20030127,5177.0
20030128,5306.0
20030129,5142.0
20030130,5190.0
20030203,5286.0
20030204,5224.0
20030205,5265.0
20030206,5129.0
20030207,5013.0
20030210,5081.0
20030211,4979.0
20030212,5122.0
20030213,4999.0
20030214,5163.0
20030217,5333.0
20030218,5374.0
20030219,5265.0
20030220,5347.0
20030221,5347.0
20030224,5374.0
20030225,5265.0
20030226,5170.0
20030227,5149.0
20030228,5088.0
20030303,5156.0
20030304,5033.0
20030305,4999.0
20030306,4870.0
20030307,4842.0
20030310,4835.0
20030311,4767.0
20030312,4788.0
20030313,4863.0
20030314,4795.0
20030317,4801.0
20030318,4842.0
20030319,4911.0
20030320,5088.0
20030321,5183.0
20030324,4917.0
20030325,4999.0
20030326,4917.0
20030327,4911.0
20030328,4863.0
20030331,4767.0
20030401,4822.0
20030402,4945.0
20030403,4835.0
20030404,5095.0
20030407,5170.0
20030408,5183.0
20030409,5081.0
20030410,5129.0
20030411,5252.0
20030414,5388.0
20030415,5463.0
20030416,5483.0
20030417,5552.0
20030418,5538.0
20030421,5518.0
20030422,5422.0
20030423,5354.0
20030424,5149.0
20030425,5006.0
20030428,5229.0
20030429,5376.0
20030430,5369.0
20030502,5404.0
20030506,5453.0
20030507,5453.0
20030509,5650.0
20030512,5657.0
20030513,5446.0
20030514,5446.0
20030515,5482.0
20030516,5376.0
20030519,5208.0
20030520,5334.0
20030521,5306.0
20030522,5327.0
20030523,5397.0
20030526,5468.0
20030527,5552.0
20030528,5538.0
20030529,5615.0
20030530,5699.0
20030602,5721.0
20030603,5706.0
20030604,5728.0
20030605,5664.0
20030609,5728.0
20030610,5847.0
20030611,5875.0
20030612,5917.0
20030613,5889.0
20030616,5974.0
20030617,5981.0
20030618,6030.0
20030619,6100.0
20030620,6114.0
20030623,5917.0
20030624,5938.0
20030625,5981.0
20030626,6121.0
20030627,6044.0
20030630,5945.0
20030701,6072.0
20030702,6212.0
20030703,6121.0
20030704,6262.0
20030707,6388.0
20030708,6360.0
20030709,6297.0
20030710,6220.0
20030711,6325.0
20030714,6458.0
20030715,6409.0
20030716,6318.0
20030718,6297.0
20030721,6205.0
20030722,6304.0
20030723,6212.0
20030724,6255.0
20030725,6360.0
20030728,6444.0
20030729,6465.0
20030730,6402.0
20030731,6430.0
20030801,6508.0
20030804,6494.0
20030805,6437.0
20030806,6353.0
20030807,6402.0
20030808,6297.0
20030811,6353.0
20030812,6360.0
20030813,6437.0
20030814,6515.0
20030818,6704.0
20030819,6662.0
20030820,6662.0
20030821,6803.0
20030822,6782.0
20030825,6810.0
20030826,6817.0
20030827,6866.0
20030828,6817.0
20030829,6838.0
20030901,6936.0
20030902,6936.0
20030903,6908.0
20030904,6901.0
20030905,6824.0
20030908,6873.0
20030909,6915.0
20030915,6796.0
20030916,6936.0
20030917,6901.0
20030918,6894.0
20030919,6676.0
20030922,6402.0
20030923,6480.0
20030924,6395.0
20030925,6318.0
20030926,6269.0
20030929,6297.0
20030930,6227.0
20031001,6458.0
20031002,6543.0
20031006,6578.0
20031007,6585.0
20031008,6473.0
20031009,6648.0
20031010,6838.0
20031013,6936.0
20031014,7021.0
20031015,6908.0
20031016,7063.0
20031017,6979.0
20031020,7133.0
20031021,7098.0
20031022,7000.0
20031023,6810.0
20031024,6852.0
20031027,6901.0
20031028,7175.0
20031029,7147.0
20031030,7210.0
20031031,7105.0
20031103,7309.0
20031104,7224.0
20031105,7365.0
20031106,7239.0
20031107,7316.0
20031110,7189.0
20031111,7168.0
20031112,7337.0
20031113,7414.0
20031114,7330.0
20031117,7210.0
20031118,7239.0
20031119,7077.0
20031120,6971.0
20031121,6979.0
20031124,7000.0
20031125,7014.0
20031126,7168.0
20031127,7133.0
20031128,7309.0
20031201,7442.0
20031202,7351.0
20031203,7330.0
20031204,7316.0
20031205,7084.0
20031208,7147.0
20031209,7063.0
20031210,7239.0
20031211,7309.0
20031212,7414.0
20031215,7372.0
20031216,7393.0
20031217,7253.0
20031218,7358.0
20031219,7316.0
20031222,7330.0
20031223,7316.0
20031224,7203.0
20031226,7189.0
20031229,7407.0
20031230,7555.0
20040102,7604.0
20040105,7745.0
20040106,7681.0
20040107,7730.0
20040108,7829.0
20040109,7899.0
20040112,7983.0
20040113,7920.0
20040114,7983.0
20040115,7976.0
20040116,8005.0
20040119,8040.0
20040120,8033.0
20040126,8187.0
20040127,8082.0
20040128,8040.0
20040129,8019.0
20040130,7913.0
20040202,7998.0
20040203,7829.0
20040204,7808.0
20040205,7885.0
20040206,8047.0
20040209,8124.0
20040210,8152.0
20040211,8265.0
20040212,8201.0
20040213,8279.0
20040216,8321.0
20040217,8342.0
20040218,8258.0
20040219,8229.0
20040220,8222.0
20040223,8222.0
20040224,8124.0
20040225,8222.0
20040226,8110.0
20040227,8363.0
20040302,8363.0
20040303,8426.0
20040304,8609.0
20040305,8553.0
20040308,8363.0
20040309,8342.0
20040310,8138.0
20040311,8194.0
20040312,8033.0
20040315,7955.0
20040316,7998.0
20040317,8272.0
20040318,8251.0
20040319,8258.0
20040322,8012.0
20040323,8089.0
20040324,8096.0
20040325,8117.0
20040326,8159.0
20040329,8286.0
20040330,8258.0
20040331,8251.0
20040401,8349.0
20040402,8440.0
20040406,8504.0
20040407,8581.0
20040408,8567.0
20040409,8454.0
20040412,8686.0
20040413,8560.0
20040414,8539.0
20040416,8377.0
20040419,8482.0
20040420,8511.0
20040421,8644.0
20040422,8714.0
20040423,8735.0
20040426,8567.0
20040427,8539.0
20040428,8327.0
20040429,8063.0
20040430,8034.0
20040503,8084.0
20040504,8099.0
20040506,7777.0
20040507,7684.0
20040510,7298.0
20040511,7419.0
20040512,7491.0
20040513,7384.0
20040514,7041.0
20040517,6612.0
20040518,6969.0
20040519,7148.0
20040520,7169.0
20040521,7362.0
20040524,7284.0
20040525,7291.0
20040527,7505.0
20040528,7534.0
20040531,7448.0
20040601,7434.0
20040602,7441.0
20040603,7098.0
20040604,7191.0
20040607,7527.0
20040608,7512.0
20040609,7234.0
20040610,7155.0
20040611,6726.0
20040614,6762.0
20040615,6862.0
20040616,6912.0
20040617,6898.0
20040618,6790.0
20040621,6840.0
20040622,6933.0
20040623,6933.0
20040624,7048.0
20040625,7169.0
20040628,7048.0
20040629,7241.0
20040630,7284.0
20040701,7091.0
20040702,6969.0
20040705,6919.0
20040706,6891.0
20040707,6955.0
20040708,6833.0
20040709,6891.0
20040712,6869.0
20040713,6855.0
20040714,6755.0
20040715,6719.0
20040716,6755.0
20040719,6855.0
20040720,6869.0
20040721,6812.0
20040722,6805.0
20040723,6662.0
20040726,6790.0
20040727,6919.0
20040728,6848.0
20040729,6762.0
20040730,6740.0
20040802,6669.0
20040803,6612.0
20040804,6669.0
20040805,6726.0
20040806,6698.0
20040809,6790.0
20040810,6919.0
20040811,6855.0
20040812,7005.0
20040813,7148.0
20040816,7148.0
20040817,7041.0
20040818,7141.0
20040819,7169.0
20040820,7212.0
20040823,7205.0
20040824,7219.0
20040825,7348.0
20040826,7341.0
20040827,7391.0
20040830,7284.0
20040831,7327.0
20040901,7448.0
20040902,7541.0
20040903,7470.0
20040906,7512.0
20040907,7484.0
20040908,7470.0
20040909,7470.0
20040910,7677.0
20040913,7848.0
20040914,7791.0
20040915,7791.0
20040916,7877.0
20040917,7791.0
20040920,7870.0
20040921,7891.0
20040922,7648.0
20040923,7648.0
20040924,7541.0
20040930,7705.0
20041001,7863.0
20041004,8163.0
20041005,8113.0
20041006,8184.0
20041007,8099.0
20041008,8077.0
20041011,8056.0
20041012,7898.0
20041013,7820.0
20041014,7655.0
20041015,7677.0
20041018,7834.0
20041019,7820.0
20041020,7598.0
20041021,7541.0
20041022,7498.0
20041025,7391.0
20041026,7498.0
20041027,7541.0
20041028,7606.0
20041029,7691.0
20041101,7720.0
20041102,7870.0
20041103,7928.0
20041104,7928.0
20041105,8049.0
20041108,7777.0
20041109,7792.0
20041110,7885.0
20041111,8063.0
20041112,8156.0
20041115,8185.0
20041116,8099.0
20041117,8192.0
20041118,8121.0
20041119,7928.0
20041122,7899.0
20041123,7892.0
20041124,8063.0
20041125,8049.0
20041126,7913.0
20041129,7963.0
20041130,8121.0
20041201,8192.0
20041202,8207.0
20041203,8135.0
20041206,7999.0
20041207,7899.0
20041208,7985.0
20041209,7913.0
20041210,7727.0
20041213,7777.0
20041214,7799.0
20041215,7949.0
20041216,8056.0
20041217,7985.0
20041220,8056.0
20041221,8106.0
20041222,8092.0
20041223,7999.0
20041224,8035.0
20041227,7985.0
20041228,8049.0
20041229,8228.0
20041230,8407.0
20050103,8328.0
20050104,8300.0
20050105,8321.0
20050106,8271.0
20050107,8214.0
20050110,8214.0
20050111,8335.0
20050112,8314.0
20050113,8264.0
20050114,8622.0
20050117,8672.0
20050118,8657.0
20050119,8600.0
20050120,8586.0
20050121,8657.0
20050124,8650.0
20050125,8636.0
20050126,8765.0
20050127,8700.0
20050128,8679.0
20050131,8772.0
20050201,8707.0
20050202,8686.0
20050203,8700.0
20050204,8886.0
20050207,8843.0
20050211,8943.0
20050214,9036.0
20050215,9065.0
20050216,9101.0
20050217,9087.0
20050218,9265.0
20050221,9208.0
20050222,9015.0
20050223,9036.0
20050224,9265.0
20050225,9358.0
20050228,9437.0
20050302,9373.0
20050303,9430.0
20050304,9466.0
20050307,9380.0
20050308,9308.0
20050309,9394.0
20050310,9380.0
20050311,9444.0
20050314,9509.0
20050315,9223.0
20050316,9158.0
20050317,9172.0
20050318,9187.0
20050321,9172.0
20050322,9194.0
20050323,9130.0
20050324,9044.0
20050325,9122.0
20050328,9215.0
20050329,8986.0
20050330,9108.0
20050331,9058.0
20050401,9201.0
20050404,9215.0
20050406,9308.0
20050407,9337.0
20050408,9308.0
20050411,9215.0
20050412,9223.0
20050413,9201.0
20050414,9015.0
20050415,8729.0
20050418,8722.0
20050419,8750.0
20050420,8679.0
20050421,8879.0
20050422,8743.0
20050425,8858.0
20050426,8743.0
20050427,8708.0
20050428,8439.0
20050429,8577.0
20050502,8599.0
20050503,8555.0
20050504,8745.0
20050506,8825.0
20050509,8759.0
20050510,8730.0
20050511,8657.0
20050512,8585.0
20050513,8650.0
20050516,8774.0
20050517,8730.0
20050518,8839.0
20050519,8992.0
20050520,8956.0
20050523,8963.0
20050524,8970.0
20050525,8825.0
20050526,8926.0
20050527,9021.0
20050530,9065.0
20050531,9094.0
20050601,9167.0
20050602,9130.0
20050603,9116.0
20050607,9079.0
20050608,9101.0
20050609,9239.0
20050610,9312.0
20050613,9290.0
20050614,9217.0
20050615,9399.0
20050616,9428.0
20050617,9421.0
20050620,9290.0
20050621,9283.0
20050622,9399.0
20050623,9436.0
20050624,9312.0
20050627,9210.0
20050628,9312.0
20050629,9327.0
20050630,9385.0
20050701,9501.0
20050704,9516.0
20050705,9530.0
20050706,9458.0
20050707,9552.0
20050708,9581.0
20050711,9770.0
20050712,9727.0
20050713,9821.0
20050714,9981.0
20050715,9960.0
20050718,9912.0
20050719,10040.0
20050720,10156.0
20050721,9938.0
20050722,10065.0
20050725,10149.0
20050726,10185.0
20050727,10247.0
20050728,10349.0
20050729,10374.0
20050801,10385.0
20050802,10432.0
20050803,10458.0
20050804,10367.0
20050805,10116.0
20050808,10156.0
20050809,10331.0
20050810,10381.0
20050811,10534.0
20050812,10571.0
20050816,10367.0
20050817,10454.0
20050818,10185.0
20050819,10152.0
20050822,10476.0
20050823,10440.0
20050824,10112.0
20050825,10240.0
20050826,10010.0
20050829,10018.0
20050830,10010.0
20050831,10221.0
20050901,10345.0
20050902,10512.0
20050905,10451.0
20050906,10614.0
20050907,10774.0
20050908,10742.0
20050909,10909.0
20050912,10913.0
20050913,10803.0
20050914,10985.0
20050915,11000.0
20050916,11149.0
20050920,11174.0
20050921,11214.0
20050922,11258.0
20050923,11058.0
20050926,11385.0
20050927,11327.0
20050928,11516.0
20050929,11542.0
20050930,11480.0
20051004,11586.0
20051005,11276.0
20051006,11131.0
20051007,11189.0
20051010,11422.0
20051011,11582.0
20051012,11273.0
20051013,11134.0
20051014,11051.0
20051017,10927.0
20051018,10971.0
20051019,10905.0
20051020,10738.0
20051021,11069.0
20051024,11153.0
20051025,11022.0
20051026,10942.0
20051027,10774.0
20051028,10734.0
20051031,10836.0
20051101,11109.0
20051102,11415.0
20051103,11466.0
20051104,11477.0
20051107,11411.0
20051108,11462.0
20051109,11495.0
20051110,11666.0
20051111,11786.0
20051114,11779.0
20051115,11692.0
20051116,11830.0
20051117,11990.0
20051118,11939.0
20051121,11815.0
20051122,11633.0
20051123,12088.0
20051124,12034.0
20051125,12023.0
20051128,11906.0
20051129,11899.0
20051130,12063.0
20051201,12230.0
20051202,12194.0
20051205,12216.0
20051206,12281.0
20051207,12336.0
20051208,12336.0
20051209,12372.0
20051212,12507.0
20051213,12532.0
20051214,12478.0
20051215,12427.0
20051216,12369.0
20051219,12485.0
20051220,12543.0
20051221,12744.0
20051222,12765.0
20051223,12773.0
20051226,12958.0
20051227,13031.0
20051228,13104.0
20051229,13322.0
20060102,13235.0
20060103,13421.0
20060104,13464.0
20060105,13286.0
20060106,13504.0
20060109,13431.0
20060110,13275.0
20060111,13384.0
20060112,13253.0
20060113,13541.0
20060116,13515.0
20060117,13271.0
20060118,12995.0
20060119,13042.0
20060120,12376.0
20060123,12612.0
20060124,12885.0
20060125,12976.0
20060126,13119.0
20060127,13393.0
20060131,13440.0
20060201,13316.0
20060202,13195.0
20060203,12812.0
20060206,12922.0
20060207,12787.0
20060208,12688.0
20060209,12805.0
20060210,12892.0
20060213,12498.0
20060214,12885.0
20060215,12579.0
20060216,12761.0
20060217,12995.0
20060220,13068.0
20060221,12881.0
20060222,12991.0
20060223,13141.0
20060224,13163.0
20060227,13290.0
20060228,13239.0
20060302,13141.0
20060303,12812.0
20060306,12849.0
20060307,12608.0
20060308,12644.0
20060309,12677.0
20060310,12776.0
20060313,12849.0
20060314,12808.0
20060315,12871.0
20060316,12794.0
20060317,13031.0
20060320,12929.0
20060321,12670.0
20060322,12615.0
20060323,12568.0
20060324,12666.0
20060327,12776.0
20060328,12732.0
20060329,12863.0
20060330,12900.0
20060331,13199.0
20060403,13257.0
20060404,13352.0
20060405,13396.0
20060406,13447.0
20060407,13473.0
20060410,13440.0
20060411,13214.0
20060412,13279.0
20060413,13476.0
20060414,13783.0
20060417,13608.0
20060418,13944.0
20060419,13878.0
20060420,13798.0
20060421,13929.0
20060424,13732.0
20060425,13728.0
20060426,14073.0
20060427,14036.0
20060428,13658.0
20060502,13877.0
20060503,13851.0
20060504,14036.0
20060508,14062.0
20060509,14036.0
20060510,13999.0
20060511,14047.0
20060512,13836.0
20060515,13651.0
20060516,13310.0
20060517,13251.0
20060518,13199.0
20060519,13218.0
20060522,12784.0
20060523,12881.0
20060524,12932.0
20060525,12725.0
20060526,12918.0
20060529,12844.0
20060530,12651.0
20060601,12703.0
20060602,12681.0
20060605,12340.0
20060607,12155.0
20060608,11851.0
20060609,11851.0
20060612,11755.0
20060613,11481.0
20060614,11829.0
20060615,11999.0
20060616,12140.0
20060619,11932.0
20060620,11792.0
20060621,11944.0
20060622,11855.0
20060623,11836.0
20060626,12036.0
20060627,11873.0
20060628,12029.0
20060629,12407.0
20060630,12440.0
20060703,12588.0
20060704,12258.0
20060705,12392.0
20060706,12229.0
20060707,12225.0
20060710,12518.0
20060711,12584.0
20060712,12392.0
20060713,12207.0
20060714,11970.0
20060718,11970.0
20060719,12162.0
20060720,12188.0
20060721,12221.0
20060724,12458.0
20060725,12429.0
20060726,12458.0
20060727,12555.0
20060728,12781.0
20060731,12651.0
20060801,12465.0
20060802,12614.0
20060803,12618.0
20060804,12725.0
20060807,12543.0
20060808,12725.0
20060809,12781.0
20060810,12814.0
20060811,12569.0
20060814,12718.0
20060816,12877.0
20060817,12933.0
20060818,13029.0
20060821,12874.0
20060822,13007.0
20060823,12851.0
20060824,12844.0
20060825,12985.0
20060828,12992.0
20060829,13100.0
20060830,13092.0
20060831,13137.0
20060901,13230.0
20060904,13215.0
20060905,13263.0
20060906,13085.0
20060907,13111.0
20060908,13207.0
20060911,12959.0
20060912,12996.0
20060913,12944.0
20060914,13130.0
20060915,13211.0
20060918,13311.0
20060919,13248.0
20060920,13415.0
20060921,13207.0
20060922,13052.0
20060925,13241.0
20060926,13141.0
20060927,13259.0
20060928,13326.0
20060929,13322.0
20061002,13308.0
20061004,13118.0
20061009,12836.0
20061010,12903.0
20061011,12992.0
20061012,13148.0
20061013,13170.0
20061016,13222.0
20061017,13115.0
20061018,13178.0
20061019,13207.0
20061020,13285.0
20061023,13330.0
20061024,13304.0
20061025,13345.0
20061026,13389.0
20061027,13304.0
20061030,13259.0
20061031,13348.0
20061101,13304.0
20061102,13415.0
20061103,13378.0
20061106,13415.0
20061107,13497.0
20061108,13460.0
20061109,13545.0
20061110,13638.0
20061113,13597.0
20061114,13698.0
20061115,13787.0
20061116,13702.0
20061117,13728.0
20061120,13601.0
20061121,13635.0
20061122,13713.0
20061123,13750.0
20061124,13783.0
20061127,13638.0
20061128,13698.0
20061129,13828.0
20061130,13861.0
20061201,13843.0
20061204,13887.0
20061205,13761.0
20061206,13638.0
20061207,13623.0
20061208,13449.0
20061211,13453.0
20061212,13308.0
20061213,13341.0
20061214,13705.0
20061215,13791.0
20061218,13846.0
20061219,13828.0
20061220,13995.0
20061221,13917.0
20061222,13928.0
20061226,13898.0
20061227,14084.0
20061228,14077.0
20070102,14125.0
20070103,13861.0
20070104,13742.0
20070105,13594.0
20070108,13486.0
20070109,13486.0
20070110,13341.0
20070111,13475.0
20070112,13650.0
20070115,13668.0
20070116,13668.0
20070117,13453.0
20070118,13497.0
20070119,13356.0
20070122,13375.0
20070123,13453.0
20070124,13683.0
20070125,13512.0
20070126,13497.0
20070129,13453.0
20070130,13527.0
20070131,13453.0
20070201,13605.0
20070202,13876.0
20070205,13962.0
20070206,13995.0
20070207,13965.0
20070208,14017.0
20070209,13913.0
20070212,13835.0
20070213,14010.0
20070214,14199.0
20070215,14196.0
20070216,14248.0
20070220,14281.0
20070221,14270.0
20070222,14426.0
20070223,14478.0
20070226,14408.0
20070227,13787.0
20070228,13832.0
20070302,13787.0
20070305,13415.0
20070306,13861.0
20070307,13835.0
20070308,14047.0
20070309,13958.0
20070312,14121.0
20070313,13854.0
20070314,13850.0
20070315,13973.0
20070316,13921.0
20070319,14159.0
20070320,14133.0
20070321,14248.0
20070322,14218.0
20070323,14218.0
20070326,14233.0
20070327,14266.0
20070328,14047.0
20070329,14348.0
20070330,14370.0
20070402,14385.0
20070403,14478.0
20070404,14605.0
20070405,14642.0
20070406,14608.0
20070409,14723.0
20070410,14783.0
20070411,14828.0
20070412,14894.0
20070413,14883.0
20070416,15051.0
20070417,15006.0
20070418,15051.0
20070419,14872.0
20070420,15125.0
20070423,15088.0
20070424,15259.0
20070425,15259.0
20070426,15282.0
20070427,15089.0
20070430,15183.0
20070502,15259.0
20070503,15285.0
20070504,15365.0
20070507,15452.0
20070508,15399.0
20070509,15592.0
20070510,15531.0
20070511,15728.0
20070514,15694.0
20070515,15493.0
20070516,15682.0
20070517,15777.0
20070518,15588.0
20070521,15815.0
20070522,16068.0
20070523,15887.0
20070525,16106.0
20070528,16140.0
20070529,16068.0
20070530,16152.0
20070531,16515.0
20070601,16681.0
20070604,16795.0
20070605,16643.0
20070607,16757.0
20070608,16711.0
20070611,16500.0
20070612,16602.0
20070613,16651.0
20070614,16987.0
20070615,17097.0
20070618,17434.0
20070619,17343.0
20070620,17022.0
20070621,17237.0
20070622,16900.0
20070625,16900.0
20070626,16870.0
20070627,16704.0
20070628,16844.0
20070629,16832.0
20070702,17074.0
20070703,17438.0
20070704,17702.0
20070705,17944.0
20070706,17967.0
20070709,18304.0
20070710,18156.0
20070711,18292.0
20070712,18784.0
20070713,19041.0
20070716,19026.0
20070718,18633.0
20070719,18841.0
20070720,19026.0
20070723,19329.0
20070724,19064.0
20070725,19495.0
20070726,18761.0
20070727,18084.0
20070730,18691.0
20070731,18607.0
20070801,18080.0
20070802,18156.0
20070803,17736.0
20070806,18122.0
20070807,18080.0
20070808,18554.0
20070809,17843.0
20070810,17636.0
20070813,17885.0
20070814,16864.0
20070816,16589.0
20070817,16513.0
20070820,16964.0
20070821,16837.0
20070822,17468.0
20070823,17468.0
20070824,17736.0
20070827,17506.0
20070828,17353.0
20070829,18118.0
20070830,17992.0
20070831,18424.0
20070903,18309.0
20070904,18416.0
20070905,18049.0
20070906,18382.0
20070907,17965.0
20070910,17774.0
20070911,18034.0
20070912,17583.0
20070913,17862.0
20070914,18026.0
20070917,18095.0
20070918,18194.0
20070919,18351.0
20070920,18493.0
20070921,18806.0
20070927,18959.0
20070928,18902.0
20071001,19345.0
20071002,19402.0
20071004,19547.0
20071005,19647.0
20071008,19570.0
20071009,19765.0
20071010,19834.0
20071011,20014.0
20071012,19800.0
20071015,19486.0
20071016,19226.0
20071017,19112.0
20071018,19276.0
20071019,18347.0
20071022,18538.0
20071023,18882.0
20071024,18783.0
20071025,19035.0
20071026,19609.0
20071029,19846.0
20071030,19781.0
20071031,20114.0
20071101,19517.0
20071102,19509.0
20071105,19386.0
20071106,19923.0
20071107,19417.0
20071108,19149.0
20071109,18957.0
20071112,18659.0
20071113,19264.0
20071114,18996.0
20071115,18678.0
20071116,18751.0
20071119,18077.0
20071120,18153.0
20071121,17387.0
20071122,17441.0
20071123,17494.0
20071126,17586.0
20071127,18337.0
20071128,18234.0
20071129,18268.0
20071130,18651.0
20071203,18620.0
20071204,18743.0
20071205,19141.0
20071206,19260.0
20071207,18931.0
20071210,18735.0
20071211,18613.0
20071212,19034.0
20071213,18636.0
20071214,18345.0
20071217,17996.0
20071218,18329.0
20071220,18126.0
20071221,18574.0
20071224,18923.0
20071226,18843.0
20071227,18766.0
20071228,18747.0
20080102,18191.0
20080103,18283.0
20080104,17962.0
20080107,18015.0
20080108,17632.0
20080109,18103.0
20080110,17992.0
20080111,17334.0
20080114,17410.0
20080115,16981.0
20080116,16970.0
20080117,16889.0
20080118,17043.0
20080121,16215.0
20080122,16353.0
20080123,16506.0
20080124,16813.0
20080125,16583.0
20080128,16399.0
20080129,16483.0
20080130,15855.0
20080131,16334.0
20080201,16506.0
20080204,16805.0
20080205,16506.0
20080211,16411.0
20080212,16529.0
20080213,16445.0
20080214,16591.0
20080215,16851.0
20080218,16912.0
20080219,16924.0
20080220,16851.0
20080221,16767.0
20080222,16813.0
20080225,17104.0
20080226,17043.0
20080227,17146.0
20080228,17142.0
20080229,16556.0
20080303,16556.0
20080304,16556.0
20080305,16633.0
20080306,16506.0
20080307,16162.0
20080310,16070.0
20080311,16652.0
20080312,16349.0
20080313,16215.0
20080314,15740.0
20080317,15572.0
20080318,16116.0
20080319,15855.0
20080320,16407.0
20080321,16391.0
20080324,16637.0
20080325,16610.0
20080326,16606.0
20080327,16598.0
20080328,16882.0
20080331,16958.0
20080401,17234.0
20080402,17410.0
20080403,17663.0
20080404,17659.0
20080407,17625.0
20080408,17334.0
20080410,17636.0
20080411,17464.0
20080414,17387.0
20080415,17491.0
20080416,17701.0
20080417,17613.0
20080418,17847.0
20080421,17889.0
20080422,17697.0
20080423,17969.0
20080424,17973.0
20080425,18268.0
20080428,18385.0
20080429,18131.0
20080430,18470.0
20080502,18572.0
20080506,18607.0
20080507,18303.0
20080508,18478.0
20080509,18151.0
20080513,18408.0
20080514,18463.0
20080515,18973.0
20080516,19008.0
20080519,18930.0
20080520,18517.0
20080521,18346.0
20080522,18361.0
20080523,18089.0
20080526,18030.0
20080527,18287.0
20080528,18135.0
20080529,18447.0
20080530,18525.0
20080602,18346.0
20080603,18151.0
20080604,18326.0
20080605,17948.0
20080609,18030.0
20080610,17695.0
20080611,17610.0
20080612,17450.0
20080613,17462.0
20080616,17520.0
20080617,17368.0
20080618,17528.0
20080619,17419.0
20080620,16982.0
20080623,17053.0
20080624,17037.0
20080625,17173.0
20080626,16788.0
20080627,16718.0
20080630,16710.0
20080701,16624.0
20080702,16048.0
20080703,16016.0
20080704,15693.0
20080707,15806.0
20080708,15619.0
20080709,15113.0
20080710,15401.0
20080711,15604.0
20080714,15495.0
20080715,15144.0
20080716,15401.0
20080717,15502.0
20080718,15234.0
20080721,15498.0
20080722,15985.0
20080723,16055.0
20080724,16032.0
20080725,16126.0
20080728,15728.0
20080729,15873.0
20080730,15927.0
20080731,15873.0
20080801,15693.0
20080804,15413.0
20080805,15643.0
20080806,15853.0
20080807,15502.0
20080808,15943.0
20080811,15888.0
20080812,15826.0
20080813,15627.0
20080814,15865.0
20080818,15693.0
20080819,15385.0
20080820,15491.0
20080821,15163.0
20080822,15085.0
20080825,14890.0
20080826,15015.0
20080827,15124.0
20080828,14929.0
20080829,14672.0
20080901,14267.0
20080902,14189.0
20080903,14407.0
20080904,14044.0
20080905,14423.0
20080908,14847.0
20080909,14458.0
20080910,14789.0
20080911,14766.0
20080912,13799.0
20080916,14376.0
20080917,14033.0
20080918,14477.0
20080919,14968.0
20080922,14625.0
20080923,14929.0
20080924,15081.0
20080925,15175.0
20080926,15112.0
20080929,13904.0
20080930,14563.0
20081001,14610.0
20081002,14107.0
20081006,13565.0
20081007,13487.0
20081008,13245.0
20081009,12711.0
20081010,12871.0
20081013,13713.0
20081014,13651.0
20081015,12867.0
20081016,12622.0
20081017,12201.0
20081020,12544.0
20081021,12201.0
20081022,10922.0
20081023,10758.0
20081024,9277.0
20081027,9277.0
20081028,10918.0
20081029,10758.0
20081030,11480.0
20081031,11694.0
20081103,11694.0
20081104,12131.0
20081105,11554.0
20081106,10797.0
20081107,11741.0
20081110,11667.0
20081111,11335.0
20081112,11074.0
20081113,11526.0
20081114,11039.0
20081117,10836.0
20081118,10673.0
20081119,9823.0
20081120,9433.0
20081121,10283.0
20081124,10330.0
20081125,10228.0
20081126,10871.0
20081127,11008.0
20081128,11144.0
20081201,10369.0
20081202,10634.0
20081203,10614.0
20081204,10384.0
20081205,10680.0
20081208,11476.0
20081209,11382.0
20081210,11710.0
20081211,11663.0
20081212,11608.0
20081215,11811.0
20081216,12123.0
20081217,12010.0
20081218,11990.0
20081219,12189.0
20081222,11858.0
20081223,11686.0
20081224,11577.0
20081226,11437.0
20081229,11663.0
20081230,11795.0
20090102,12185.0
20090105,12240.0
20090106,12552.0
20090107,12606.0
20090108,12583.0
20090109,12119.0
20090112,11869.0
20090113,12072.0
20090114,11869.0
20090115,11655.0
20090116,11850.0
20090119,11803.0
20090120,11234.0
20090121,11690.0
20090122,11433.0
20090123,11511.0
20090128,12092.0
20090129,11850.0
20090130,11873.0
20090202,11854.0
20090203,12216.0
20090204,12267.0
20090205,12427.0
20090206,12692.0
20090209,12528.0
20090210,12084.0
20090211,12216.0
20090212,12095.0
20090213,12177.0
20090216,12045.0
20090217,11464.0
20090218,11460.0
20090219,11289.0
20090220,10891.0
20090223,10977.0
20090224,11226.0
20090225,11066.0
20090226,10907.0
20090227,10755.0
20090302,10275.0
20090303,10649.0
20090304,11133.0
20090305,10782.0
20090306,11082.0
20090309,11070.0
20090310,11639.0
20090311,11733.0
20090312,11741.0
20090313,11717.0
20090316,11811.0
20090317,12189.0
20090318,12244.0
20090319,12041.0
20090320,12154.0
20090323,12653.0
20090324,12606.0
20090325,12668.0
20090326,12914.0
20090327,12778.0
20090330,12419.0
20090331,12567.0
20090401,12871.0
20090402,13316.0
20090403,13261.0
20090406,13292.0
20090407,13191.0
20090408,12980.0
20090409,13639.0
20090410,13686.0
20090413,13643.0
20090414,13393.0
20090415,13698.0
20090416,13690.0
20090417,13612.0
20090420,13409.0
20090421,13721.0
20090422,13846.0
20090423,13955.0
20090424,13807.0
20090427,13666.0
20090428,13379.0
20090429,13742.0
20090430,14140.0
20090504,14278.0
20090506,14357.0
20090507,14239.0
20090508,14432.0
20090511,14286.0
20090512,14263.0
20090513,14121.0
20090514,14152.0
20090515,14054.0
20090518,14361.0
20090519,14480.0
20090520,14515.0
20090521,14271.0
20090522,14121.0
20090525,14207.0
20090526,14042.0
20090527,13726.0
20090528,14152.0
20090529,14156.0
20090601,14519.0
20090602,14389.0
20090603,14267.0
20090604,14081.0
20090605,14113.0
20090608,14231.0
20090609,13963.0
20090610,14326.0
20090611,14515.0
20090612,14452.0
20090615,14160.0
20090616,14152.0
20090617,14117.0
20090618,14018.0
20090619,14026.0
20090622,14002.0
20090623,13872.0
20090624,13923.0
20090625,14294.0
20090626,14302.0
20090629,14310.0
20090630,14196.0
20090701,14515.0
20090702,14235.0
20090703,14507.0
20090706,14681.0
20090707,14641.0
20090708,14610.0
20090709,14712.0
20090710,14633.0
20090713,14420.0
20090714,14413.0
20090715,14803.0
20090716,14906.0
20090717,14925.0
20090720,15383.0
20090721,15422.0
20090722,15438.0
20090723,15552.0
20090724,15545.0
20090727,15750.0
20090728,15746.0
20090729,15761.0
20090730,15951.0
20090731,16181.0
20090803,16291.0
20090804,16276.0
20090805,16102.0
20090806,16149.0
20090807,16370.0
20090810,16228.0
20090811,16244.0
20090812,16193.0
20090813,16291.0
20090814,16370.0
20090817,15829.0
20090818,16062.0
20090819,16082.0
20090820,16355.0
20090821,16552.0
20090824,16663.0
20090825,16671.0
20090826,16734.0
20090827,16687.0
20090828,16639.0
20090831,16446.0
20090901,16679.0
20090902,16758.0
20090903,16829.0
20090904,16766.0
20090907,16742.0
20090908,16849.0
20090909,16762.0
20090910,17130.0
20090911,17221.0
20090914,17066.0
20090915,17240.0
20090916,17691.0
20090917,17679.0
20090918,17719.0
20090921,17648.0
20090922,17909.0
20090923,17826.0
20090924,17640.0
20090925,17576.0
20090928,17636.0
20090929,17600.0
20090930,17557.0
20091001,16991.0
20091005,16900.0
20091006,16833.0
20091007,16742.0
20091008,16869.0
20091009,17296.0
20091012,17074.0
20091013,17055.0
20091014,17327.0
20091015,17319.0
20091016,17062.0
20091019,17343.0
20091020,17248.0
20091021,17145.0
20091022,17086.0
20091023,17023.0
20091026,17244.0
20091027,17264.0
20091028,16580.0
20091029,16738.0
20091030,16212.0
20091102,16291.0
20091103,16204.0
20091104,16410.0
20091105,16461.0
20091106,16465.0
20091109,16687.0
20091110,16624.0
20091111,16770.0
20091112,16568.0
20091113,16529.0
20091116,16794.0
20091117,16726.0
20091118,16920.0
20091119,16940.0
20091120,17082.0
20091123,17122.0
20091124,16920.0
20091125,16948.0
20091126,16624.0
20091127,16311.0
20091130,16347.0
20091201,16627.0
20091202,16825.0
20091203,16940.0
20091204,17173.0
20091207,17185.0
20091208,17027.0
20091209,17236.0
20091210,17288.0
20091211,17553.0
20091214,17517.0
20091215,17497.0
20091216,17466.0
20091217,17185.0
20091218,17268.0
20091221,17355.0
20091222,17446.0
20091223,17462.0
20091224,17786.0
20091228,17648.0
20091229,17735.0
20091230,17853.0
20100104,18023.0
20100105,17984.0
20100106,18071.0
20100107,17928.0
20100108,17936.0
20100111,17936.0
20100112,17857.0
20100113,17715.0
20100114,17897.0
20100115,17841.0
20100118,18102.0
20100119,18185.0
20100120,17893.0
20100121,18019.0
20100122,17537.0
20100125,17715.0
20100126,17316.0
20100127,17225.0
20100128,17205.0
20100129,16912.0
20100201,17126.0
20100202,17035.0
20100203,17106.0
20100204,16627.0
20100205,16604.0
20100208,16370.0
20100209,16687.0
20100210,16620.0
20100211,16892.0
20100212,16790.0
20100216,17051.0
20100217,17252.0
20100218,17035.0
20100219,17031.0
20100222,17209.0
20100223,17086.0
20100224,17019.0
20100225,16805.0
20100226,16936.0
20100302,17047.0
20100303,17106.0
20100304,17074.0
20100305,17426.0
20100308,17541.0
20100309,17565.0
20100310,17628.0
20100311,17541.0
20100312,17533.0
20100315,17395.0
20100316,17529.0
20100317,17671.0
20100318,17711.0
20100319,17652.0
20100322,17667.0
20100323,17865.0
20100324,17719.0
20100325,17754.0
20100326,17703.0
20100329,17920.0
20100330,17924.0
20100331,17810.0
20100401,18174.0
20100402,18265.0
20100405,18348.0
20100406,18340.0
20100407,18233.0
20100408,18340.0
20100409,18324.0
20100412,18114.0
20100413,18138.0
20100414,18427.0
20100415,18348.0
20100416,18071.0
20100419,18079.0
20100420,18209.0
20100421,18292.0
20100422,18375.0
20100423,18407.0
20100426,18494.0
20100427,18130.0
20100428,18337.0
20100429,18357.0
20100430,18309.0
20100503,18221.0
20100504,17712.0
20100506,17331.0
20100507,17436.0
20100510,17828.0
20100511,17588.0
20100512,17628.0
20100513,17740.0
20100514,17548.0
20100517,17472.0
20100518,17147.0
20100519,17027.0
20100520,16706.0
20100524,16819.0
20100525,16602.0
20100526,16538.0
20100527,17103.0
20100528,17051.0
20100531,17203.0
20100601,17299.0
20100603,17560.0
20100604,17187.0
20100607,17299.0
20100608,17444.0
20100609,17387.0
20100610,17624.0
20100611,17748.0
20100614,17840.0
20100615,18012.0
20100616,18016.0
20100617,18004.0
20100618,18189.0
20100621,18173.0
20100622,18117.0
20100623,18149.0
20100624,18113.0
20100625,18133.0
20100628,18173.0
20100629,17668.0
20100630,17676.0
20100701,17596.0
20100702,17488.0
20100705,17476.0
20100706,17680.0
20100707,17788.0
20100708,17900.0
20100709,18149.0
20100712,18225.0
20100713,18413.0
20100714,18429.0
20100715,18421.0
20100716,17988.0
20100719,18149.0
20100720,18317.0
20100721,18229.0
20100722,18429.0
20100723,18509.0
20100726,18629.0
20100727,18605.0
20100728,18605.0
20100729,18633.0
20100730,18549.0
20100802,18846.0
20100803,18830.0
20100804,18846.0
20100805,18734.0
20100806,18742.0
20100809,18830.0
20100810,18625.0
20100811,18228.0
20100812,18148.0
20100813,18248.0
20100816,18236.0
20100817,18485.0
20100818,18457.0
20100819,18541.0
20100820,18621.0
20100823,18589.0
20100824,18377.0
20100825,18292.0
20100826,18103.0
20100827,18381.0
20100830,18364.0
20100831,18348.0
20100901,18726.0
20100902,18670.0
20100903,18786.0
20100906,18790.0
20100907,18654.0
20100908,18706.0
20100909,18726.0
20100910,18911.0
20100913,19103.0
20100914,19047.0
20100915,19095.0
20100916,19031.0
20100917,19079.0
20100920,19167.0
20100924,19368.0
20100927,19453.0
20100928,19477.0
20100929,19513.0
20100930,19553.0
20101001,19709.0
20101004,19609.0
20101005,19822.0
20101006,19934.0
20101007,19906.0
20101008,19942.0
20101011,19798.0
20101012,19581.0
20101013,19677.0
20101014,19854.0
20101015,19882.0
20101018,19653.0
20101019,19232.0
20101020,19557.0
20101021,19577.0
20101022,19806.0
20101025,19991.0
20101026,19987.0
20101027,19922.0
20101028,19914.0
20101029,19701.0
20101101,19970.0
20101102,20047.0
20101103,20143.0
20101104,20356.0
20101105,20344.0
20101108,20304.0
20101109,20316.0
20101110,20541.0
20101111,20460.0
20101112,19999.0
20101115,20075.0
20101116,19782.0
20101117,19954.0
20101118,20292.0
20101119,20432.0
20101122,20476.0
20101123,19995.0
20101124,20380.0
20101125,20436.0
20101126,20127.0
20101129,20059.0
20101130,20235.0
20101201,20464.0
20101202,20705.0
20101203,20773.0
20101206,20741.0
20101207,20814.0
20101208,20798.0
20101209,21087.0
20101210,21155.0
20101213,21279.0
20101214,21360.0
20101215,21287.0
20101216,21416.0
20101217,21368.0
20101220,21641.0
20101221,21761.0
20101222,21781.0
20101223,21737.0
20101224,21625.0
20101227,21661.0
20101228,21765.0
20101229,22034.0
20101230,22183.0
20110103,22331.0
20110104,22395.0
20110105,22464.0
20110106,22295.0
20110107,22404.0
20110110,22307.0
20110111,22404.0
20110112,22540.0
20110113,22524.0
20110114,22693.0
20110117,22564.0
20110118,22564.0
20110119,22660.0
20110120,22580.0
20110121,22183.0
20110124,22464.0
20110125,22460.0
20110126,22725.0
20110127,22733.0
20110128,22572.0
20110131,22387.0
20110201,22600.0
20110207,22508.0
20110208,22291.0
20110209,22002.0
20110210,21757.0
20110211,21488.0
20110214,21705.0
20110215,21617.0
20110216,21520.0
20110217,21392.0
20110218,21649.0
20110221,21524.0
20110222,21175.0
20110223,21195.0
20110224,21115.0
20110225,21199.0
20110228,20878.0
20110302,20950.0
20110303,21432.0
20110304,21697.0
20110307,21295.0
20110308,21649.0
20110309,21568.0
20110310,21223.0
20110311,21103.0
20110314,21199.0
20110315,21030.0
20110316,20958.0
20110317,21295.0
20110318,21492.0
20110321,21717.0
20110322,21741.0
20110323,21817.0
20110324,22183.0
20110325,22235.0
20110328,22275.0
20110329,22484.0
20110330,22769.0
20110331,22797.0
20110401,23006.0
20110404,22917.0
20110405,23046.0
20110406,23046.0
20110407,22765.0
20110408,22954.0
20110411,22877.0
20110412,22576.0
20110413,22962.0
20110414,23158.0
20110415,23150.0
20110418,22837.0
20110419,23086.0
20110420,23584.0
20110421,23849.0
20110422,23865.0
20110425,23977.0
20110426,24034.0
20110427,24011.0
20110428,23897.0
20110429,23824.0
20110502,24198.0
20110503,23860.0
20110504,23470.0
20110506,23234.0
20110509,23222.0
20110511,23169.0
20110512,23083.0
20110513,22790.0
20110516,22668.0
20110517,22717.0
20110518,23099.0
20110519,22680.0
20110520,22745.0
20110523,22273.0
20110524,22379.0
20110525,22253.0
20110526,22709.0
20110527,22945.0
20110530,22668.0
20110531,23278.0
20110601,22790.0
20110602,23030.0
20110603,22717.0
20110607,22749.0
20110608,22505.0
20110609,22538.0
20110610,22033.0
20110613,22119.0
20110614,22538.0
20110615,22318.0
20110616,22163.0
20110617,21870.0
20110620,21895.0
20110621,22196.0
20110622,22196.0
20110623,22147.0
20110624,22310.0
20110627,22395.0
20110628,22477.0
20110629,22615.0
20110630,22823.0
20110701,23075.0
20110704,23144.0
20110705,23270.0
20110706,23352.0
20110707,23563.0
20110708,23335.0
20110711,22953.0
20110712,22798.0
20110713,22815.0
20110714,22762.0
20110715,22985.0
20110718,22668.0
20110719,22965.0
20110720,23051.0
20110721,23144.0
20110722,23026.0
20110725,23010.0
20110726,22977.0
20110727,22899.0
20110728,23001.0
20110729,22993.0
20110801,22993.0
20110802,22096.0
20110803,22096.0
20110804,20572.0
20110805,20449.0
20110808,19479.0
20110809,20001.0
20110810,18427.0
20110811,19442.0
20110812,19438.0
20110816,19691.0
20110817,19915.0
20110818,18916.0
20110819,18325.0
20110822,18134.0
20110823,18884.0
20110824,18851.0
20110825,18509.0
20110826,19055.0
20110829,19503.0
20110830,19495.0
20110831,19846.0
20110901,19805.0
20110902,19332.0
20110905,18350.0
20110906,19071.0
20110907,19585.0
20110908,19324.0
20110909,19075.0
20110914,18916.0
20110915,19161.0
20110916,19365.0
20110919,19230.0
20110920,19552.0
20110921,19202.0
20110922,18329.0
20110923,18117.0
20110926,18093.0
20110927,18664.0
20110928,18219.0
20110929,18819.0
20110930,18044.0
20111004,18346.0
20111005,18289.0
20111006,18827.0
20111007,18888.0
20111010,19389.0
20111011,19238.0
20111012,19597.0
20111013,19471.0
20111014,19789.0
20111017,19552.0
20111018,19789.0
20111019,19825.0
20111020,19528.0
20111021,19846.0
20111024,20327.0
20111025,20050.0
20111026,20384.0
20111027,20967.0
20111028,20718.0
20111031,20311.0
20111101,20009.0
20111102,20425.0
20111103,20347.0
20111104,20661.0
20111107,20616.0
20111108,20547.0
20111109,19940.0
20111110,19724.0
20111111,20152.0
20111114,20221.0
20111115,20274.0
20111116,19895.0
20111117,19772.0
20111118,19597.0
20111121,19161.0
20111122,19503.0
20111123,18949.0
20111124,18998.0
20111125,19238.0
20111128,19618.0
20111129,19878.0
20111130,20629.0
20111201,20649.0
20111202,20792.0
20111205,20661.0
20111206,20588.0
20111207,20604.0
20111208,20282.0
20111209,20380.0
20111212,20172.0
20111213,19907.0
20111214,19691.0
20111215,19512.0
20111216,19601.0
20111219,19092.0
20111220,19687.0
20111221,19785.0
20111222,19956.0
20111223,20090.0
20111226,19911.0
20111227,19772.0
20111228,19634.0
20111229,19781.0
20120102,19976.0
20120103,20535.0
20120104,20323.0
20120105,20254.0
20120106,19870.0
20120109,19850.0
20120110,20148.0
20120111,20025.0
20120112,20164.0
20120113,20221.0
20120116,20343.0
20120117,20572.0
20120118,20694.0
20120119,20947.0
20120120,21281.0
20120125,21493.0
20120126,21485.0
20120127,21322.0
20120130,21175.0
20120131,21224.0
20120201,21525.0
20120202,21546.0
20120203,21680.0
20120206,21501.0
20120207,21546.0
20120208,21750.0
20120209,21835.0
20120210,21627.0
20120213,21713.0
20120214,21750.0
20120215,21827.0
20120216,21941.0
20120217,22210.0
20120220,22031.0
20120221,22019.0
20120222,21852.0
20120223,21876.0
20120224,21933.0
20120227,21762.0
20120228,21917.0
20120229,22149.0
20120302,22100.0
20120305,21896.0
20120306,21517.0
20120307,21664.0
20120308,21954.0
20120309,21876.0
20120312,21921.0
20120313,22325.0
20120314,22333.0
20120315,22451.0
20120316,22235.0
20120319,22447.0
20120320,22214.0
20120321,22096.0
20120322,22096.0
20120323,22243.0
20120326,22357.0
20120327,22312.0
20120328,22210.0
20120329,22060.0
20120330,22100.0
20120402,22353.0
20120403,22463.0
20120404,22125.0
20120405,22357.0
20120406,22190.0
20120409,22039.0
20120410,22007.0
20120412,22072.0
20120413,21901.0
20120416,21941.0
20120417,22137.0
20120418,21949.0
20120419,21925.0
20120420,21697.0
20120423,21525.0
20120424,21737.0
20120425,21750.0
20120426,21845.0
20120427,21944.0
20120430,22027.0
20120502,22048.0
20120503,21961.0
20120504,21647.0
20120507,21631.0
20120508,21515.0
20120509,21408.0
20120510,21400.0
20120511,21053.0
20120514,20888.0
20120515,20798.0
20120516,20261.0
20120517,19960.0
20120518,19721.0
20120521,20113.0
20120522,20047.0
20120523,19882.0
20120524,20047.0
20120525,20051.0
20120529,20381.0
20120530,19964.0
20120531,20195.0
20120601,19758.0
20120604,19758.0
20120605,20286.0
20120607,20393.0
20120608,20550.0
20120611,20195.0
20120612,20600.0
20120613,20567.0
20120614,20641.0
20120615,20798.0
20120618,20802.0
20120619,21037.0
20120620,20909.0
20120621,20542.0
20120622,20224.0
20120625,19861.0
20120626,19865.0
20120627,19960.0
20120628,19808.0
20120629,20435.0
20120702,20311.0
20120703,20563.0
20120704,20492.0
20120705,20509.0
20120706,20068.0
20120709,20047.0
20120710,19923.0
20120711,19931.0
20120712,19581.0
20120713,19923.0
20120716,19779.0
20120717,19956.0
20120718,19841.0
20120719,19969.0
20120720,19684.0
20120723,19548.0
20120724,19267.0
20120725,19432.0
20120726,19882.0
20120727,20270.0
20120730,20270.0
20120731,20534.0
20120801,20765.0
20120802,20311.0
20120803,20724.0
20120806,20774.0
20120807,20860.0
20120808,21013.0
20120809,21376.0
20120810,21463.0
20120813,21418.0
20120814,21550.0
20120816,21665.0
20120817,21426.0
20120820,21434.0
20120821,21335.0
20120822,21236.0
20120823,21120.0
20120824,20856.0
20120827,20972.0
20120828,20976.0
20120829,20972.0
20120830,20641.0
20120831,20732.0
20120903,20753.0
20120904,20571.0
20120905,20402.0
20120906,20827.0
20120907,21079.0
20120910,20968.0
20120911,21005.0
20120912,21223.0
20120913,21690.0
20120914,21921.0
20120917,21834.0
20120918,21830.0
20120919,21781.0
20120920,21834.0
20120921,21764.0
20120924,21665.0
20120925,21537.0
20120926,21463.0
20120927,21764.0
20120928,21698.0
20121002,21719.0
20121004,21789.0
20121005,21673.0
20121008,21517.0
20121009,21310.0
20121010,20972.0
20121011,21001.0
20121012,20856.0
20121015,20988.0
20121016,21153.0
20121017,21228.0
20121018,21236.0
20121019,20815.0
20121022,21029.0
20121023,20658.0
20121024,20604.0
20121025,20736.0
20121026,20534.0
20121029,20518.0
20121030,20699.0
20121031,20629.0
20121101,20732.0
20121102,20650.0
20121105,20670.0
20121106,20914.0
20121107,20757.0
20121108,20476.0
20121109,20476.0
20121112,20546.0
20121113,20443.0
20121114,20270.0
20121115,20187.0
20121116,20204.0
20121119,20567.0
20121120,20559.0
20121121,20546.0
20121122,20641.0
20121123,20831.0
20121126,20835.0
20121127,20848.0
20121128,20959.0
20121129,21058.0
20121130,21100.0
20121203,21058.0
20121204,21042.0
20121205,21223.0
20121206,21298.0
20121207,21455.0
20121210,21426.0
20121211,21570.0
20121212,21645.0
20121213,21785.0
20121214,21913.0
20121217,21814.0
20121218,21868.0
20121220,21954.0
20121221,21690.0
20121224,21801.0
20121226,21748.0
20121227,21868.0
20121228,22132.0
20130102,22549.0
20130103,22342.0
20130104,22206.0
20130107,22090.0
20130108,22008.0
20130109,21917.0
20130110,22223.0
20130111,21929.0
20130114,22045.0
20130115,21905.0
20130116,21785.0
20130117,21884.0
20130118,21806.0
20130121,21806.0
20130122,21938.0
20130123,21715.0
20130124,21574.0
20130125,21285.0
20130128,21314.0
20130129,21496.0
20130130,21467.0
20130131,21508.0
20130201,21562.0
20130204,21285.0
20130205,21294.0
20130206,21223.0
20130207,21162.0
20130208,21459.0
20130212,21484.0
20130213,21810.0
20130214,21880.0
20130215,21797.0
20130218,21839.0
20130219,21979.0
20130220,22272.0
20130221,22190.0
20130222,22297.0
20130225,22070.0
20130226,22144.0
20130227,22260.0
20130228,22317.0
20130304,22235.0
20130305,22400.0
20130306,22190.0
20130307,22033.0
20130308,21991.0
20130311,22066.0
20130312,21806.0
20130313,21876.0
20130314,22004.0
20130315,21612.0
20130318,21616.0
20130319,21562.0
20130320,21521.0
20130321,21298.0
20130322,21438.0
20130325,21632.0
20130326,21781.0
20130327,21818.0
20130328,21925.0
20130329,21962.0
20130401,21847.0
20130402,21760.0
20130403,21488.0
20130404,21236.0
20130405,21096.0
20130408,21038.0
20130409,21145.0
20130410,21269.0
20130411,21343.0
20130412,20868.0
20130415,20757.0
20130416,20996.0
20130417,20774.0
20130418,20633.0
20130419,20699.0
20130422,20881.0
20130423,20930.0
20130424,21017.0
20130425,21104.0
20130426,21083.0
20130429,21133.0
20130430,21216.0
20130502,21300.0
20130503,21387.0
20130506,21225.0
20130507,21196.0
20130508,21162.0
20130509,21412.0
20130510,20975.0
20130513,21067.0
20130514,21345.0
20130515,21349.0
20130516,21532.0
20130520,21591.0
20130521,21578.0
20130522,21508.0
20130523,21412.0
20130524,21341.0
20130527,21499.0
20130528,21607.0
20130529,21682.0
20130530,21774.0
20130531,21674.0
20130603,21765.0
20130604,21591.0
20130605,21279.0
20130607,20938.0
20130610,21021.0
20130611,20742.0
20130612,20663.0
20130613,20476.0
20130614,20426.0
20130617,20426.0
20130618,20547.0
20130619,20230.0
20130620,19635.0
20130621,19685.0
20130624,19411.0
20130625,19486.0
20130626,19515.0
20130627,19902.0
20130628,19939.0
20130701,20143.0
20130702,20064.0
20130703,19756.0
20130704,19977.0
20130705,19702.0
20130708,19719.0
20130709,19777.0
20130710,19914.0
20130711,20210.0
20130712,20160.0
20130715,20243.0
20130716,20151.0
20130717,20301.0
20130718,20243.0
20130719,20251.0
20130722,20260.0
20130723,20484.0
20130724,20522.0
20130725,20646.0
20130726,20601.0
20130729,20576.0
20130730,20659.0
20130731,20634.0
20130801,20784.0
20130802,20717.0
20130805,20626.0
20130806,20322.0
20130807,20184.0
20130808,20226.0
20130809,20172.0
20130812,20288.0
20130813,20559.0
20130814,20484.0
20130816,20601.0
20130819,20538.0
20130820,20384.0
20130821,19922.0
20130822,20030.0
20130823,20209.0
20130826,20313.0
20130827,20151.0
20130828,20451.0
20130829,20805.0
20130830,20876.0
20130902,20972.0
20130903,20922.0
20130904,21034.0
20130905,21176.0
20130906,21313.0
20130909,21484.0
20130910,21721.0
20130911,21759.0
20130912,21738.0
20130913,21846.0
20130916,21867.0
20130917,21800.0
20130923,21734.0
20130924,21850.0
20130925,21655.0
20130926,21925.0
20130927,21750.0
20130930,21692.0
20131001,21900.0
20131002,21750.0
20131004,21750.0
20131007,21700.0
20131008,21842.0
20131010,21992.0
20131011,22188.0
20131014,22242.0
20131015,22354.0
20131016,22492.0
20131017,22529.0
20131018,22583.0
20131021,22563.0
20131022,22600.0
20131023,22313.0
20131024,22388.0
20131025,22271.0
20131028,22367.0
20131029,22567.0
20131030,22471.0
20131031,22242.0
20131101,22246.0
20131104,22117.0
20131105,21967.0
20131106,21996.0
20131107,21713.0
20131108,21775.0
20131111,21713.0
20131112,21809.0
20131113,21596.0
20131114,21659.0
20131115,22071.0
20131118,21996.0
20131119,22242.0
20131120,22059.0
20131121,21863.0
20131122,22021.0
20131125,21967.0
20131126,22100.0
20131127,22358.0
20131128,22375.0
20131129,22492.0
20131202,22154.0
20131203,21909.0
20131204,21784.0
20131205,21717.0
20131206,21938.0
20131209,21925.0
20131210,21784.0
20131211,21546.0
20131212,21617.0
20131213,21434.0
20131216,21642.0
20131217,21580.0
20131218,21909.0
20131219,21642.0
20131220,21834.0
20131223,21979.0
20131224,22029.0
20131226,21967.0
20131227,22196.0
20131230,22259.0
20140102,21575.0
20140103,21380.0
20140106,21359.0
20140107,21555.0
20140108,21488.0
20140109,21292.0
20140110,21276.0
20140113,21292.0
20140114,21426.0
20140115,21438.0
20140116,21450.0
20140117,21267.0
20140120,21446.0
20140121,21525.0
20140122,21567.0
20140123,21242.0
20140124,20976.0
20140127,20905.0
20140128,21121.0
20140129,21146.0
20140203,20767.0
20140204,20709.0
20140205,20755.0
20140206,20988.0
20140207,21076.0
20140210,21001.0
20140211,21221.0
20140212,21163.0
20140213,21080.0
20140214,21380.0
20140217,21301.0
20140218,21242.0
20140219,21117.0
20140220,21217.0
20140221,21384.0
20140224,21450.0
20140225,21475.0
20140226,21571.0
20140227,21621.0
20140228,21471.0
20140303,21417.0
20140304,21617.0
20140305,21596.0
20140306,21675.0
20140307,21471.0
20140310,21355.0
20140311,21326.0
20140312,21180.0
20140313,20930.0
20140314,20913.0
20140317,21159.0
20140318,21242.0
20140319,21046.0
20140320,20963.0
20140321,21080.0
20140324,21130.0
20140325,21263.0
20140326,21405.0
20140327,21521.0
20140328,21605.0
20140331,21588.0
20140401,21750.0
20140402,21738.0
20140403,21730.0
20140404,21717.0
20140407,21684.0
20140408,21925.0
20140409,21992.0
20140410,21784.0
20140411,21755.0
20140414,21900.0
20140415,21746.0
20140416,21892.0
20140417,21863.0
20140418,21942.0
20140421,21909.0
20140422,21959.0
20140423,21921.0
20140424,21825.0
20140425,21496.0
20140428,21563.0
20140429,21563.0
20140430,21445.0
20140502,21378.0
20140507,21180.0
20140508,21281.0
20140509,21302.0
20140512,21504.0
20140513,21706.0
20140514,21992.0
20140515,21903.0
20140516,22017.0
20140519,22000.0
20140520,21916.0
20140521,22076.0
20140522,22088.0
20140523,22059.0
20140526,22059.0
20140527,21824.0
20140528,22093.0
20140529,22038.0
20140530,21861.0
20140602,21908.0
20140603,21933.0
20140605,21912.0
20140609,21937.0
20140610,22025.0
20140611,22000.0
20140612,21866.0
20140613,21647.0
20140616,21769.0
20140617,21807.0
20140618,21798.0
20140619,21744.0
20140620,21471.0
20140623,21487.0
20140624,21769.0
20140625,21710.0
20140626,21798.0
20140627,21786.0
20140630,21773.0
20140701,21887.0
20140702,21954.0
20140703,22046.0
20140704,21866.0
20140707,21798.0
20140708,21689.0
20140709,21731.0
20140710,21622.0
20140711,21647.0
20140714,21689.0
20140715,21845.0
20140716,21941.0
20140717,21807.0
20140718,22025.0
20140721,21929.0
20140722,22109.0
20140723,22076.0
20140724,22101.0
20140725,22126.0
20140728,22378.0
20140729,22576.0
20140730,22757.0
20140731,22517.0
20140801,22681.0
20140804,22568.0
20140805,22374.0
20140806,22282.0
20140807,22231.0
20140808,22147.0
20140811,22181.0
20140812,22160.0
20140813,22282.0
20140814,22387.0
20140818,22252.0
20140819,22467.0
20140820,22324.0
20140821,22051.0
20140822,22109.0
20140825,22299.0
20140826,22366.0
20140827,22366.0
20140828,22273.0
20140829,22240.0
20140901,22223.0
20140902,21971.0
20140903,22072.0
20140904,22030.0
20140905,22004.0
20140911,21903.0
20140912,21908.0
20140915,21899.0
20140916,22030.0
20140917,22135.0
20140918,22109.0
20140919,21996.0
20140922,21735.0
20140923,21660.0
20140924,21828.0
20140925,21592.0
20140926,21668.0
20140929,21571.0
20140930,21458.0
20141001,21113.0
20141002,21016.0
20141006,21046.0
20141007,20873.0
20141008,20836.0
20141010,20407.0
20141013,20600.0
20141014,20503.0
20141015,20407.0
20141016,20428.0
20141017,20297.0
20141020,20398.0
20141021,20482.0
20141022,20407.0
20141023,20554.0
20141024,20466.0
20141027,20495.0
20141028,20575.0
20141029,20802.0
20141030,20903.0
20141031,20991.0
20141103,20823.0
20141104,20768.0
20141105,20609.0
20141106,20768.0
20141107,20928.0
20141110,21004.0
20141111,20987.0
20141112,21042.0
20141113,20957.0
20141114,20747.0
20141117,20865.0
20141118,21105.0
20141119,20894.0
20141120,20957.0
20141121,21138.0
20141124,21227.0
20141125,21206.0
20141126,21273.0
20141127,21239.0
20141128,21189.0
20141201,21046.0
20141202,21100.0
20141203,21113.0
20141204,21348.0
20141205,21344.0
20141208,21269.0
20141209,21163.0
20141210,20827.0
20141211,20714.0
20141212,20524.0
20141215,20621.0
20141216,20667.0
20141217,20646.0
20141218,20638.0
20141219,20869.0
20141222,20936.0
20141223,20894.0
20141224,21004.0
20141226,21050.0
20141229,20928.0
20141230,20688.0
20150102,20747.0
20150105,20533.0
20150106,20382.0
20150107,20529.0
20150108,20894.0
20150109,20810.0
20150112,20827.0
20150113,20928.0
20150114,20836.0
20150115,20852.0
20150116,20764.0
20150119,20903.0
20150120,20995.0
20150121,21206.0
20150122,21433.0
20150123,21206.0
20150126,21357.0
20150127,21290.0
20150128,21340.0
20150129,21395.0
20150130,21210.0
20150202,21348.0
20150203,21395.0
20150204,21382.0
20150205,21214.0
20150206,21147.0
20150209,21189.0
20150210,21100.0
20150211,21142.0
20150212,21117.0
20150213,21218.0
20150216,21206.0
20150217,21391.0
20150223,21369.0
20150224,21441.0
20150225,21454.0
20150226,21403.0
20150227,21407.0
20150302,21559.0
20150303,21546.0
20150304,21563.0
20150305,21626.0
20150306,21647.0
20150309,21533.0
20150310,21248.0
20150311,21361.0
20150312,21437.0
20150313,21420.0
20150316,21550.0
20150317,21945.0
20150318,22114.0
20150319,22009.0
20150320,22025.0
20150323,21929.0
20150324,21996.0
20150325,21866.0
20150326,21777.0
20150327,21723.0
20150330,21903.0
20150331,21760.0
20150401,21664.0
20150402,21676.0
20150403,21803.0
20150406,21882.0
20150407,21769.0
20150408,21895.0
20150409,21941.0
20150410,22206.0
20150413,22328.0
20150414,22458.0
20150415,22631.0
20150416,22740.0
20150417,22610.0
20150420,22757.0
20150421,22698.0
20150422,22887.0
20150423,23152.0
20150424,23072.0
20150427,22959.0
20150428,22931.0
20150429,22705.0
20150430,22714.0
20150504,22662.0
20150506,22360.0
20150507,22288.0
20150508,22326.0
20150511,22207.0
20150512,22216.0
20150513,22314.0
20150514,22467.0
20150515,22203.0
20150518,22207.0
20150519,22360.0
20150520,22475.0
20150521,22331.0
20150522,22620.0
20150526,22390.0
20150527,22122.0
20150528,21995.0
20150529,22097.0
20150601,21944.0
20150602,21778.0
20150603,21616.0
20150604,21556.0
20150605,21586.0
20150608,21569.0
20150609,21595.0
20150610,21467.0
20150611,21527.0
20150612,21186.0
20150615,21216.0
20150616,21071.0
20150617,21165.0
20150618,21254.0
20150619,21314.0
20150622,21433.0
20150623,21633.0
20150624,21527.0
20150625,21505.0
20150626,21395.0
20150629,21254.0
20150630,21382.0
20150701,21667.0
20150702,21658.0
20150703,21344.0
20150706,21178.0
20150707,21110.0
20150708,20723.0
20150709,21029.0
20150710,20982.0
20150713,21246.0
20150714,21182.0
20150715,21135.0
20150716,21420.0
20150717,21195.0
20150720,21169.0
20150721,21093.0
20150722,21054.0
20150723,20910.0
20150724,20684.0
20150727,20757.0
20150728,20931.0
20150729,20948.0
20150730,20752.0
20150731,20718.0
20150803,20565.0
20150804,20650.0
20150805,20714.0
20150806,20374.0
20150807,20356.0
20150810,20467.0
20150811,20208.0
20150812,20114.0
20150813,20284.0
20150817,20110.0
20150818,20008.0
20150819,19854.0
20150820,19280.0
20150821,19182.0
20150824,18944.0
20150825,18876.0
20150826,19459.0
20150827,19620.0
20150828,19663.0
20150831,19676.0
20150901,19310.0
20150902,19642.0
20150903,19612.0
20150904,19386.0
20150907,19429.0
20150908,19616.0
20150909,19876.0
20150910,19969.0
20150911,19982.0
20150914,19812.0
20150915,19986.0
20150916,20497.0
20150917,20327.0
20150918,20284.0
20150921,20225.0
20150922,20050.0
20150923,20067.0
20150924,19974.0
20150925,19684.0
20150930,20105.0
20151001,20318.0
20151002,20288.0
20151005,20459.0
20151006,20467.0
20151007,20816.0
20151008,20952.0
20151012,20986.0
20151013,20918.0
20151014,20871.0
20151015,21156.0
20151016,21127.0
20151019,21063.0
20151020,21118.0
20151021,21152.0
20151022,21310.0
20151023,21365.0
20151026,21280.0
20151027,21305.0
20151028,21305.0
20151029,21182.0
20151030,21271.0
20151102,21429.0
20151103,21556.0
20151104,21433.0
20151105,21416.0
20151106,21254.0
20151109,21118.0
20151110,20880.0
20151111,20884.0
20151112,20701.0
20151113,20408.0
20151116,20591.0
20151117,20535.0
20151118,20714.0
20151119,20837.0
20151120,20880.0
20151123,20973.0
20151124,21054.0
20151125,21067.0
20151126,21314.0
20151127,21152.0
20151130,20901.0
20151201,21148.0
20151202,20884.0
20151203,20591.0
20151204,20744.0
20151207,20510.0
20151208,20450.0
20151209,20425.0
20151210,20514.0
20151211,20335.0
20151214,20412.0
20151215,20544.0
20151216,20876.0
20151217,20582.0
20151218,20739.0
20151221,20778.0
20151222,20901.0
20151223,21152.0
20151224,20935.0
20151228,20688.0
20151229,20876.0
20151230,20650.0
20160104,20259.0
20160105,20425.0
20160106,20233.0
20160107,19965.0
20160108,19969.0
20160111,20093.0
20160112,20033.0
20160113,19991.0
20160114,20195.0
20160115,19616.0
20160118,19803.0
20160119,19816.0
20160120,19463.0
20160121,19599.0
20160122,19901.0
20160125,19820.0
20160126,19842.0
20160127,19812.0
20160128,19927.0
20160129,20122.0
20160201,20088.0
20160202,19816.0
20160203,19935.0
20160204,20131.0
20160205,19778.0
20160211,19561.0
20160212,19727.0
20160215,19795.0
20160216,20020.0
20160217,20361.0
20160218,20229.0
20160219,20254.0
20160222,20446.0
20160223,20318.0
20160224,20369.0
20160225,20437.0
20160226,20335.0
20160229,20603.0
20160302,20722.0
20160303,20739.0
20160304,20786.0
20160307,20816.0
20160308,20603.0
20160309,20773.0
20160310,20931.0
20160311,21088.0
20160314,20952.0
20160315,20986.0
20160316,21080.0
20160317,21199.0
20160318,21195.0
20160321,21144.0
20160322,21208.0
20160323,21118.0
20160324,21165.0
20160325,21088.0
20160328,21122.0
20160329,21327.0
20160330,21365.0
20160331,21212.0
20160401,20952.0
20160404,20918.0
20160405,20799.0
20160406,20986.0
20160407,20795.0
20160408,20871.0
20160411,20897.0
20160412,21373.0
20160414,21476.0
20160415,21314.0
20160418,21463.0
20160419,21463.0
20160420,21454.0
20160421,21450.0
20160422,21446.0
20160425,21412.0
20160426,21471.0
20160427,21588.0
20160428,21259.0
20160429,21146.0
20160502,21116.0
20160503,20995.0
20160504,20986.0
20160509,20908.0
20160510,21099.0
20160511,20943.0
20160512,20956.0
20160513,20743.0
20160516,20860.0
20160517,20787.0
20160518,20661.0
20160519,20639.0
20160520,20704.0
20160523,20700.0
20160524,20700.0
20160525,20878.0
20160526,20865.0
20160527,20938.0
20160530,20865.0
20160531,20995.0
20160601,21064.0
20160602,21151.0
20160603,21177.0
20160607,21428.0
20160608,21632.0
20160609,21623.0
20160610,21393.0
20160613,21068.0
20160614,20995.0
20160615,21034.0
20160616,21003.0
20160617,21094.0
20160620,21172.0
20160621,21203.0
20160622,21307.0
20160623,21406.0
20160624,20592.0
20160627,20496.0
20160628,20852.0
20160629,21103.0
20160630,21164.0
20160701,21320.0
20160704,21367.0
20160705,21281.0
20160706,21047.0
20160707,21125.0
20160708,21268.0
20160711,21411.0
20160712,21545.0
20160713,21506.0
20160714,21662.0
20160715,21679.0
20160718,21740.0
20160719,21671.0
20160720,21727.0
20160721,21571.0
20160722,21705.0
20160725,21640.0
20160726,21848.0
20160727,21848.0
20160728,21788.0
20160729,21848.0
20160801,21892.0
20160802,21632.0
20160803,21632.0
20160804,21606.0
20160805,21935.0
20160808,21996.0
20160809,22087.0
20160810,22048.0
20160811,22143.0
20160812,22225.0
20160816,22108.0
20160817,22134.0
20160818,22308.0
20160819,22299.0
20160822,22221.0
20160823,22312.0
20160824,22208.0
20160825,22182.0
20160826,22026.0
20160829,22243.0
20160830,22264.0
20160831,22069.0
20160901,22130.0
20160902,22295.0
20160905,22438.0
20160906,22538.0
20160907,22546.0
20160908,22338.0
20160909,21861.0
20160912,21935.0
20160913,21753.0
20160919,21883.0
20160920,21978.0
20160921,22303.0
20160922,22403.0
20160923,22321.0
20160926,22173.0
20160927,22377.0
20160928,22434.0
20160929,22360.0
20160930,22382.0
20161004,22225.0
20161005,22538.0
20161006,22503.0
20161007,22390.0
20161010,22447.0
20161011,22052.0
20161012,22126.0
20161013,22017.0
20161014,22104.0
20161017,22143.0
20161018,22238.0
20161019,22321.0
20161020,22295.0
20161021,22303.0
20161024,22351.0
20161025,22243.0
20161026,22143.0
20161027,22147.0
20161028,22091.0
20161031,22126.0
20161101,21978.0
20161102,21835.0
20161103,21870.0
20161104,22100.0
20161107,22160.0
20161108,22169.0
20161109,21944.0
20161110,21939.0
20161111,21822.0
20161114,21658.0
20161115,21723.0
20161116,21614.0
20161117,21723.0
20161118,21614.0
20161121,21710.0
20161122,21870.0
20161123,21922.0
20161124,21883.0
20161125,21857.0
20161128,21913.0
20161129,21926.0
20161130,22052.0
20161201,21952.0
20161202,21874.0
20161205,22022.0
20161206,22191.0
20161207,22377.0
20161208,22564.0
20161209,22655.0
20161212,22542.0
20161213,22681.0
20161214,22455.0
20161215,22598.0
20161216,22598.0
20161219,22702.0
20161220,22772.0
20161221,22720.0
20161222,22685.0
20161223,22685.0
20161226,22689.0
20161227,22763.0
20161228,22785.0
20161229,22819.0
20170102,22962.0
20170103,23075.0
20170104,23084.0
20170105,23071.0
20170106,23149.0
20170109,23101.0
20170110,23175.0
20170111,23591.0
20170112,23582.0
20170113,23548.0
20170116,23457.0
20170117,23522.0
20170118,23604.0
20170119,23444.0
20170120,23457.0
20170123,23478.0
20170124,23621.0
20170125,23643.0
20170126,23673.0
20170131,23665.0
20170201,23682.0
20170202,23652.0
20170203,23812.0
20170206,23725.0
20170207,23582.0
20170208,23565.0
20170209,23691.0
20170210,23613.0
20170213,23695.0
20170214,23548.0
20170215,23678.0
20170216,23548.0
20170217,23665.0
20170220,23730.0
20170221,23946.0
20170222,23955.0
20170223,23951.0
20170224,23782.0
20170227,23708.0
20170228,23890.0
20170302,23847.0
20170303,23634.0
20170306,23782.0
20170307,23860.0
20170308,23938.0
20170309,23799.0
20170310,23946.0
20170313,24259.0
20170314,24380.0
20170315,24692.0
20170316,24614.0
20170317,24701.0
20170320,24766.0
20170321,24748.0
20170322,24917.0
20170323,24891.0
20170324,24718.0
20170327,24779.0
20170328,24835.0
20170329,24839.0
20170330,24822.0
20170331,24809.0
20170403,24779.0
20170404,24757.0
20170405,24640.0
20170406,24662.0
20170407,24571.0
20170410,24380.0
20170411,24332.0
20170412,24380.0
20170413,24493.0
20170414,24497.0
20170417,24631.0
20170418,24467.0
20170419,24328.0
20170420,24597.0
20170421,24805.0
20170424,24852.0
20170425,25169.0
20170426,25216.0
20170427,25344.0
20170428,25441.0
20170502,25635.0
20170504,25838.0
20170508,26499.0
20170510,26314.0
20170511,26512.0
20170512,26419.0
20170515,26622.0
20170516,26406.0
20170517,26217.0
20170518,26393.0
20170519,26543.0
20170522,26631.0
20170523,26728.0
20170524,26816.0
20170525,27019.0
20170526,27270.0
20170529,27111.0
20170530,26895.0
20170531,26935.0
20170601,26988.0
20170602,27252.0
20170605,27151.0
20170607,27041.0
20170608,27169.0
20170609,27177.0
20170612,27089.0
20170613,27332.0
20170614,27208.0
20170615,27129.0
20170616,27120.0
20170619,27411.0
20170620,27217.0
20170621,27266.0
20170622,27362.0
20170623,27459.0
20170626,27530.0
20170627,27473.0
20170628,27649.0
20170629,27517.0
20170630,27671.0
20170703,27680.0
20170704,27433.0
20170705,27671.0
20170706,27499.0
20170707,27587.0
20170710,27627.0
20170711,27746.0
20170712,27900.0
20170713,28094.0
20170714,28257.0
20170717,28187.0
20170718,28239.0
20170719,28301.0
20170720,28341.0
20170721,28491.0
20170724,28491.0
20170725,28394.0
20170726,28367.0
20170727,28270.0
20170728,27691.0
20170731,27757.0
20170801,28155.0
20170802,28049.0
20170803,27709.0
20170804,27810.0
20170807,27859.0
20170808,27545.0
20170809,27315.0
20170810,26895.0
20170811,26975.0
20170814,27262.0
20170816,27236.0
20170817,27116.0
20170818,27386.0
20170821,27337.0
20170822,27549.0
20170823,27417.0
20170824,27576.0
20170825,27519.0
20170828,27231.0
20170829,27359.0
20170830,27430.0
20170831,27333.0
20170901,26825.0
20170904,27041.0
20170905,26860.0
20170906,26944.0
20170907,27231.0
20170908,27328.0
20170911,27576.0
20170912,27523.0
20170913,27492.0
20170914,27576.0
20170915,27775.0
20170918,28217.0
20170919,28239.0
20170920,28137.0
20170921,28160.0
20170922,28036.0
20170925,27885.0
20170926,27859.0
20170927,27815.0
20170928,27824.0
20170929,28456.0
20171010,28650.0
20171011,28885.0
20171012,29008.0
20171013,29057.0
20171016,29026.0
20171017,29039.0
20171018,29132.0
20171019,28951.0
20171020,29212.0
20171023,29181.0
20171024,29163.0
20171025,29163.0
20171026,28973.0
20171027,29318.0
20171030,29247.0
20171031,29791.0
20171101,30035.0
20171102,30008.0
20171103,29982.0
20171106,29849.0
20171107,29703.0
20171108,29982.0
20171109,29667.0
20171110,29769.0
20171113,29623.0
20171114,29548.0
20171115,29468.0
20171116,29738.0
20171117,29632.0
20171120,29566.0
20171121,29734.0
20171122,29743.0
20171123,29659.0
20171124,29729.0
20171127,29207.0
20171128,29327.0
20171129,29079.0
20171130,28875.0
20171201,28906.0
20171204,28937.0
20171205,29185.0
20171206,28827.0
20171207,28765.0
20171208,28787.0
20171211,28778.0
20171212,28743.0
20171213,28973.0
20171214,29044.0
20171215,28920.0
20171218,29039.0
20171219,28889.0
20171220,28787.0
20171221,28375.0
20171222,28495.0
20171226,28415.0
20171227,28663.0
20171228,29123.0
20180102,29265.0
20180103,29433.0
20180104,29110.0
20180105,29548.0
20180108,29539.0
20180109,29588.0
20180110,29300.0
20180111,29229.0
20180112,29367.0
20180115,29287.0
20180116,29451.0
20180117,29610.0
20180118,29495.0
20180119,29459.0
20180122,29313.0
20180123,29570.0
20180124,29570.0
20180125,29853.0
20180126,30132.0
20180129,30159.0
20180130,29703.0
20180131,29951.0
20180201,29760.0
20180202,28893.0
20180205,28358.0
20180206,28800.0
20180207,27827.0
20180208,27734.0
20180209,27437.0
20180212,27805.0
20180213,28004.0
20180214,28570.0
20180219,28247.0
20180220,28030.0
20180221,27977.0
20180222,28079.0
20180223,28535.0
20180226,28606.0
20180227,28269.0
20180228,27783.0
20180302,27610.0
20180305,27530.0
20180306,27946.0
20180307,28075.0
20180308,28291.0
20180309,28743.0
20180312,28725.0
20180313,28659.0
20180314,28867.0
20180315,28915.0
20180316,28840.0
20180319,28521.0
20180320,28818.0
20180321,28849.0
20180322,28340.0
20180323,27898.0
20180326,28415.0
20180327,28030.0
20180328,28013.0
20180329,28420.0
20180330,28340.0
20180402,27951.0
20180403,28194.0
20180404,27920.0
20180405,27906.0
20180406,27946.0
20180409,28061.0
20180410,28216.0
20180411,28203.0
20180412,28203.0
20180413,28433.0
20180416,28340.0
20180417,28455.0
20180418,28667.0
20180419,28606.0
20180420,28486.0
20180423,28583.0
20180424,28176.0
20180425,28291.0
20180426,28835.0
20180427,28894.0
20180430,28894.0
20180502,28696.0
20180503,28669.0
20180504,28597.0
20180508,28337.0
20180509,28391.0
20180510,28557.0
20180511,28678.0
20180514,28530.0
20180515,28193.0
20180516,28463.0
20180517,28328.0
20180518,28427.0
20180521,28395.0
20180523,28660.0
20180524,28382.0
20180525,28678.0
20180528,28638.0
20180529,28292.0
20180530,27938.0
20180531,27938.0
20180601,28135.0
20180604,28252.0
20180605,28436.0
20180607,28503.0
20180608,28319.0
20180611,28575.0
20180612,28292.0
20180614,28023.0
20180615,27812.0
20180618,27430.0
20180619,27219.0
20180620,27305.0
20180621,26842.0
20180622,27228.0
20180625,27040.0
20180626,27179.0
20180627,27071.0
20180628,26946.0
20180629,26928.0
20180702,26519.0
20180703,26420.0
20180704,26331.0
20180705,26259.0
20180706,26447.0
20180709,26762.0
20180710,26497.0
20180711,26586.0
20180712,26658.0
20180713,26910.0
20180716,26806.0
20180717,26910.0
20180718,26802.0
20180719,26663.0
20180720,26753.0
20180723,26600.0
20180724,26690.0
20180725,26735.0
20180726,26797.0
20180727,26770.0
20180730,26788.0
20180731,26869.0
20180801,26905.0
20180802,26509.0
20180803,26658.0
20180806,26644.0
20180807,26842.0
20180808,26779.0
20180809,26712.0
20180810,26289.0
20180813,26136.0
20180814,25920.0
20180816,25997.0
20180817,26104.0
20180820,26010.0
20180821,26325.0
20180822,26518.0
20180823,26455.0
20180824,26703.0
20180827,26865.0
20180828,26793.0
20180829,26874.0
20180830,26730.0
20180831,26941.0
20180903,26806.0
20180904,26824.0
20180905,26505.0
20180906,26329.0
20180907,26370.0
20180910,26419.0
20180911,26379.0
20180912,26343.0
20180913,26532.0
20180914,26698.0
20180917,26392.0
20180918,26811.0
20180919,26797.0
20180920,27036.0
20180921,27013.0
20180927,27310.0
20180928,27148.0
20181001,27076.0
20181002,26806.0
20181004,26316.0
20181005,26194.0
20181008,26230.0
20181010,25367.0
20181011,24926.0
20181012,25115.0
20181015,25151.0
20181016,25281.0
20181017,25209.0
20181018,24885.0
20181019,24998.0
20181022,25043.0
20181023,24768.0
20181024,24004.0
20181025,24148.0
20181026,23824.0
20181029,23518.0
20181030,23775.0
20181031,23856.0
20181101,24028.0
20181102,24506.0
20181105,24474.0
20181106,24511.0
20181107,24781.0
20181108,24592.0
20181109,24267.0
20181112,24141.0
20181113,24348.0
20181114,24240.0
20181115,24610.0
20181116,24533.0
20181119,24312.0
20181120,24019.0
20181121,24222.0
20181122,24177.0
20181123,24095.0
20181126,24443.0
20181127,24632.0
20181128,25034.0
20181129,24799.0
20181130,24863.0
20181203,24840.0
20181204,24339.0
20181205,24389.0
20181206,24249.0
20181207,23901.0
20181210,24037.0
20181211,24037.0
20181212,24253.0
20181213,24366.0
20181214,24068.0
20181217,23933.0
20181218,24037.0
20181219,23992.0
20181220,23865.0
20181221,23856.0
20181224,23622.0
20181226,23915.0
20181227,23947.0
20181228,24168.0
20190102,23703.0
20190103,23468.0
20190104,23956.0
20190107,24005.0
20190108,23938.0
20190109,24353.0
20190110,24425.0
20190111,24420.0
20190114,24348.0
20190115,24736.0
20190116,24908.0
20190117,25048.0
20190118,25264.0
20190121,25133.0
20190122,24890.0
20190123,25115.0
20190124,25413.0
20190125,25846.0
20190128,25742.0
20190129,25891.0
20190130,26469.0
20190131,26284.0
20190201,26315.0
20190207,26027.0
20190208,25801.0
20190211,25846.0
20190212,26099.0
20190213,26031.0
20190214,26252.0
20190215,26149.0
20190218,26158.0
20190219,26261.0
20190220,26297.0
20190221,26338.0
20190222,26550.0
20190225,26442.0
20190226,26446.0
20190227,26401.0
20190228,26176.0
20190304,25788.0
20190305,25670.0
20190306,25598.0
20190307,25422.0
20190308,25224.0
20190311,25386.0
20190312,25390.0
20190313,25363.0
20190314,25323.0
20190315,25697.0
20190318,25693.0
20190319,25571.0
20190320,25720.0
20190321,25977.0
20190322,25566.0
20190325,25458.0
20190326,25368.0
20190327,25269.0
20190328,25296.0
20190329,25553.0
20190401,25819.0
20190402,25891.0
20190403,26239.0
20190404,26275.0
20190405,26415.0
20190408,26288.0
20190409,26207.0
20190410,26469.0
20190411,26356.0
20190412,26523.0
20190415,26509.0
20190416,26667.0
20190417,26658.0
20190418,26311.0
20190419,26225.0
20190422,26216.0
20190423,26370.0
20190424,25950.0
20190425,25819.0
20190426,25888.0
20190429,26306.0
20190430,26044.0
20190502,26237.0
20190503,25792.0
20190507,25480.0
20190508,25586.0
20190509,25063.0
20190510,24797.0
20190513,24425.0
20190514,24733.0
20190515,24728.0
20190516,24531.0
20190517,24338.0
20190520,24320.0
20190521,24503.0
20190522,24494.0
20190523,24366.0
20190524,24256.0
20190527,24292.0
20190528,24260.0
20190529,24063.0
20190530,24182.0
20190531,24145.0
20190603,24567.0
20190604,24769.0
20190605,24567.0
20190607,24705.0
20190610,24889.0
20190611,25072.0
20190612,24898.0
20190613,24783.0
20190614,24755.0
20190617,24774.0
20190618,25196.0
20190619,25237.0
20190620,25329.0
20190621,25269.0
20190624,25265.0
20190625,25219.0
20190626,25352.0
20190627,25586.0
20190628,25714.0
20190701,25416.0
20190702,25366.0
20190703,25086.0
20190704,25274.0
20190705,25049.0
20190708,24778.0
20190709,24746.0
20190710,24893.0
20190711,25012.0
20190712,25022.0
20190715,25122.0
20190716,25054.0
20190717,24934.0
20190718,25058.0
20190719,25200.0
20190722,25320.0
20190723,25324.0
20190724,25210.0
20190725,24980.0
20190726,24999.0
20190729,24783.0
20190730,24687.0
20190731,24369.0
20190801,24232.0
20190802,24098.0
20190805,23156.0
20190806,23363.0
20190807,23413.0
20190808,23464.0
20190809,23501.0
20190812,23418.0
20190813,23510.0
20190814,23307.0
20190816,23514.0
20190819,23501.0
20190820,23698.0
20190821,23813.0
20190822,23501.0
20190823,23165.0
20190826,23349.0
20190827,23390.0
20190828,23542.0
20190829,23556.0
20190830,23758.0
20190902,23767.0
20190903,23721.0
20190904,24135.0
20190905,24471.0
20190906,24471.0
20190909,24641.0
20190910,24797.0
20190911,25004.0
20190916,24981.0
20190917,25018.0
20190918,25082.0
20190919,25266.0
20190920,25358.0
20190923,25445.0
20190924,25473.0
20190925,25312.0
20190926,25229.0
20190927,24949.0
20190930,25183.0
20191001,25100.0
20191002,24682.0
20191004,24760.0
20191007,24751.0
20191008,24769.0
20191010,25068.0
20191011,25321.0
20191014,25257.0
20191015,25477.0
20191016,25500.0
20191017,25450.0
20191018,25160.0
20191021,25381.0
20191022,25560.0
20191023,25560.0
20191024,25601.0
20191025,25661.0
20191028,25749.0
20191029,25620.0
20191030,25532.0
20191031,25482.0
20191101,25929.0
20191104,26085.0
20191105,26233.0
20191106,26214.0
20191107,26353.0
20191108,26113.0
20191111,25993.0
20191112,26067.0
20191113,25993.0
20191114,26214.0
20191115,26496.0
20191118,26357.0
20191119,26242.0
20191120,26007.0
20191121,25684.0
20191122,25933.0
20191125,26118.0
20191126,26145.0
20191127,25979.0
20191128,26035.0
20191129,25694.0
20191202,25394.0
20191203,25316.0
20191204,25449.0
20191205,25357.0
20191206,25680.0
20191209,25588.0
20191210,25786.0
20191211,26049.0
20191212,26698.0
20191213,26777.0
20191216,26873.0
20191217,27173.0
20191218,27228.0
20191219,27256.0
20191220,27330.0
20191223,27233.0
20191224,27035.0
20191226,27265.0
20191227,27625.0
20191230,27473.0
20200102,27399.0
20200103,26966.0
20200106,27127.0
20200107,27012.0
20200108,27417.0
20200109,27496.0
20200110,27722.0
20200113,28155.0
20200114,28076.0
20200115,27975.0
20200116,28404.0
20200117,28450.0
20200120,28514.0
20200121,28159.0
20200122,28408.0
20200123,27560.0
20200128,27482.0
20200129,27417.0
20200130,27117.0
20200131,26351.0
20200203,26683.0
20200204,27413.0
20200205,27565.0
20200206,28022.0
20200207,27528.0
20200210,27787.0
20200211,27934.0
20200212,28262.0
20200213,28077.0
20200214,28253.0
20200217,28068.0
20200218,27976.0
20200219,28059.0
20200220,27348.0
20200221,26877.0
20200224,26295.0
20200225,26212.0
20200226,26203.0
20200227,25561.0
20200228,25229.0
20200302,25912.0
20200303,25261.0
20200304,26194.0
20200305,25922.0
20200306,24929.0
20200309,24615.0
20200310,24754.0
20200311,23876.0
20200312,21444.0
20200313,22805.0
20200316,21028.0
20200317,21347.0
20200318,20622.0
20200319,19228.0
20200320,18678.0
20200323,19482.0
20200324,21319.0
20200325,21877.0
20200326,22371.0
20200327,21291.0
20200330,21988.0
20200331,22039.0
20200401,21305.0
20200402,21891.0
20200403,22007.0
20200406,22999.0
20200407,22893.0
20200408,23073.0
20200409,22990.0
20200410,23161.0
20200413,23027.0
20200414,22985.0
20200416,23706.0
20200417,23904.0
20200420,23535.0
20200421,23073.0
20200422,23738.0
20200423,23683.0
20200424,23549.0
20200427,24021.0
20200428,24105.0
20200429,23768.0
20200504,23937.0
20200506,23847.0
20200507,24040.0
20200508,24143.0
20200511,23941.0
20200512,23467.0
20200513,23796.0
20200514,23960.0
20200515,23941.0
20200518,24509.0
20200519,24495.0
20200520,24800.0
20200521,24758.0
20200522,24472.0
20200525,24683.0
20200526,24974.0
20200527,25288.0
20200528,25016.0
20200529,25194.0
20200601,25631.0
20200602,26124.0
20200603,27189.0
20200604,26814.0
20200605,27691.0
20200608,27494.0
20200609,27297.0
20200610,27175.0
20200611,25973.0
20200612,26095.0
20200615,25711.0
20200616,26541.0
20200617,26410.0
20200618,26706.0
20200619,26307.0
20200622,26574.0
20200623,26555.0
20200624,26462.0
20200625,26438.0
20200626,26222.0
20200629,26499.0
20200630,26645.0
20200701,26438.0
20200702,26800.0
20200703,26973.0
20200706,27485.0
20200707,27001.0
20200708,27058.0
20200709,27100.0
20200710,27062.0
20200713,27105.0
20200714,27550.0
20200715,27527.0
20200716,27264.0
20200717,27513.0
20200720,27616.0
20200721,27757.0
20200722,27672.0
20200723,27269.0
20200724,27302.0
20200727,27809.0
20200728,28189.0
20200729,28447.0
20200730,28489.0
20200731,28151.0
20200803,28315.0
20200804,28565.0
20200805,28889.0
20200806,29340.0
20200807,29322.0
20200810,29881.0
20200811,30079.0
20200812,30662.0
20200813,30295.0
20200814,30126.0
20200818,29604.0
20200819,29256.0
20200820,28692.0
20200821,28861.0
20200824,29322.0
20200825,29463.0
20200826,29561.0
20200827,29439.0
20200828,29604.0
20200831,28969.0
20200901,29336.0
20200902,29566.0
20200903,28974.0
20200904,29317.0
20200907,29698.0
20200908,29467.0
20200909,29740.0
20200910,29599.0
20200911,29985.0
20200914,30220.0
20200915,30333.0
20200916,30206.0
20200917,29952.0
20200918,29886.0
20200921,29618.0
20200922,29157.0
20200923,28715.0
20200924,28612.0
20200925,28819.0
20200928,29251.0
20200929,29218.0
20201005,29670.0
20201006,29435.0
20201007,30112.0
20201008,30107.0
20201012,30215.0
20201013,30093.0
20201014,29712.0
20201015,29613.0
20201016,29463.0
20201019,29308.0
20201020,29693.0
20201021,29571.0
20201022,29656.0
20201023,29731.0
20201026,29373.0
20201027,29223.0
20201028,29119.0
20201029,29067.0
20201030,28455.0
20201102,28940.0
20201103,29595.0
20201104,29764.0
20201105,30348.0
20201106,30598.0
20201109,30833.0
20201110,30796.0
20201111,31163.0
20201112,30909.0
20201113,31558.0
20201116,32100.0
20201117,32025.0
20201118,31850.0
20201119,31954.0
20201120,32166.0
20201123,32905.0
20201124,33179.0
20201125,32759.0
20201126,33098.0
20201127,33277.0
20201130,32872.0
20201201,33348.0
20201202,33880.0
20201203,34139.0
20201204,34907.0
20201207,34770.0
20201208,34455.0
20201209,34643.0
20201210,34987.0
20201211,35086.0
20201214,34945.0
20201215,35199.0
20201216,35095.0
20201217,35124.0
20201218,35043.0
20201221,34902.0
20201222,34643.0
20201223,35020.0
20201224,35877.0
20201228,36164.0
20201229,36282.0
20201230,37285.0
20210104,37982.0
20210105,38872.0
20210106,38816.0
20210107,39791.0
20210108,41444.0
20210111,40907.0
20210112,40841.0
20210113,40822.0
20210114,41194.0
20210115,39649.0
20210118,39357.0
20210119,40888.0
20210120,40784.0
20210121,41138.0
20210122,40883.0
20210125,41594.0
20210126,40850.0
20210127,39752.0
20210128,40129.0
20210129,38663.0
20210201,40172.0
20210202,40667.0
20210203,40577.0
20210204,40228.0
20210205,40459.0
20210208,40393.0
20210209,40101.0
20210210,40837.0
20210215,40997.0
20210216,40790.0
20210217,40502.0
20210218,40021.0
20210219,40601.0
20210222,39653.0
20210223,39842.0
20210224,39615.0
20210225,39568.0
20210226,40271.0
20210302,39672.0
20210303,39696.0
20210304,39106.0
20210305,39842.0
20210308,39120.0
20210309,39380.0
20210310,38800.0
20210311,39847.0
20210312,39823.0
20210315,39776.0
20210316,39927.0
20210317,39908.0
20210318,39337.0
20210319,39630.0
20210322,39776.0
20210323,38913.0
20210324,38880.0
20210325,39309.0
20210326,39653.0
20210329,39549.0
20210330,39993.0
20210331,40063.0
20210401,40474.0
20210402,40738.0
20210405,40907.0
20210406,40804.0
20210407,40766.0
20210408,40823.0
20210409,40738.0
20210412,40606.0
20210413,41171.0
20210414,41270.0
20210415,41516.0
20210416,41355.0
20210419,41266.0
20210420,41341.0
20210421,41039.0
20210422,40709.0
20210423,41058.0
20210426,41360.0
20210427,41322.0
20210428,41075.0
20210429,40730.0
20210430,40466.0
20210503,40294.0
20210504,40423.0
20210506,40893.0
20210507,41319.0
20210510,41482.0
20210511,41070.0
20210512,39834.0
20210513,40059.0
20210514,40510.0
20210517,40232.0
20210518,40270.0
20210520,40677.0
20210521,40390.0
20210524,40524.0
20210525,40754.0
20210526,40648.0
20210527,40668.0
20210528,40926.0
20210531,40955.0
20210601,41199.0
20210602,41233.0
20210603,41376.0
20210604,41621.0
20210607,41530.0
20210608,41357.0
20210609,41008.0
20210610,41233.0
20210611,41458.0
20210614,41429.0
20210615,41443.0
20210616,41520.0
20210617,41606.0
20210618,41209.0
20210621,41458.0
20210622,41659.0
20210623,41798.0
20210624,42056.0
20210625,42157.0
20210628,42080.0
20210629,41994.0
20210630,42061.0
20210701,41783.0
20210702,41922.0
20210705,42056.0
20210706,41989.0
20210707,41917.0
20210708,41032.0
20210709,41242.0
20210712,41549.0
20210713,41568.0
20210714,41688.0
20210715,41664.0
20210716,41314.0
20210719,40902.0
20210720,41324.0
20210721,41099.0
20210722,41434.0
20210723,41573.0
20210726,41214.0
20210727,40993.0
20210728,41309.0
20210729,41074.0
20210730,40935.0
20210802,40883.0
20210803,41401.0
20210804,41866.0
20210805,41794.0
20210806,41420.0
20210809,41549.0
20210810,41031.0
20210811,40763.0
20210812,40513.0
20210813,39962.0
20210817,39487.0
20210818,39363.0
20210819,39032.0
20210820,38763.0
20210823,39166.0
20210824,39689.0
20210825,39770.0
20210826,39267.0
20210827,39780.0
20210830,39516.0
20210831,40216.0
20210901,40240.0
20210902,40077.0
20210903,40255.0
20210906,40317.0
20210907,39967.0
20210908,39636.0
20210909,39128.0
20210910,39094.0
20210913,39473.0
20210914,39583.0
20210915,39789.0
20210916,39147.0
20210917,39147.0
20210923,39511.0
20210924,39291.0
20210927,39387.0
20210928,38432.0
20210929,38317.0
20210930,38332.0
20211001,37483.0
20211005,37459.0
20211006,37018.0
20211007,37469.0
20211008,37109.0
20211012,36558.0
20211013,37167.0
20211014,37680.0
20211015,37847.0
20211018,37953.0
20211019,38150.0
20211020,37881.0
20211021,37718.0
20211022,37704.0
20211025,38207.0
20211026,38231.0
20211027,38001.0
20211028,38082.0
20211029,37626.0
20211101,37669.0
20211102,38116.0
20211103,37785.0
20211104,37919.0
20211105,37549.0
20211108,37439.0
20211109,37314.0
20211110,36876.0
20211111,37371.0
20211112,37770.0
20211115,37934.0
20211116,37953.0
20211117,37251.0
20211118,37352.0
20211119,37727.0
20211122,38332.0
20211123,38169.0
20211124,38006.0
20211125,37530.0
20211126,36631.0
20211129,37040.0
20211130,36083.0
20211201,36598.0
20211202,37294.0
20211203,37578.0
20211206,37813.0
20211207,38419.0
20211208,38207.0
20211209,38236.0
20211210,38347.0
20211213,37962.0
20211214,37804.0
20211215,38289.0
20211216,37972.0
20211217,38107.0
20211220,37789.0
20211221,38097.0
20211222,38289.0
20211223,38419.0
20211224,38568.0
20211227,38481.0
20211228,38640.0
20211229,38582.0
20211230,38491.0
20220103,38510.0
20220104,38299.0
20220105,37578.0
20220106,37698.0
20220107,37885.0
20220110,37698.0
20220111,38006.0
20220112,38419.0
20220113,37871.0
20220114,37583.0
20220117,37424.0
20220118,36766.0
20220119,36756.0
20220120,36617.0
20220121,36444.0
20220124,36045.0
20220125,35377.0
20220126,35233.0
20220127,34169.0
20220128,35498.0
20220203,35329.0
20220204,35623.0
20220207,35608.0
20220208,35714.0
20220209,36104.0
20220210,35859.0
20220211,35493.0
20220214,35474.0
20220215,35536.0
20220216,35897.0
20220217,35637.0
20220218,35454.0
20220221,35339.0
20220222,35637.0
20220223,35079.0
20220224,34906.0
20220225,34747.0
20220228,35257.0
20220302,35421.0
20220303,35628.0
20220304,34655.0
20220307,33986.0
20220308,34655.0
20220310,34574.0
20220311,34506.0
20220314,34371.0
20220315,34540.0
20220316,35276.0
20220317,35122.0
20220318,35474.0
20220321,34935.0
20220322,35450.0
20220323,35315.0
20220324,35551.0
20220325,35137.0
20220328,35459.0
20220329,35695.0
20220330,35560.0
20220331,35546.0
20220401,35353.0
20220404,35729.0
20220405,35329.0
20220406,35026.0
20220407,34800.0
20220408,34617.0
20220411,34511.0
20220412,34521.0
20220413,35069.0
20220414,34655.0
20220415,34357.0
20220418,34636.0
20220419,34911.0
20220420,34983.0
20220421,34713.0
20220422,34266.0
20220425,34227.0
20220426,33770.0
20220427,34033.0
20220428,34189.0
20220429,34277.0
20220502,34550.0
20220503,34619.0
20220504,34189.0
20220506,33930.0
20220509,33491.0
20220510,33393.0
20220511,33222.0
20220512,33212.0
20220513,34033.0
20220516,33715.0
20220517,34169.0
20220518,33325.0
20220519,33706.0
20220520,34311.0
20220523,34130.0
20220524,33847.0
20220525,33784.0
20220526,34018.0
20220527,34399.0
20220530,34414.0
20220531,34414.0
20220602,34526.0
20220603,34257.0
20220607,33808.0
20220608,33740.0
20220609,33491.0
20220610,32724.0
20220613,31650.0
20220614,32036.0
20220615,31928.0
20220616,30937.0
20220617,31484.0
20220620,30937.0
20220621,31059.0
20220622,30146.0
20220623,30078.0
20220624,30781.0
20220627,30981.0
20220628,30815.0
20220629,30546.0
20220630,30322.0
20220701,29853.0
20220704,30131.0
20220705,30087.0
20220706,29873.0
20220707,30454.0
20220708,30468.0
20220711,30107.0
20220712,30014.0
20220713,29873.0
20220714,30175.0
20220715,30473.0
20220718,30717.0
20220719,31235.0
20220720,31010.0
20220721,31235.0
20220722,31005.0
20220725,31123.0
20220726,31333.0
20220727,31655.0
20220728,31807.0
20220729,31616.0
20220801,31646.0
20220802,31523.0
20220803,31939.0
20220804,31988.0
20220805,31881.0
20220808,32052.0
20220809,31973.0
20220810,32130.0
20220811,32262.0
20220812,32639.0
20220816,32561.0
20220817,32164.0
20220818,32248.0
20220819,31685.0
20220822,31391.0
20220823,31318.0
20220824,31465.0
20220825,31861.0
20220826,30970.0
20220829,31112.0
20220830,31014.0
20220831,31142.0
20220901,30961.0
20220902,30652.0
20220905,30731.0
20220906,30447.0
20220907,30422.0
20220908,30824.0
20220913,30329.0
20220914,30677.0
20220915,30148.0
20220916,30290.0
20220919,30217.0
20220920,29884.0
20220921,29473.0
20220922,29502.0
20220923,28773.0
20220926,28455.0
20220927,28157.0
20220928,28127.0
20220929,27687.0
20220930,28073.0
20221004,28837.0
20221005,28577.0
20221006,28352.0
20221007,27990.0
20221011,27917.0
20221012,28108.0
20221013,28166.0
20221014,28059.0
20221017,28871.0
20221018,28842.0
20221019,28426.0
20221020,28225.0
20221021,28812.0
20221024,28670.0
20221025,28666.0
20221026,29037.0
20221027,29159.0
20221028,29311.0
20221031,29508.0
20221101,29729.0
20221102,29321.0
20221103,29527.0
20221104,30009.0
20221107,30465.0
20221108,30814.0
20221109,30740.0
20221110,31565.0
20221111,31855.0
20221114,31708.0
20221115,31767.0
20221116,31477.0
20221117,31226.0
20221118,31231.0
20221121,30843.0
20221122,30917.0
20221123,31118.0
20221124,31212.0
20221125,30868.0
20221128,30671.0
20221129,30868.0
20221130,31953.0
20221201,31575.0
20221202,31089.0
20221205,30617.0
20221206,30382.0
20221207,30342.0
20221208,30470.0
20221209,30455.0
20221212,30642.0
20221213,30568.0
20221214,30613.0
20221215,29837.0
20221216,30072.0
20221219,30038.0
20221220,30082.0
20221221,29964.0
20221222,29876.0
20221223,29665.0
20221226,29866.0
20221227,29812.0
20221228,29434.0
20221229,29134.0
20230102,28928.0
20230103,28732.0
20230104,29670.0
20230105,29532.0
20230106,30392.0
20230109,30784.0
20230110,31045.0
20230111,31148.0
20230112,31128.0
20230113,31334.0
20230116,31506.0
20230117,31241.0
20230118,30907.0
20230119,31236.0
20230120,31914.0
20230125,31997.0
20230126,32479.0
20230127,32680.0
20230130,32148.0
20230131,31878.0
20230201,32434.0
20230202,32281.0
20230203,32183.0
20230206,31760.0
20230207,32134.0
20230208,32237.0
20230209,32124.0
20230210,32075.0
20230213,32311.0
20230214,32311.0
20230215,31843.0
20230216,31809.0
20230217,32011.0
20230220,32080.0
20230221,31656.0
20230222,31607.0
20230223,31824.0
20230224,31312.0
20230227,31430.0
20230228,31430.0
20230302,31656.0
20230303,31824.0
20230306,31947.0
20230307,31538.0
20230308,31499.0
20230309,30908.0
20230310,31080.0
20230313,30888.0
20230314,30770.0
20230315,30529.0
20230316,31080.0
20230317,31075.0
20230320,31031.0
20230321,31213.0
20230322,31095.0
20230323,31410.0
20230324,31415.0
20230327,31277.0
20230328,31474.0
20230329,31774.0
20230330,31917.0
20230331,32271.0
20230403,32045.0
20230404,32168.0
20230405,32207.0
20230406,32001.0
20230407,32291.0
20230410,32714.0
20230411,33015.0
20230412,32990.0
20230413,33418.0
20230414,33320.0
20230417,33369.0
20230418,33280.0
20230419,33207.0
20230420,33148.0
20230421,32946.0
20230424,32906.0
20230425,32390.0
20230426,32400.0
20230427,32664.0
20230428,32649.0
20230502,32654.0
20230503,32485.0
20230504,32849.0
20230508,32839.0
20230509,32789.0
20230510,32709.0
20230511,32385.0
20230512,32280.0
20230515,32649.0
20230516,32470.0
20230517,32834.0
20230518,33188.0
20230519,33412.0
20230522,33742.0
20230523,33527.0
20230524,33767.0
20230525,33627.0
20230526,34026.0
20230530,34096.0
20230531,33852.0
20230601,34006.0
20230602,34425.0
20230605,34420.0
20230607,34141.0
20230608,34375.0
20230609,34735.0
20230612,34630.0
20230613,34595.0
20230614,34510.0
20230615,34480.0
20230616,34370.0
20230619,34186.0
20230620,34156.0
20230621,33837.0
20230622,34121.0
20230623,33767.0
20230626,33926.0
20230627,34101.0
20230628,33891.0
20230629,33797.0
20230630,34011.0
20230703,34400.0
20230704,34226.0
20230705,33936.0
20230706,33502.0
20230707,33268.0
20230710,33403.0
20230711,33777.0
20230712,34246.0
20230713,34465.0
20230714,34595.0
20230717,34735.0
20230718,34610.0
20230719,34156.0
20230720,34026.0
20230721,34291.0
20230724,34605.0
20230725,34580.0
20230726,34256.0
20230727,34415.0
20230728,34685.0
20230731,34720.0
20230801,34975.0
20230802,34450.0
20230803,34275.0
20230804,34040.0
20230807,34250.0
20230808,33900.0
20230809,34005.0
20230810,34175.0
20230811,33890.0
20230814,33435.0
20230816,32980.0
20230817,32700.0
20230818,32985.0
20230821,33135.0
20230822,32905.0
20230823,33345.0
20230824,32980.0
20230825,33290.0
20230828,33470.0
20230829,33790.0
20230830,33630.0
20230831,33485.0
20230901,34010.0
20230904,34040.0
20230905,34025.0
20230906,33755.0
20230907,33725.0
20230908,33745.0
20230911,33940.0
20230912,33650.0
20230913,33770.0
20230914,34190.0
20230915,34325.0
20230918,34250.0
20230919,33900.0
20230920,33715.0
20230921,33005.0
20230922,33105.0
20230925,33230.0
20230926,32620.0
20230927,32480.0
20231004,32235.0
20231005,32060.0
20231006,32405.0
20231010,32595.0
20231011,32865.0
20231012,32755.0
20231013,32610.0
20231016,32750.0
20231017,32835.0
20231018,32635.0
20231019,32175.0
20231020,31905.0
20231023,31920.0
20231024,32105.0
20231025,31355.0
