,date,KODEX_MINMAX
0,20021014,279
1,20021015,190
2,20021016,88
3,20021017,212
4,20021018,170
5,20021021,136
6,20021022,273
7,20021023,238
8,20021024,170
9,20021025,157
10,20021028,157
11,20021029,109
12,20021030,177
13,20021031,157
14,20021101,102
15,20021104,177
16,20021105,130
17,20021106,136
18,20021107,143
19,20021108,89
20,20021111,150
21,20021112,137
22,20021113,129
23,20021114,95
24,20021115,109
25,20021118,137
26,20021119,103
27,20021120,171
28,20021121,96
29,20021122,130
30,20021125,96
31,20021126,116
32,20021127,116
33,20021128,116
34,20021129,110
35,20021202,109
36,20021203,95
37,20021204,109
38,20021205,116
39,20021206,102
40,20021209,163
41,20021210,95
42,20021211,102
43,20021212,96
44,20021213,89
45,20021216,89
46,20021217,76
47,20021218,157
48,20021220,96
49,20021223,185
50,20021224,171
51,20021226,123
52,20021227,123
53,20021230,334
54,20030102,136
55,20030103,136
56,20030106,109
57,20030107,259
58,20030108,89
59,20030109,157
60,20030110,232
61,20030113,218
62,20030114,123
63,20030115,157
64,20030116,144
65,20030117,123
66,20030120,109
67,20030121,110
68,20030122,143
69,20030123,109
70,20030124,218
71,20030127,102
72,20030128,109
73,20030129,212
74,20030130,95
75,20030203,177
76,20030204,75
77,20030205,123
78,20030206,150
79,20030207,170
80,20030210,82
81,20030211,245
82,20030212,136
83,20030213,150
84,20030214,103
85,20030217,143
86,20030218,116
87,20030219,150
88,20030220,82
89,20030221,102
90,20030224,136
91,20030225,136
92,20030226,75
93,20030227,89
94,20030228,136
95,20030303,136
96,20030304,89
97,20030305,109
98,20030306,102
99,20030307,82
100,20030310,76
101,20030311,75
102,20030312,75
103,20030313,184
104,20030314,95
105,20030317,225
106,20030318,123
107,20030319,116
108,20030320,156
109,20030321,116
110,20030324,116
111,20030325,81
112,20030326,136
113,20030327,54
114,20030328,102
115,20030331,116
116,20030401,102
117,20030402,102
118,20030403,109
119,20030404,218
120,20030407,246
121,20030408,177
122,20030409,116
123,20030410,109
124,20030411,225
125,20030414,150
126,20030415,82
127,20030416,109
128,20030417,75
129,20030418,82
130,20030421,96
131,20030422,151
132,20030423,123
133,20030424,150
134,20030425,144
135,20030428,116
136,20030429,204
137,20030430,84
138,20030502,190
139,20030506,77
140,20030507,120
141,20030509,113
142,20030512,70
143,20030513,203
144,20030514,106
145,20030515,134
146,20030516,141
147,20030519,112
148,20030520,155
149,20030521,70
150,20030522,168
151,20030523,112
152,20030526,120
153,20030527,106
154,20030528,63
155,20030529,119
156,20030530,77
157,20030602,71
158,20030603,99
159,20030604,98
160,20030605,57
161,20030609,134
162,20030610,91
163,20030611,91
164,20030612,56
165,20030613,134
166,20030616,84
167,20030617,71
168,20030618,91
169,20030619,126
170,20030620,56
171,20030623,119
172,20030624,49
173,20030625,99
174,20030626,127
175,20030627,105
176,20030630,85
177,20030701,113
178,20030702,70
179,20030703,127
180,20030704,84
181,20030707,84
182,20030708,98
183,20030709,63
184,20030710,84
185,20030711,113
186,20030714,140
187,20030715,113
188,20030716,105
189,20030718,91
190,20030721,92
191,20030722,113
192,20030723,84
193,20030724,127
194,20030725,84
195,20030728,98
196,20030729,71
197,20030730,85
198,20030731,70
199,20030801,134
200,20030804,57
201,20030805,56
202,20030806,84
203,20030807,63
204,20030808,84
205,20030811,113
206,20030812,70
207,20030813,105
208,20030814,71
209,20030818,98
210,20030819,63
211,20030820,70
212,20030821,148
213,20030822,63
214,20030825,77
215,20030826,56
216,20030827,56
217,20030828,140
218,20030829,112
219,20030901,56
220,20030902,63
221,20030903,70
222,20030904,56
223,20030905,77
224,20030908,35
225,20030909,127
226,20030915,133
227,20030916,105
228,20030917,70
229,20030918,112
230,20030919,218
231,20030922,260
232,20030923,148
233,20030924,85
234,20030925,133
235,20030926,98
236,20030929,99
237,20030930,133
238,20031001,155
239,20031002,99
240,20031006,70
241,20031007,70
242,20031008,105
243,20031009,182
244,20031010,281
245,20031013,182
246,20031014,106
247,20031015,106
248,20031016,190
249,20031017,147
250,20031020,119
251,20031021,112
252,20031022,91
253,20031023,190
254,20031024,154
255,20031027,77
256,20031028,232
257,20031029,134
258,20031030,98
259,20031031,147
260,20031103,148
261,20031104,134
262,20031105,141
263,20031106,204
264,20031107,141
265,20031110,141
266,20031111,84
267,20031112,113
268,20031113,84
269,20031114,98
270,20031117,127
271,20031118,148
272,20031119,225
273,20031120,134
274,20031121,134
275,20031124,162
276,20031125,64
277,20031126,154
278,20031127,77
279,20031128,162
280,20031201,196
281,20031202,84
282,20031203,133
283,20031204,77
284,20031205,155
285,20031208,126
286,20031209,77
287,20031210,232
288,20031211,113
289,20031212,84
290,20031215,70
291,20031216,98
292,20031217,161
293,20031218,113
294,20031219,70
295,20031222,112
296,20031223,105
297,20031224,141
298,20031226,71
299,20031229,190
300,20031230,148
301,20040102,105
302,20040105,98
303,20040106,134
304,20040107,71
305,20040108,92
306,20040109,126
307,20040112,141
308,20040113,91
309,20040114,113
310,20040115,148
311,20040116,85
312,20040119,71
313,20040120,70
314,20040126,126
315,20040127,126
316,20040128,91
317,20040129,71
318,20040130,113
319,20040202,92
320,20040203,148
321,20040204,84
322,20040205,77
323,20040206,134
324,20040209,84
325,20040210,112
326,20040211,91
327,20040212,99
328,20040213,127
329,20040216,92
330,20040217,63
331,20040218,120
332,20040219,85
333,20040220,57
334,20040223,113
335,20040224,105
336,20040225,70
337,20040226,133
338,20040227,197
339,20040302,77
340,20040303,84
341,20040304,127
342,20040305,105
343,20040308,99
344,20040309,49
345,20040310,134
346,20040311,105
347,20040312,421
348,20040315,85
349,20040316,98
350,20040317,224
351,20040318,106
352,20040319,113
353,20040322,183
354,20040323,169
355,20040324,77
356,20040325,161
357,20040326,105
358,20040329,106
359,20040330,85
360,20040331,141
361,20040401,99
362,20040402,63
363,20040406,92
364,20040407,106
365,20040408,70
366,20040409,106
367,20040412,246
368,20040413,98
369,20040414,148
370,20040416,134
371,20040419,119
372,20040420,141
373,20040421,210
374,20040422,126
375,20040423,98
376,20040426,161
377,20040427,70
378,20040428,211
379,20040429,236
380,20040430,186
381,20040503,100
382,20040504,115
383,20040506,315
384,20040507,200
385,20040510,600
386,20040511,215
387,20040512,157
388,20040513,250
389,20040514,464
390,20040517,421
391,20040518,300
392,20040519,365
393,20040520,293
394,20040521,186
395,20040524,100
396,20040525,179
397,20040527,193
398,20040528,115
399,20040531,357
400,20040601,136
401,20040602,135
402,20040603,415
403,20040604,135
404,20040607,271
405,20040608,151
406,20040609,250
407,20040610,179
408,20040611,379
409,20040614,264
410,20040615,250
411,20040616,215
412,20040617,158
413,20040618,193
414,20040621,172
415,20040622,200
416,20040623,200
417,20040624,142
418,20040625,186
419,20040628,157
420,20040629,172
421,20040630,100
422,20040701,151
423,20040702,136
424,20040705,151
425,20040706,114
426,20040707,222
427,20040708,136
428,20040709,86
429,20040712,164
430,20040713,100
431,20040714,150
432,20040715,171
433,20040716,207
434,20040719,193
435,20040720,86
436,20040721,100
437,20040722,100
438,20040723,86
439,20040726,136
440,20040727,121
441,20040728,86
442,20040729,150
443,20040730,64
444,20040802,128
445,20040803,57
446,20040804,86
447,20040805,171
448,20040806,93
449,20040809,193
450,20040810,129
451,20040811,93
452,20040812,193
453,20040813,200
454,20040816,115
455,20040817,143
456,20040818,72
457,20040819,93
458,20040820,57
459,20040823,122
460,20040824,93
461,20040825,129
462,20040826,57
463,20040827,72
464,20040830,78
465,20040831,50
466,20040901,143
467,20040902,71
468,20040903,114
469,20040906,79
470,20040907,50
471,20040908,136
472,20040909,79
473,20040910,200
474,20040913,121
475,20040914,107
476,20040915,78
477,20040916,214
478,20040917,136
479,20040920,150
480,20040921,65
481,20040922,264
482,20040923,93
483,20040924,93
484,20040930,293
485,20041001,93
486,20041004,257
487,20041005,79
488,20041006,164
489,20041007,129
490,20041008,136
491,20041011,78
492,20041012,229
493,20041013,121
494,20041014,129
495,20041015,165
496,20041018,128
497,20041019,115
498,20041020,257
499,20041021,214
500,20041022,86
501,20041025,157
502,20041026,107
503,20041027,164
504,20041028,129
505,20041029,222
506,20041101,107
507,20041102,129
508,20041103,150
509,20041104,65
510,20041105,71
511,20041108,250
512,20041109,100
513,20041110,136
514,20041111,122
515,20041112,100
516,20041115,150
517,20041116,121
518,20041117,122
519,20041118,100
520,20041119,208
521,20041122,136
522,20041123,115
523,20041124,179
524,20041125,93
525,20041126,264
526,20041129,107
527,20041130,229
528,20041201,100
529,20041202,114
530,20041203,143
531,20041206,143
532,20041207,108
533,20041208,100
534,20041209,150
535,20041210,229
536,20041213,86
537,20041214,121
538,20041215,157
539,20041216,114
540,20041217,100
541,20041220,79
542,20041221,107
543,20041222,93
544,20041223,158
545,20041224,72
546,20041227,86
547,20041228,114
548,20041229,186
549,20041230,179
550,20050103,107
551,20050104,79
552,20050105,114
553,20050106,101
554,20050107,115
555,20050110,79
556,20050111,150
557,20050112,85
558,20050113,93
559,20050114,279
560,20050117,107
561,20050118,57
562,20050119,107
563,20050120,57
564,20050121,107
565,20050124,122
566,20050125,57
567,20050126,121
568,20050127,86
569,20050128,72
570,20050131,107
571,20050201,79
572,20050202,65
573,20050203,57
574,20050204,107
575,20050207,86
576,20050211,93
577,20050214,150
578,20050215,64
579,20050216,122
580,20050217,50
581,20050218,157
582,20050221,93
583,20050222,122
584,20050223,79
585,20050224,201
586,20050225,100
587,20050228,107
588,20050302,100
589,20050303,115
590,20050304,50
591,20050307,222
592,20050308,100
593,20050309,150
594,20050310,108
595,20050311,179
596,20050314,86
597,20050315,300
598,20050316,165
599,20050317,143
600,20050318,93
601,20050321,157
602,20050322,158
603,20050323,143
604,20050324,172
605,20050325,100
606,20050328,108
607,20050329,214
608,20050330,107
609,20050331,64
610,20050401,157
611,20050404,58
612,20050406,165
613,20050407,72
614,20050408,65
615,20050411,93
616,20050412,43
617,20050413,43
618,20050414,193
619,20050415,222
620,20050418,136
621,20050419,57
622,20050420,171
623,20050421,236
624,20050422,107
625,20050425,143
626,20050426,79
627,20050427,107
628,20050428,168
629,20050429,124
630,20050502,66
631,20050503,138
632,20050504,175
633,20050506,95
634,20050509,190
635,20050510,51
636,20050511,131
637,20050512,58
638,20050513,145
639,20050516,109
640,20050517,160
641,20050518,95
642,20050519,153
643,20050520,66
644,20050523,73
645,20050524,73
646,20050525,160
647,20050526,36
648,20050527,124
649,20050530,58
650,20050531,145
651,20050601,58
652,20050602,87
653,20050603,51
654,20050607,72
655,20050608,80
656,20050609,116
657,20050610,153
658,20050613,80
659,20050614,102
660,20050615,182
661,20050616,58
662,20050617,95
663,20050620,131
664,20050621,102
665,20050622,160
666,20050623,94
667,20050624,131
668,20050627,116
669,20050628,73
670,20050629,109
671,20050630,101
672,20050701,146
673,20050704,59
674,20050705,73
675,20050706,80
676,20050707,153
677,20050708,73
678,20050711,189
679,20050712,189
680,20050713,94
681,20050714,160
682,20050715,65
683,20050718,102
684,20050719,142
685,20050720,167
686,20050721,161
687,20050722,160
688,20050725,131
689,20050726,73
690,20050727,127
691,20050728,72
692,20050729,88
693,20050801,62
694,20050802,37
695,20050803,102
696,20050804,135
697,20050805,211
698,20050808,84
699,20050809,153
700,20050810,109
701,20050811,175
702,20050812,98
703,20050816,218
704,20050817,117
705,20050818,247
706,20050819,134
707,20050822,342
708,20050823,131
709,20050824,280
710,20050825,255
711,20050826,171
712,20050829,123
713,20050830,175
714,20050831,153
715,20050901,128
716,20050902,117
717,20050905,105
718,20050906,174
719,20050907,88
720,20050908,167
721,20050909,124
722,20050912,145
723,20050913,153
724,20050914,230
725,20050915,189
726,20050916,117
727,20050920,149
728,20050921,95
729,20050922,80
730,20050923,247
731,20050926,313
732,20050927,131
733,20050928,189
734,20050929,109
735,20050930,167
736,20051004,222
737,20051005,233
738,20051006,207
739,20051007,226
740,20051010,244
741,20051011,244
742,20051012,316
743,20051013,244
744,20051014,280
745,20051017,247
746,20051018,157
747,20051019,269
748,20051020,135
749,20051021,338
750,20051024,156
751,20051025,244
752,20051026,131
753,20051027,189
754,20051028,153
755,20051031,153
756,20051101,288
757,20051102,211
758,20051103,76
759,20051104,102
760,20051107,222
761,20051108,120
762,20051109,171
763,20051110,135
764,20051111,120
765,20051114,76
766,20051115,200
767,20051116,211
768,20051117,113
769,20051118,171
770,20051121,161
771,20051122,276
772,20051123,452
773,20051124,131
774,20051125,99
775,20051128,127
776,20051129,218
777,20051130,208
778,20051201,109
779,20051202,105
780,20051205,102
781,20051206,171
782,20051207,142
783,20051208,171
784,20051209,142
785,20051212,160
786,20051213,51
787,20051214,440
788,20051215,139
789,20051216,189
790,20051219,174
791,20051220,106
792,20051221,204
793,20051222,226
794,20051223,77
795,20051226,178
796,20051227,102
797,20051228,120
798,20051229,135
799,20060102,189
800,20060103,146
801,20060104,99
802,20060105,273
803,20060106,142
804,20060109,128
805,20060110,225
806,20060111,113
807,20060112,120
808,20060113,233
809,20060116,109
810,20060117,269
811,20060118,1056
812,20060119,145
813,20060120,404
814,20060123,349
815,20060124,241
816,20060125,168
817,20060126,186
818,20060127,314
819,20060131,139
820,20060201,238
821,20060202,281
822,20060203,431
823,20060206,295
824,20060207,131
825,20060208,387
826,20060209,157
827,20060210,219
828,20060213,357
829,20060214,310
830,20060215,372
831,20060216,190
832,20060217,183
833,20060220,259
834,20060221,154
835,20060222,295
836,20060223,204
837,20060224,135
838,20060227,135
839,20060228,131
840,20060302,98
841,20060303,394
842,20060306,197
843,20060307,219
844,20060308,255
845,20060309,117
846,20060310,157
847,20060313,128
848,20060314,197
849,20060315,106
850,20060316,161
851,20060317,245
852,20060320,146
853,20060321,164
854,20060322,212
855,20060323,219
856,20060324,201
857,20060327,179
858,20060328,131
859,20060329,208
860,20060330,84
861,20060331,270
862,20060403,157
863,20060404,131
864,20060405,84
865,20060406,172
866,20060407,65
867,20060410,109
868,20060411,230
869,20060412,117
870,20060413,198
871,20060414,318
872,20060417,160
873,20060418,182
874,20060419,139
875,20060420,149
876,20060421,241
877,20060424,197
878,20060425,204
879,20060426,285
880,20060427,148
881,20060428,378
882,20060502,255
883,20060503,170
884,20060504,156
885,20060508,82
886,20060509,129
887,20060510,122
888,20060511,181
889,20060512,244
890,20060515,355
891,20060516,408
892,20060517,222
893,20060518,214
894,20060519,218
895,20060522,333
896,20060523,185
897,20060524,292
898,20060525,344
899,20060526,141
900,20060529,152
901,20060530,170
902,20060601,252
903,20060602,252
904,20060605,200
905,20060607,282
906,20060608,441
907,20060609,215
908,20060612,182
909,20060613,200
910,20060614,377
911,20060615,263
912,20060616,163
913,20060619,178
914,20060620,274
915,20060621,140
916,20060622,119
917,20060623,178
918,20060626,185
919,20060627,104
920,20060628,126
921,20060629,204
922,20060630,104
923,20060703,108
924,20060704,196
925,20060705,263
926,20060706,297
927,20060707,152
928,20060710,371
929,20060711,137
930,20060712,185
931,20060713,219
932,20060714,163
933,20060718,119
934,20060719,152
935,20060720,200
936,20060721,107
937,20060724,222
938,20060725,96
939,20060726,78
940,20060727,218
941,20060728,107
942,20060731,167
943,20060801,219
944,20060802,167
945,20060803,133
946,20060804,107
947,20060807,248
948,20060808,197
949,20060809,271
950,20060810,204
951,20060811,274
952,20060814,148
953,20060816,123
954,20060817,111
955,20060818,108
956,20060821,215
957,20060822,148
958,20060823,159
959,20060824,92
960,20060825,186
961,20060828,126
962,20060829,104
963,20060830,119
964,20060831,160
965,20060901,74
966,20060904,41
967,20060905,89
968,20060906,122
969,20060907,122
970,20060908,122
971,20060911,286
972,20060912,145
973,20060913,96
974,20060914,234
975,20060915,148
976,20060918,201
977,20060919,67
978,20060920,159
979,20060921,189
980,20060922,159
981,20060925,163
982,20060926,219
983,20060927,122
984,20060928,126
985,20060929,82
986,20061002,145
987,20061004,252
988,20061009,616
989,20061010,156
990,20061011,137
991,20061012,145
992,20061013,60
993,20061016,97
994,20061017,156
995,20061018,163
996,20061019,74
997,20061020,119
998,20061023,82
999,20061024,93
1000,20061025,92
1001,20061026,67
1002,20061027,141
1003,20061030,130
1004,20061031,104
1005,20061101,108
1006,20061102,171
1007,20061103,52
1008,20061106,163
1009,20061107,82
1010,20061108,126
1011,20061109,156
1012,20061110,119
1013,20061113,193
1014,20061114,75
1015,20061115,152
1016,20061116,130
1017,20061117,89
1018,20061120,157
1019,20061121,60
1020,20061122,163
1021,20061123,96
1022,20061124,145
1023,20061127,86
1024,20061128,82
1025,20061129,118
1026,20061130,100
1027,20061201,67
1028,20061204,56
1029,20061205,148
1030,20061206,234
1031,20061207,104
1032,20061208,234
1033,20061211,67
1034,20061212,164
1035,20061213,127
1036,20061214,335
1037,20061215,216
1038,20061218,141
1039,20061219,93
1040,20061220,178
1041,20061221,115
1042,20061222,97
1043,20061226,171
1044,20061227,168
1045,20061228,126
1046,20070102,70
1047,20070103,253
1048,20070104,256
1049,20070105,242
1050,20070108,175
1051,20070109,93
1052,20070110,305
1053,20070111,156
1054,20070112,156
1055,20070115,115
1056,20070116,75
1057,20070117,245
1058,20070118,141
1059,20070119,164
1060,20070122,134
1061,20070123,130
1062,20070124,174
1063,20070125,160
1064,20070126,137
1065,20070129,171
1066,20070130,93
1067,20070131,190
1068,20070201,182
1069,20070202,290
1070,20070205,168
1071,20070206,148
1072,20070207,137
1073,20070208,141
1074,20070209,100
1075,20070212,152
1076,20070213,171
1077,20070214,145
1078,20070215,82
1079,20070216,78
1080,20070220,104
1081,20070221,123
1082,20070222,190
1083,20070223,126
1084,20070226,126
1085,20070227,141
1086,20070228,353
1087,20070302,167
1088,20070305,279
1089,20070306,372
1090,20070307,175
1091,20070308,290
1092,20070309,186
1093,20070312,167
1094,20070313,118
1095,20070314,119
1096,20070315,167
1097,20070316,179
1098,20070319,238
1099,20070320,112
1100,20070321,153
1101,20070322,138
1102,20070323,148
1103,20070326,119
1104,20070327,186
1105,20070328,241
1106,20070329,301
1107,20070330,130
1108,20070402,78
1109,20070403,122
1110,20070404,304
1111,20070405,59
1112,20070406,133
1113,20070409,149
1114,20070410,81
1115,20070411,174
1116,20070412,115
1117,20070413,90
1118,20070416,148
1119,20070417,96
1120,20070418,63
1121,20070419,261
1122,20070420,167
1123,20070423,156
1124,20070424,205
1125,20070425,171
1126,20070426,93
1127,20070427,197
1128,20070430,151
1129,20070502,72
1130,20070503,46
1131,20070504,72
1132,20070507,151
1133,20070508,90
1134,20070509,132
1135,20070510,189
1136,20070511,279
1137,20070514,220
1138,20070515,212
1139,20070516,132
1140,20070517,102
1141,20070518,178
1142,20070521,261
1143,20070522,205
1144,20070523,98
1145,20070525,155
1146,20070528,106
1147,20070529,152
1148,20070530,185
1149,20070531,355
1150,20070601,375
1151,20070604,284
1152,20070605,231
1153,20070607,276
1154,20070608,200
1155,20070611,265
1156,20070612,143
1157,20070613,163
1158,20070614,261
1159,20070615,95
1160,20070618,303
1161,20070619,261
1162,20070620,284
1163,20070621,261
1164,20070622,302
1165,20070625,340
1166,20070626,257
1167,20070627,238
1168,20070628,140
1169,20070629,216
1170,20070702,204
1171,20070703,330
1172,20070704,325
1173,20070705,318
1174,20070706,279
1175,20070709,299
1176,20070710,137
1177,20070711,318
1178,20070712,280
1179,20070713,246
1180,20070716,484
1181,20070718,359
1182,20070719,322
1183,20070720,386
1184,20070723,242
1185,20070724,253
1186,20070725,458
1187,20070726,575
1188,20070727,688
1189,20070730,508
1190,20070731,230
1191,20070801,841
1192,20070802,844
1193,20070803,230
1194,20070806,248
1195,20070807,360
1196,20070808,351
1197,20070809,287
1198,20070810,436
1199,20070813,299
1200,20070814,440
1201,20070816,688
1202,20070817,688
1203,20070820,359
1204,20070821,432
1205,20070822,322
1206,20070823,214
1207,20070824,245
1208,20070827,305
1209,20070828,378
1210,20070829,573
1211,20070830,241
1212,20070831,325
1213,20070903,383
1214,20070904,245
1215,20070905,413
1216,20070906,405
1217,20070907,287
1218,20070910,382
1219,20070911,287
1220,20070912,451
1221,20070913,512
1222,20070914,340
1223,20070917,215
1224,20070918,329
1225,20070919,325
1226,20070920,233
1227,20070921,306
1228,20070927,172
1229,20070928,126
1230,20071001,279
1231,20071002,378
1232,20071004,221
1233,20071005,191
1234,20071008,202
1235,20071009,264
1236,20071010,275
1237,20071011,218
1238,20071012,363
1239,20071015,359
1240,20071016,398
1241,20071017,665
1242,20071018,359
1243,20071019,290
1244,20071022,184
1245,20071023,337
1246,20071024,757
1247,20071025,336
1248,20071026,558
1249,20071029,351
1250,20071030,299
1251,20071031,291
1252,20071101,276
1253,20071102,314
1254,20071105,314
1255,20071106,437
1256,20071107,455
1257,20071108,548
1258,20071109,367
1259,20071112,723
1260,20071113,372
1261,20071114,291
1262,20071115,505
1263,20071116,303
1264,20071119,387
1265,20071120,475
1266,20071121,670
1267,20071122,352
1268,20071123,563
1269,20071126,621
1270,20071127,724
1271,20071128,529
1272,20071129,188
1273,20071130,498
1274,20071203,299
1275,20071204,172
1276,20071205,394
1277,20071206,222
1278,20071207,329
1279,20071210,371
1280,20071211,252
1281,20071212,529
1282,20071213,433
1283,20071214,391
1284,20071217,494
1285,20071218,460
1286,20071220,344
1287,20071221,494
1288,20071224,375
1289,20071226,199
1290,20071227,245
1291,20071228,203
1292,20080102,460
1293,20080103,272
1294,20080104,425
1295,20080107,295
1296,20080108,269
1297,20080109,448
1298,20080110,261
1299,20080111,651
1300,20080114,345
1301,20080115,486
1302,20080116,299
1303,20080117,375
1304,20080118,517
1305,20080121,448
1306,20080122,456
1307,20080123,460
1308,20080124,245
1309,20080125,180
1310,20080128,517
1311,20080129,333
1312,20080130,666
1313,20080131,536
1314,20080201,249
1315,20080204,441
1316,20080205,161
1317,20080211,257
1318,20080212,126
1319,20080213,310
1320,20080214,410
1321,20080215,264
1322,20080218,325
1323,20080219,165
1324,20080220,318
1325,20080221,176
1326,20080222,207
1327,20080225,145
1328,20080226,172
1329,20080227,137
1330,20080228,230
1331,20080229,230
1332,20080303,172
1333,20080304,149
1334,20080305,157
1335,20080306,291
1336,20080307,202
1337,20080310,207
1338,20080311,352
1339,20080312,253
1340,20080313,406
1341,20080314,551
1342,20080317,436
1343,20080318,242
1344,20080319,164
1345,20080320,291
1346,20080321,169
1347,20080324,165
1348,20080325,126
1349,20080326,85
1350,20080327,176
1351,20080328,356
1352,20080331,253
1353,20080401,245
1354,20080402,195
1355,20080403,257
1356,20080404,218
1357,20080407,257
1358,20080408,230
1359,20080410,291
1360,20080411,180
1361,20080414,165
1362,20080415,191
1363,20080416,138
1364,20080417,153
1365,20080418,126
1366,20080421,283
1367,20080422,134
1368,20080423,311
1369,20080424,138
1370,20080425,280
1371,20080428,127
1372,20080429,303
1373,20080430,238
1374,20080502,102
1375,20080506,140
1376,20080507,276
1377,20080508,199
1378,20080509,409
1379,20080513,378
1380,20080514,190
1381,20080515,507
1382,20080516,164
1383,20080519,253
1384,20080520,343
1385,20080521,152
1386,20080522,277
1387,20080523,179
1388,20080526,253
1389,20080527,195
1390,20080528,273
1391,20080529,370
1392,20080530,233
1393,20080602,229
1394,20080603,222
1395,20080604,218
1396,20080605,179
1397,20080609,183
1398,20080610,444
1399,20080611,245
1400,20080612,246
1401,20080613,276
1402,20080616,199
1403,20080617,234
1404,20080618,331
1405,20080619,261
1406,20080620,300
1407,20080623,264
1408,20080624,129
1409,20080625,230
1410,20080626,187
1411,20080627,160
1412,20080630,136
1413,20080701,253
1414,20080702,518
1415,20080703,272
1416,20080704,335
1417,20080707,281
1418,20080708,615
1419,20080709,397
1420,20080710,424
1421,20080711,452
1422,20080714,281
1423,20080715,397
1424,20080716,350
1425,20080717,156
1426,20080718,451
1427,20080721,510
1428,20080722,168
1429,20080723,191
1430,20080724,281
1431,20080725,211
1432,20080728,265
1433,20080729,327
1434,20080730,167
1435,20080731,245
1436,20080801,214
1437,20080804,393
1438,20080805,258
1439,20080806,226
1440,20080807,296
1441,20080808,320
1442,20080811,144
1443,20080812,191
1444,20080813,261
1445,20080814,253
1446,20080818,250
1447,20080819,358
1448,20080820,254
1449,20080821,335
1450,20080822,300
1451,20080825,140
1452,20080826,273
1453,20080827,300
1454,20080828,328
1455,20080829,254
1456,20080901,421
1457,20080902,281
1458,20080903,288
1459,20080904,227
1460,20080905,194
1461,20080908,506
1462,20080909,304
1463,20080910,402
1464,20080911,300
1465,20080912,207
1466,20080916,515
1467,20080917,288
1468,20080918,320
1469,20080919,398
1470,20080922,382
1471,20080923,425
1472,20080924,284
1473,20080925,386
1474,20080926,289
1475,20080929,503
1476,20080930,690
1477,20081001,226
1478,20081002,491
1479,20081006,449
1480,20081007,425
1481,20081008,491
1482,20081009,452
1483,20081010,701
1484,20081013,472
1485,20081014,250
1486,20081015,277
1487,20081016,714
1488,20081017,690
1489,20081020,620
1490,20081021,487
1491,20081022,1025
1492,20081023,553
1493,20081024,1310
1494,20081027,799
1495,20081028,1318
1496,20081029,1750
1497,20081030,1185
1498,20081031,959
1499,20081103,561
1500,20081104,386
1501,20081105,596
1502,20081106,643
1503,20081107,935
1504,20081110,432
1505,20081111,511
1506,20081112,495
1507,20081113,437
1508,20081114,495
1509,20081117,589
1510,20081118,405
1511,20081119,523
1512,20081120,382
1513,20081121,1002
1514,20081124,476
1515,20081125,1181
1516,20081126,437
1517,20081127,234
1518,20081128,246
1519,20081201,304
1520,20081202,324
1521,20081203,250
1522,20081204,467
1523,20081205,257
1524,20081208,896
1525,20081209,269
1526,20081210,526
1527,20081211,296
1528,20081212,585
1529,20081215,363
1530,20081216,277
1531,20081217,514
1532,20081218,253
1533,20081219,261
1534,20081222,374
1535,20081223,351
1536,20081224,324
1537,20081226,234
1538,20081229,386
1539,20081230,331
1540,20090102,385
1541,20090105,214
1542,20090106,312
1543,20090107,366
1544,20090108,222
1545,20090109,402
1546,20090112,265
1547,20090113,386
1548,20090114,320
1549,20090115,390
1550,20090116,269
1551,20090119,180
1552,20090120,257
1553,20090121,335
1554,20090122,249
1555,20090123,199
1556,20090128,487
1557,20090129,206
1558,20090130,199
1559,20090202,374
1560,20090203,421
1561,20090204,226
1562,20090205,308
1563,20090206,180
1564,20090209,296
1565,20090210,351
1566,20090211,293
1567,20090212,265
1568,20090213,319
1569,20090216,272
1570,20090217,468
1571,20090218,219
1572,20090219,265
1573,20090220,495
1574,20090223,487
1575,20090224,132
1576,20090225,331
1577,20090226,690
1578,20090227,304
1579,20090302,324
1580,20090303,421
1581,20090304,604
1582,20090305,253
1583,20090306,276
1584,20090309,273
1585,20090310,374
1586,20090311,117
1587,20090312,222
1588,20090313,272
1589,20090316,230
1590,20090317,351
1591,20090318,176
1592,20090319,292
1593,20090320,207
1594,20090323,277
1595,20090324,207
1596,20090325,159
1597,20090326,280
1598,20090327,245
1599,20090330,526
1600,20090331,289
1601,20090401,378
1602,20090402,320
1603,20090403,187
1604,20090406,316
1605,20090407,206
1606,20090408,351
1607,20090409,491
1608,20090410,343
1609,20090413,234
1610,20090414,339
1611,20090415,304
1612,20090416,374
1613,20090417,378
1614,20090420,284
1615,20090421,351
1616,20090422,237
1617,20090423,206
1618,20090424,304
1619,20090427,327
1620,20090428,526
1621,20090429,355
1622,20090430,327
1623,20090504,162
1624,20090506,241
1625,20090507,245
1626,20090508,197
1627,20090511,166
1628,20090512,135
1629,20090513,126
1630,20090514,209
1631,20090515,134
1632,20090518,233
1633,20090519,181
1634,20090520,102
1635,20090521,185
1636,20090522,304
1637,20090525,947
1638,20090526,438
1639,20090527,340
1640,20090528,359
1641,20090529,197
1642,20090601,299
1643,20090602,257
1644,20090603,245
1645,20090604,363
1646,20090605,209
1647,20090608,244
1648,20090609,422
1649,20090610,441
1650,20090611,319
1651,20090612,186
1652,20090615,264
1653,20090616,161
1654,20090617,91
1655,20090618,260
1656,20090619,145
1657,20090622,236
1658,20090623,205
1659,20090624,182
1660,20090625,426
1661,20090626,126
1662,20090629,213
1663,20090630,229
1664,20090701,355
1665,20090702,146
1666,20090703,292
1667,20090706,209
1668,20090707,126
1669,20090708,181
1670,20090709,173
1671,20090710,197
1672,20090713,489
1673,20090714,201
1674,20090715,268
1675,20090716,94
1676,20090717,122
1677,20090720,403
1678,20090721,150
1679,20090722,91
1680,20090723,185
1681,20090724,122
1682,20090727,268
1683,20090728,98
1684,20090729,107
1685,20090730,237
1686,20090731,265
1687,20090803,127
1688,20090804,237
1689,20090805,194
1690,20090806,264
1691,20090807,166
1692,20090810,142
1693,20090811,95
1694,20090812,237
1695,20090813,110
1696,20090814,182
1697,20090817,530
1698,20090818,304
1699,20090819,190
1700,20090820,332
1701,20090821,261
1702,20090824,194
1703,20090825,127
1704,20090826,111
1705,20090827,229
1706,20090828,174
1707,20090831,309
1708,20090901,455
1709,20090902,340
1710,20090903,146
1711,20090904,253
1712,20090907,209
1713,20090908,111
1714,20090909,190
1715,20090910,392
1716,20090911,170
1717,20090914,273
1718,20090915,146
1719,20090916,438
1720,20090917,193
1721,20090918,210
1722,20090921,170
1723,20090922,284
1724,20090923,122
1725,20090924,317
1726,20090925,277
1727,20090928,170
1728,20090929,142
1729,20090930,380
1730,20091001,550
1731,20091005,269
1732,20091006,332
1733,20091007,293
1734,20091008,261
1735,20091009,376
1736,20091012,367
1737,20091013,321
1738,20091014,197
1739,20091015,186
1740,20091016,316
1741,20091019,399
1742,20091020,193
1743,20091021,194
1744,20091022,261
1745,20091023,162
1746,20091026,380
1747,20091027,142
1748,20091028,490
1749,20091029,257
1750,20091030,237
1751,20091102,233
1752,20091103,150
1753,20091104,296
1754,20091105,222
1755,20091106,103
1756,20091109,238
1757,20091110,226
1758,20091111,202
1759,20091112,249
1760,20091113,265
1761,20091116,288
1762,20091117,182
1763,20091118,246
1764,20091119,198
1765,20091120,162
1766,20091123,162
1767,20091124,297
1768,20091125,134
1769,20091126,245
1770,20091127,700
1771,20091130,245
1772,20091201,309
1773,20091202,201
1774,20091203,210
1775,20091204,237
1776,20091207,102
1777,20091208,166
1778,20091209,264
1779,20091210,321
1780,20091211,281
1781,20091214,234
1782,20091215,139
1783,20091216,197
1784,20091217,205
1785,20091218,182
1786,20091221,154
1787,20091222,91
1788,20091223,63
1789,20091224,316
1790,20091228,170
1791,20091229,206
1792,20091230,206
1793,20100104,139
1794,20100105,126
1795,20100106,130
1796,20100107,246
1797,20100108,233
1798,20100111,174
1799,20100112,182
1800,20100113,225
1801,20100114,225
1802,20100115,182
1803,20100118,289
1804,20100119,154
1805,20100120,170
1806,20100121,320
1807,20100122,427
1808,20100125,246
1809,20100126,486
1810,20100127,218
1811,20100128,285
1812,20100129,360
1813,20100201,202
1814,20100202,324
1815,20100203,174
1816,20100204,138
1817,20100205,277
1818,20100208,206
1819,20100209,222
1820,20100210,174
1821,20100211,324
1822,20100212,288
1823,20100216,320
1824,20100217,193
1825,20100218,130
1826,20100219,368
1827,20100222,253
1828,20100223,155
1829,20100224,154
1830,20100225,399
1831,20100226,155
1832,20100302,194
1833,20100303,130
1834,20100304,190
1835,20100305,210
1836,20100308,147
1837,20100309,72
1838,20100310,119
1839,20100311,209
1840,20100312,150
1841,20100315,296
1842,20100316,126
1843,20100317,340
1844,20100318,138
1845,20100319,138
1846,20100322,193
1847,20100323,138
1848,20100324,170
1849,20100325,95
1850,20100326,206
1851,20100329,202
1852,20100330,71
1853,20100331,114
1854,20100401,356
1855,20100402,127
1856,20100405,111
1857,20100406,99
1858,20100407,71
1859,20100408,150
1860,20100409,265
1861,20100412,332
1862,20100413,194
1863,20100414,253
1864,20100415,146
1865,20100416,241
1866,20100419,241
1867,20100420,131
1868,20100421,237
1869,20100422,147
1870,20100423,162
1871,20100426,166
1872,20100427,123
1873,20100428,162
1874,20100429,372
1875,20100430,80
1876,20100503,304
1877,20100504,200
1878,20100506,116
1879,20100507,305
1880,20100510,265
1881,20100511,356
1882,20100512,236
1883,20100513,248
1884,20100514,280
1885,20100517,265
1886,20100518,305
1887,20100519,268
1888,20100520,437
1889,20100524,301
1890,20100525,509
1891,20100526,332
1892,20100527,485
1893,20100528,188
1894,20100531,220
1895,20100601,136
1896,20100603,321
1897,20100604,104
1898,20100607,204
1899,20100608,285
1900,20100609,177
1901,20100610,189
1902,20100611,180
1903,20100614,224
1904,20100615,156
1905,20100616,133
1906,20100617,101
1907,20100618,101
1908,20100621,204
1909,20100622,108
1910,20100623,124
1911,20100624,224
1912,20100625,216
1913,20100628,120
1914,20100629,357
1915,20100630,176
1916,20100701,321
1917,20100702,224
1918,20100705,132
1919,20100706,413
1920,20100707,240
1921,20100708,116
1922,20100709,301
1923,20100712,96
1924,20100713,208
1925,20100714,164
1926,20100715,100
1927,20100716,208
1928,20100719,269
1929,20100720,208
1930,20100721,176
1931,20100722,216
1932,20100723,148
1933,20100726,164
1934,20100727,81
1935,20100728,129
1936,20100729,81
1937,20100730,164
1938,20100802,229
1939,20100803,80
1940,20100804,148
1941,20100805,228
1942,20100806,157
1943,20100809,169
1944,20100810,160
1945,20100811,261
1946,20100812,169
1947,20100813,217
1948,20100816,285
1949,20100817,305
1950,20100818,125
1951,20100819,293
1952,20100820,157
1953,20100823,249
1954,20100824,289
1955,20100825,213
1956,20100826,144
1957,20100827,149
1958,20100830,197
1959,20100831,157
1960,20100901,233
1961,20100902,209
1962,20100903,109
1963,20100906,80
1964,20100907,68
1965,20100908,153
1966,20100909,185
1967,20100910,249
1968,20100913,184
1969,20100914,88
1970,20100915,140
1971,20100916,136
1972,20100917,177
1973,20100920,217
1974,20100924,193
1975,20100927,105
1976,20100928,105
1977,20100929,184
1978,20100930,72
1979,20101001,197
1980,20101004,97
1981,20101005,117
1982,20101006,156
1983,20101007,76
1984,20101008,124
1985,20101011,208
1986,20101012,378
1987,20101013,164
1988,20101014,189
1989,20101015,140
1990,20101018,385
1991,20101019,309
1992,20101020,418
1993,20101021,273
1994,20101022,237
1995,20101025,269
1996,20101026,105
1997,20101027,253
1998,20101028,124
1999,20101029,421
2000,20101101,405
2001,20101102,133
2002,20101103,217
2003,20101104,129
2004,20101105,314
2005,20101108,189
2006,20101109,149
2007,20101110,273
2008,20101111,329
2009,20101112,582
2010,20101115,257
2011,20101116,301
2012,20101117,301
2013,20101118,310
2014,20101119,149
2015,20101122,169
2016,20101123,293
2017,20101124,470
2018,20101125,265
2019,20101126,397
2020,20101129,318
2021,20101130,341
2022,20101201,265
2023,20101202,165
2024,20101203,124
2025,20101206,116
2026,20101207,137
2027,20101208,177
2028,20101209,358
2029,20101210,133
2030,20101213,176
2031,20101214,129
2032,20101215,121
2033,20101216,173
2034,20101217,208
2035,20101220,261
2036,20101221,180
2037,20101222,88
2038,20101223,140
2039,20101224,144
2040,20101227,169
2041,20101228,176
2042,20101229,237
2043,20101230,116
2044,20110103,108
2045,20110104,153
2046,20110105,77
2047,20110106,265
2048,20110107,189
2049,20110110,213
2050,20110111,314
2051,20110112,137
2052,20110113,281
2053,20110114,422
2054,20110117,189
2055,20110118,229
2056,20110119,357
2057,20110120,101
2058,20110121,409
2059,20110124,224
2060,20110125,221
2061,20110126,253
2062,20110127,112
2063,20110128,213
2064,20110131,301
2065,20110201,137
2066,20110207,322
2067,20110208,265
2068,20110209,401
2069,20110210,361
2070,20110211,590
2071,20110214,333
2072,20110215,346
2073,20110216,361
2074,20110217,450
2075,20110218,321
2076,20110221,285
2077,20110222,373
2078,20110223,261
2079,20110224,245
2080,20110225,189
2081,20110228,245
2082,20110302,201
2083,20110303,321
2084,20110304,309
2085,20110307,386
2086,20110308,378
2087,20110309,301
2088,20110310,358
2089,20110311,245
2090,20110314,453
2091,20110315,1012
2092,20110316,377
2093,20110317,409
2094,20110318,317
2095,20110321,619
2096,20110322,100
2097,20110323,196
2098,20110324,205
2099,20110325,133
2100,20110328,104
2101,20110329,233
2102,20110330,309
2103,20110331,116
2104,20110401,189
2105,20110404,193
2106,20110405,249
2107,20110406,212
2108,20110407,277
2109,20110408,337
2110,20110411,213
2111,20110412,317
2112,20110413,498
2113,20110414,405
2114,20110415,192
2115,20110418,208
2116,20110419,253
2117,20110420,377
2118,20110421,458
2119,20110422,96
2120,20110425,185
2121,20110426,196
2122,20110427,413
2123,20110428,342
2124,20110429,354
2125,20110502,382
2126,20110503,399
2127,20110504,285
2128,20110506,346
2129,20110509,277
2130,20110511,227
2131,20110512,325
2132,20110513,354
2133,20110516,187
2134,20110517,167
2135,20110518,382
2136,20110519,517
2137,20110520,248
2138,20110523,480
2139,20110524,203
2140,20110525,537
2141,20110526,501
2142,20110527,322
2143,20110530,391
2144,20110531,663
2145,20110601,236
2146,20110602,367
2147,20110603,236
2148,20110607,175
2149,20110608,460
2150,20110609,261
2151,20110610,525
2152,20110613,309
2153,20110614,476
2154,20110615,326
2155,20110616,301
2156,20110617,533
2157,20110620,293
2158,20110621,366
2159,20110622,212
2160,20110623,191
2161,20110624,358
2162,20110627,232
2163,20110628,399
2164,20110629,207
2165,20110630,175
2166,20110701,192
2167,20110704,167
2168,20110705,167
2169,20110706,134
2170,20110707,224
2171,20110708,179
2172,20110711,200
2173,20110712,285
2174,20110713,211
2175,20110714,289
2176,20110715,256
2177,20110718,358
2178,20110719,192
2179,20110720,147
2180,20110721,220
2181,20110722,188
2182,20110725,142
2183,20110726,183
2184,20110727,301
2185,20110728,513
2186,20110729,298
2187,20110801,237
2188,20110802,448
2189,20110803,290
2190,20110804,709
2191,20110805,453
2192,20110808,1712
2193,20110809,1578
2194,20110810,930
2195,20110811,1036
2196,20110812,623
2197,20110816,379
2198,20110817,445
2199,20110818,681
2200,20110819,591
2201,20110822,636
2202,20110823,685
2203,20110824,615
2204,20110825,436
2205,20110826,310
2206,20110829,587
2207,20110830,281
2208,20110831,465
2209,20110901,575
2210,20110902,465
2211,20110905,600
2212,20110906,555
2213,20110907,449
2214,20110908,342
2215,20110909,445
2216,20110914,705
2217,20110915,652
2218,20110916,432
2219,20110919,302
2220,20110920,551
2221,20110921,469
2222,20110922,428
2223,20110923,509
2224,20110926,779
2225,20110927,498
2226,20110928,444
2227,20110929,705
2228,20110930,461
2229,20111004,461
2230,20111005,555
2231,20111006,371
2232,20111007,203
2233,20111010,248
2234,20111011,183
2235,20111012,338
2236,20111013,184
2237,20111014,350
2238,20111017,192
2239,20111018,228
2240,20111019,269
2241,20111020,706
2242,20111021,363
2243,20111024,493
2244,20111025,187
2245,20111026,318
2246,20111027,384
2247,20111028,432
2248,20111031,444
2249,20111101,391
2250,20111102,363
2251,20111103,522
2252,20111104,359
2253,20111107,196
2254,20111108,302
2255,20111109,302
2256,20111110,521
2257,20111111,486
2258,20111114,289
2259,20111115,224
2260,20111116,722
2261,20111117,530
2262,20111118,301
2263,20111121,326
2264,20111122,387
2265,20111123,505
2266,20111124,334
2267,20111125,229
2268,20111128,216
2269,20111129,444
2270,20111130,179
2271,20111201,249
2272,20111202,163
2273,20111205,212
2274,20111206,318
2275,20111207,187
2276,20111208,322
2277,20111209,293
2278,20111212,151
2279,20111213,220
2280,20111214,192
2281,20111215,326
2282,20111216,175
2283,20111219,929
2284,20111220,196
2285,20111221,261
2286,20111222,118
2287,20111223,179
2288,20111226,241
2289,20111227,697
2290,20111228,143
2291,20111229,290
2292,20120102,249
2293,20120103,567
2294,20120104,249
2295,20120105,187
2296,20120106,551
2297,20120109,301
2298,20120110,318
2299,20120111,216
2300,20120112,289
2301,20120113,286
2302,20120116,253
2303,20120117,249
2304,20120118,176
2305,20120119,187
2306,20120120,424
2307,20120125,347
2308,20120126,175
2309,20120127,196
2310,20120130,237
2311,20120131,286
2312,20120201,334
2313,20120202,176
2314,20120203,208
2315,20120206,314
2316,20120207,151
2317,20120208,232
2318,20120209,391
2319,20120210,310
2320,20120213,220
2321,20120214,131
2322,20120215,252
2323,20120216,155
2324,20120217,143
2325,20120220,245
2326,20120221,273
2327,20120222,179
2328,20120223,167
2329,20120224,249
2330,20120227,322
2331,20120228,151
2332,20120229,212
2333,20120302,163
2334,20120305,278
2335,20120306,391
2336,20120307,240
2337,20120308,305
2338,20120309,285
2339,20120312,204
2340,20120313,273
2341,20120314,172
2342,20120315,130
2343,20120316,240
2344,20120319,200
2345,20120320,245
2346,20120321,249
2347,20120322,155
2348,20120323,176
2349,20120326,282
2350,20120327,139
2351,20120328,90
2352,20120329,188
2353,20120330,138
2354,20120402,192
2355,20120403,220
2356,20120404,249
2357,20120405,346
2358,20120406,123
2359,20120409,204
2360,20120410,200
2361,20120412,302
2362,20120413,184
2363,20120416,163
2364,20120417,167
2365,20120418,139
2366,20120419,151
2367,20120420,236
2368,20120423,167
2369,20120424,204
2370,20120425,187
2371,20120426,199
2372,20120427,161
2373,20120430,128
2374,20120502,107
2375,20120503,54
2376,20120504,103
2377,20120507,174
2378,20120508,82
2379,20120509,157
2380,20120510,145
2381,20120511,367
2382,20120514,173
2383,20120515,219
2384,20120516,537
2385,20120517,243
2386,20120518,445
2387,20120521,165
2388,20120522,194
2389,20120523,309
2390,20120524,194
2391,20120525,227
2392,20120529,420
2393,20120530,309
2394,20120531,334
2395,20120601,256
2396,20120604,239
2397,20120605,157
2398,20120607,194
2399,20120608,227
2400,20120611,87
2401,20120612,306
2402,20120613,194
2403,20120614,124
2404,20120615,289
2405,20120618,206
2406,20120619,144
2407,20120620,153
2408,20120621,227
2409,20120622,416
2410,20120625,404
2411,20120626,160
2412,20120627,301
2413,20120628,247
2414,20120629,594
2415,20120702,198
2416,20120703,177
2417,20120704,116
2418,20120705,136
2419,20120706,334
2420,20120709,141
2421,20120710,243
2422,20120711,132
2423,20120712,446
2424,20120713,466
2425,20120716,206
2426,20120717,424
2427,20120718,453
2428,20120719,248
2429,20120720,140
2430,20120723,285
2431,20120724,157
2432,20120725,346
2433,20120726,248
2434,20120727,268
2435,20120730,112
2436,20120731,710
2437,20120801,273
2438,20120802,244
2439,20120803,264
2440,20120806,203
2441,20120807,144
2442,20120808,342
2443,20120809,516
2444,20120810,157
2445,20120813,165
2446,20120814,231
2447,20120816,145
2448,20120817,289
2449,20120820,165
2450,20120821,256
2451,20120822,347
2452,20120823,223
2453,20120824,128
2454,20120827,256
2455,20120828,202
2456,20120829,140
2457,20120830,346
2458,20120831,186
2459,20120903,458
2460,20120904,136
2461,20120905,285
2462,20120906,190
2463,20120907,206
2464,20120910,152
2465,20120911,170
2466,20120912,298
2467,20120913,207
2468,20120914,314
2469,20120917,157
2470,20120918,136
2471,20120919,248
2472,20120920,174
2473,20120921,153
2474,20120924,301
2475,20120925,145
2476,20120926,186
2477,20120927,298
2478,20120928,136
2479,20121002,99
2480,20121004,223
2481,20121005,178
2482,20121008,203
2483,20121009,173
2484,20121010,400
2485,20121011,342
2486,20121012,186
2487,20121015,199
2488,20121016,124
2489,20121017,194
2490,20121018,99
2491,20121019,210
2492,20121022,383
2493,20121023,219
2494,20121024,210
2495,20121025,256
2496,20121026,331
2497,20121029,156
2498,20121030,252
2499,20121031,157
2500,20121101,227
2501,20121102,99
2502,20121105,128
2503,20121106,244
2504,20121107,252
2505,20121108,170
2506,20121109,322
2507,20121112,128
2508,20121113,231
2509,20121114,145
2510,20121115,128
2511,20121116,128
2512,20121119,239
2513,20121120,111
2514,20121121,227
2515,20121122,161
2516,20121123,169
2517,20121126,136
2518,20121127,194
2519,20121128,103
2520,20121129,161
2521,20121130,182
2522,20121203,128
2523,20121204,108
2524,20121205,219
2525,20121206,128
2526,20121207,140
2527,20121210,144
2528,20121211,83
2529,20121212,95
2530,20121213,265
2531,20121214,243
2532,20121217,214
2533,20121218,223
2534,20121220,136
2535,20121221,309
2536,20121224,95
2537,20121226,214
2538,20121227,202
2539,20121228,166
2540,20130102,305
2541,20130103,284
2542,20130104,211
2543,20130107,202
2544,20130108,215
2545,20130109,227
2546,20130110,298
2547,20130111,454
2548,20130114,252
2549,20130115,380
2550,20130116,330
2551,20130117,239
2552,20130118,244
2553,20130121,277
2554,20130122,198
2555,20130123,310
2556,20130124,235
2557,20130125,343
2558,20130128,145
2559,20130129,194
2560,20130130,232
2561,20130131,108
2562,20130201,327
2563,20130204,190
2564,20130205,177
2565,20130206,107
2566,20130207,190
2567,20130208,355
2568,20130212,128
2569,20130213,347
2570,20130214,190
2571,20130215,103
2572,20130218,181
2573,20130219,161
2574,20130220,405
2575,20130221,112
2576,20130222,264
2577,20130225,169
2578,20130226,169
2579,20130227,149
2580,20130228,194
2581,20130304,256
2582,20130305,215
2583,20130306,273
2584,20130307,231
2585,20130308,161
2586,20130311,293
2587,20130312,281
2588,20130313,161
2589,20130314,326
2590,20130315,339
2591,20130318,202
2592,20130319,189
2593,20130320,190
2594,20130321,252
2595,20130322,99
2596,20130325,268
2597,20130326,177
2598,20130327,359
2599,20130328,124
2600,20130329,149
2601,20130401,120
2602,20130402,363
2603,20130403,243
2604,20130404,272
2605,20130405,339
2606,20130408,174
2607,20130409,376
2608,20130410,236
2609,20130411,268
2610,20130412,479
2611,20130415,280
2612,20130416,408
2613,20130417,318
2614,20130418,244
2615,20130419,260
2616,20130422,322
2617,20130423,223
2618,20130424,239
2619,20130425,157
2620,20130426,107
2621,20130429,171
2622,20130430,274
2623,20130502,133
2624,20130503,187
2625,20130506,325
2626,20130507,145
2627,20130508,191
2628,20130509,321
2629,20130510,424
2630,20130513,208
2631,20130514,312
2632,20130515,134
2633,20130516,287
2634,20130520,121
2635,20130521,233
2636,20130522,159
2637,20130523,233
2638,20130524,216
2639,20130527,225
2640,20130528,200
2641,20130529,225
2642,20130530,133
2643,20130531,145
2644,20130603,108
2645,20130604,257
2646,20130605,316
2647,20130607,665
2648,20130610,137
2649,20130611,320
2650,20130612,196
2651,20130613,299
2652,20130614,216
2653,20130617,220
2654,20130618,258
2655,20130619,208
2656,20130620,317
2657,20130621,178
2658,20130624,237
2659,20130625,396
2660,20130626,287
2661,20130627,383
2662,20130628,324
2663,20130701,217
2664,20130702,208
2665,20130703,441
2666,20130704,183
2667,20130705,374
2668,20130708,382
2669,20130709,238
2670,20130710,250
2671,20130711,529
2672,20130712,154
2673,20130715,421
2674,20130716,212
2675,20130717,478
2676,20130718,170
2677,20130719,279
2678,20130722,266
2679,20130723,308
2680,20130724,137
2681,20130725,175
2682,20130726,171
2683,20130729,158
2684,20130730,191
2685,20130731,125
2686,20130801,287
2687,20130802,184
2688,20130805,137
2689,20130806,258
2690,20130807,217
2691,20130808,221
2692,20130809,158
2693,20130812,225
2694,20130813,287
2695,20130814,171
2696,20130816,338
2697,20130819,125
2698,20130820,404
2699,20130821,329
2700,20130822,217
2701,20130823,258
2702,20130826,242
2703,20130827,171
2704,20130828,288
2705,20130829,341
2706,20130830,192
2707,20130902,158
2708,20130903,146
2709,20130904,204
2710,20130905,250
2711,20130906,191
2712,20130909,175
2713,20130910,221
2714,20130911,150
2715,20130912,270
2716,20130913,217
2717,20130916,154
2718,20130917,167
2719,20130923,345
2720,20130924,204
2721,20130925,213
2722,20130926,275
2723,20130927,117
2724,20130930,204
2725,20131001,225
2726,20131002,162
2727,20131004,208
2728,20131007,141
2729,20131008,271
2730,20131010,174
2731,20131011,283
2732,20131014,100
2733,20131015,196
2734,20131016,166
2735,20131017,150
2736,20131018,92
2737,20131021,87
2738,20131022,96
2739,20131023,333
2740,20131024,158
2741,20131025,275
2742,20131028,175
2743,20131029,234
2744,20131030,187
2745,20131031,262
2746,20131101,87
2747,20131104,158
2748,20131105,209
2749,20131106,137
2750,20131107,200
2751,20131108,129
2752,20131111,155
2753,20131112,212
2754,20131113,379
2755,20131114,205
2756,20131115,379
2757,20131118,116
2758,20131119,392
2759,20131120,200
2760,20131121,404
2761,20131122,250
2762,20131125,267
2763,20131126,375
2764,20131127,292
2765,20131128,150
2766,20131129,158
2767,20131202,292
2768,20131203,209
2769,20131204,204
2770,20131205,300
2771,20131206,125
2772,20131209,113
2773,20131210,112
2774,20131211,371
2775,20131212,204
2776,20131213,316
2777,20131216,204
2778,20131217,188
2779,20131218,200
2780,20131219,408
2781,20131220,175
2782,20131223,262
2783,20131224,145
2784,20131226,141
2785,20131227,238
2786,20131230,96
2787,20140102,691
2788,20140103,350
2789,20140106,242
2790,20140107,254
2791,20140108,237
2792,20140109,145
2793,20140110,329
2794,20140113,150
2795,20140114,316
2796,20140115,150
2797,20140116,121
2798,20140117,237
2799,20140120,291
2800,20140121,208
2801,20140122,79
2802,20140123,258
2803,20140124,204
2804,20140127,233
2805,20140128,171
2806,20140129,196
2807,20140203,229
2808,20140204,208
2809,20140205,159
2810,20140206,184
2811,20140207,154
2812,20140210,145
2813,20140211,221
2814,20140212,150
2815,20140213,284
2816,20140214,275
2817,20140217,175
2818,20140218,221
2819,20140219,166
2820,20140220,208
2821,20140221,279
2822,20140224,162
2823,20140225,150
2824,20140226,175
2825,20140227,138
2826,20140228,142
2827,20140303,188
2828,20140304,91
2829,20140305,88
2830,20140306,54
2831,20140307,221
2832,20140310,170
2833,20140311,96
2834,20140312,267
2835,20140313,150
2836,20140314,137
2837,20140317,134
2838,20140318,204
2839,20140319,163
2840,20140320,217
2841,20140321,112
2842,20140324,175
2843,20140325,125
2844,20140326,179
2845,20140327,170
2846,20140328,150
2847,20140331,150
2848,20140401,229
2849,20140402,71
2850,20140403,175
2851,20140404,146
2852,20140407,150
2853,20140408,241
2854,20140409,92
2855,20140410,137
2856,20140411,113
2857,20140414,167
2858,20140415,225
2859,20140416,192
2860,20140417,175
2861,20140418,112
2862,20140421,121
2863,20140422,179
2864,20140423,159
2865,20140424,134
2866,20140425,316
2867,20140428,129
2868,20140429,160
2869,20140430,214
2870,20140502,131
2871,20140507,290
2872,20140508,176
2873,20140509,130
2874,20140512,214
2875,20140513,311
2876,20140514,303
2877,20140515,138
2878,20140516,118
2879,20140519,152
2880,20140520,97
2881,20140521,227
2882,20140522,156
2883,20140523,84
2884,20140526,118
2885,20140527,362
2886,20140528,256
2887,20140529,122
2888,20140530,240
2889,20140602,126
2890,20140603,159
2891,20140605,210
2892,20140609,244
2893,20140610,147
2894,20140611,122
2895,20140612,135
2896,20140613,286
2897,20140616,185
2898,20140617,121
2899,20140618,134
2900,20140619,202
2901,20140620,328
2902,20140623,164
2903,20140624,379
2904,20140625,197
2905,20140626,177
2906,20140627,201
2907,20140630,117
2908,20140701,176
2909,20140702,164
2910,20140703,76
2911,20140704,173
2912,20140707,185
2913,20140708,152
2914,20140709,106
2915,20140710,97
2916,20140711,122
2917,20140714,134
2918,20140715,218
2919,20140716,105
2920,20140717,113
2921,20140718,143
2922,20140721,164
2923,20140722,147
2924,20140723,101
2925,20140724,151
2926,20140725,68
2927,20140728,231
2928,20140729,189
2929,20140730,370
2930,20140731,244
2931,20140801,181
2932,20140804,172
2933,20140805,181
2934,20140806,160
2935,20140807,160
2936,20140808,282
2937,20140811,105
2938,20140812,152
2939,20140813,130
2940,20140814,202
2941,20140818,244
2942,20140819,190
2943,20140820,159
2944,20140821,375
2945,20140822,193
2946,20140825,235
2947,20140826,135
2948,20140827,143
2949,20140828,197
2950,20140829,155
2951,20140901,106
2952,20140902,236
2953,20140903,168
2954,20140904,126
2955,20140905,193
2956,20140911,138
2957,20140912,109
2958,20140915,160
2959,20140916,97
2960,20140917,126
2961,20140918,176
2962,20140919,101
2963,20140922,265
2964,20140923,122
2965,20140924,159
2966,20140925,160
2967,20140926,109
2968,20140929,156
2969,20140930,198
2970,20141001,239
2971,20141002,261
2972,20141006,173
2973,20141007,164
2974,20141008,152
2975,20141010,333
2976,20141013,201
2977,20141014,160
2978,20141015,210
2979,20141016,185
2980,20141017,332
2981,20141020,206
2982,20141021,206
2983,20141022,168
2984,20141023,210
2985,20141024,286
2986,20141027,134
2987,20141028,126
2988,20141029,374
2989,20141030,131
2990,20141031,223
2991,20141103,176
2992,20141104,286
2993,20141105,173
2994,20141106,227
2995,20141107,105
2996,20141110,206
2997,20141111,84
2998,20141112,193
2999,20141113,185
3000,20141114,239
3001,20141117,198
3002,20141118,219
3003,20141119,160
3004,20141120,152
3005,20141121,110
3006,20141124,126
3007,20141125,101
3008,20141126,156
3009,20141127,105
3010,20141128,97
3011,20141201,168
3012,20141202,101
3013,20141203,113
3014,20141204,252
3015,20141205,80
3016,20141208,101
3017,20141209,100
3018,20141210,240
3019,20141211,210
3020,20141212,118
3021,20141215,286
3022,20141216,223
3023,20141217,173
3024,20141218,400
3025,20141219,214
3026,20141222,180
3027,20141223,80
3028,20141224,151
3029,20141226,118
3030,20141229,185
3031,20141230,315
3032,20150102,164
3033,20150105,257
3034,20150106,244
3035,20150107,122
3036,20150108,218
3037,20150109,160
3038,20150112,139
3039,20150113,189
3040,20150114,168
3041,20150115,164
3042,20150116,290
3043,20150119,194
3044,20150120,148
3045,20150121,134
3046,20150122,143
3047,20150123,223
3048,20150126,177
3049,20150127,114
3050,20150128,164
3051,20150129,202
3052,20150130,147
3053,20150202,156
3054,20150203,223
3055,20150204,130
3056,20150205,223
3057,20150206,97
3058,20150209,135
3059,20150210,206
3060,20150211,92
3061,20150212,215
3062,20150213,118
3063,20150216,67
3064,20150217,172
3065,20150223,151
3066,20150224,72
3067,20150225,67
3068,20150226,75
3069,20150227,126
3070,20150302,105
3071,20150303,71
3072,20150304,46
3073,20150305,101
3074,20150306,113
3075,20150309,189
3076,20150310,164
3077,20150311,206
3078,20150312,210
3079,20150313,88
3080,20150316,114
3081,20150317,416
3082,20150318,109
3083,20150319,151
3084,20150320,122
3085,20150323,164
3086,20150324,135
3087,20150325,181
3088,20150326,198
3089,20150327,110
3090,20150330,126
3091,20150331,160
3092,20150401,172
3093,20150402,118
3094,20150403,156
3095,20150406,139
3096,20150407,135
3097,20150408,189
3098,20150409,126
3099,20150410,328
3100,20150413,169
3101,20150414,172
3102,20150415,139
3103,20150416,122
3104,20150417,92
3105,20150420,148
3106,20150421,93
3107,20150422,290
3108,20150423,328
3109,20150424,358
3110,20150427,189
3111,20150428,210
3112,20150429,421
3113,20150430,141
3114,20150504,132
3115,20150506,302
3116,20150507,247
3117,20150508,111
3118,20150511,175
3119,20150512,115
3120,20150513,183
3121,20150514,128
3122,20150515,379
3123,20150518,128
3124,20150519,225
3125,20150520,208
3126,20150521,263
3127,20150522,255
3128,20150526,192
3129,20150527,392
3130,20150528,149
3131,20150529,289
3132,20150601,277
3133,20150602,327
3134,20150603,294
3135,20150604,238
3136,20150605,183
3137,20150608,131
3138,20150609,217
3139,20150610,277
3140,20150611,145
3141,20150612,361
3142,20150615,192
3143,20150616,371
3144,20150617,140
3145,20150618,217
3146,20150619,132
3147,20150622,170
3148,20150623,247
3149,20150624,93
3150,20150625,136
3151,20150626,217
3152,20150629,192
3153,20150630,166
3154,20150701,332
3155,20150702,89
3156,20150703,171
3157,20150706,421
3158,20150707,212
3159,20150708,314
3160,20150709,391
3161,20150710,157
3162,20150713,345
3163,20150714,200
3164,20150715,277
3165,20150716,192
3166,20150717,306
3167,20150720,196
3168,20150721,230
3169,20150722,196
3170,20150723,149
3171,20150724,191
3172,20150727,205
3173,20150728,213
3174,20150729,115
3175,20150730,234
3176,20150731,204
3177,20150803,196
3178,20150804,110
3179,20150805,149
3180,20150806,281
3181,20150807,128
3182,20150810,120
3183,20150811,332
3184,20150812,306
3185,20150813,183
3186,20150817,230
3187,20150818,131
3188,20150819,247
3189,20150820,200
3190,20150821,204
3191,20150824,791
3192,20150825,600
3193,20150826,604
3194,20150827,208
3195,20150828,136
3196,20150831,153
3197,20150901,239
3198,20150902,354
3199,20150903,149
3200,20150904,281
3201,20150907,209
3202,20150908,154
3203,20150909,395
3204,20150910,281
3205,20150911,191
3206,20150914,286
3207,20150915,128
3208,20150916,434
3209,20150917,158
3210,20150918,430
3211,20150921,246
3212,20150922,174
3213,20150923,234
3214,20150924,158
3215,20150925,212
3216,20150930,485
3217,20151001,400
3218,20151002,175
3219,20151005,289
3220,20151006,127
3221,20151007,272
3222,20151008,166
3223,20151012,205
3224,20151013,179
3225,20151014,170
3226,20151015,340
3227,20151016,136
3228,20151019,170
3229,20151020,140
3230,20151021,247
3231,20151022,162
3232,20151023,195
3233,20151026,94
3234,20151027,145
3235,20151028,170
3236,20151029,357
3237,20151030,187
3238,20151102,132
3239,20151103,140
3240,20151104,187
3241,20151105,140
3242,20151106,208
3243,20151109,149
3244,20151110,208
3245,20151111,183
3246,20151112,93
3247,20151113,132
3248,20151116,144
3249,20151117,132
3250,20151118,111
3251,20151119,187
3252,20151120,77
3253,20151123,141
3254,20151124,111
3255,20151125,98
3256,20151126,242
3257,20151127,106
3258,20151130,408
3259,20151201,281
3260,20151202,149
3261,20151203,196
3262,20151204,136
3263,20151207,230
3264,20151208,230
3265,20151209,106
3266,20151210,247
3267,20151211,192
3268,20151214,149
3269,20151215,132
3270,20151216,332
3271,20151217,238
3272,20151218,256
3273,20151221,272
3274,20151222,205
3275,20151223,234
3276,20151224,255
3277,20151228,328
3278,20151229,209
3279,20151230,217
3280,20160104,362
3281,20160105,238
3282,20160106,272
3283,20160107,277
3284,20160108,324
3285,20160111,153
3286,20160112,243
3287,20160113,234
3288,20160114,187
3289,20160115,510
3290,20160118,293
3291,20160119,281
3292,20160120,515
3293,20160121,209
3294,20160122,243
3295,20160125,226
3296,20160126,268
3297,20160127,174
3298,20160128,281
3299,20160129,222
3300,20160201,179
3301,20160202,157
3302,20160203,132
3303,20160204,268
3304,20160205,153
3305,20160211,183
3306,20160212,264
3307,20160215,149
3308,20160216,315
3309,20160217,196
3310,20160218,115
3311,20160219,98
3312,20160222,192
3313,20160223,157
3314,20160224,162
3315,20160225,234
3316,20160226,136
3317,20160229,158
3318,20160302,107
3319,20160303,60
3320,20160304,94
3321,20160307,60
3322,20160308,247
3323,20160309,162
3324,20160310,269
3325,20160311,107
3326,20160314,153
3327,20160315,149
3328,20160316,145
3329,20160317,217
3330,20160318,127
3331,20160321,217
3332,20160322,98
3333,20160323,124
3334,20160324,148
3335,20160325,93
3336,20160328,106
3337,20160329,137
3338,20160330,77
3339,20160331,191
3340,20160401,294
3341,20160404,94
3342,20160405,149
3343,20160406,153
3344,20160407,192
3345,20160408,200
3346,20160411,141
3347,20160412,191
3348,20160414,179
3349,20160415,89
3350,20160418,140
3351,20160419,115
3352,20160420,209
3353,20160421,132
3354,20160422,93
3355,20160425,106
3356,20160426,161
3357,20160427,51
3358,20160428,329
3359,20160429,182
3360,20160502,135
3361,20160503,95
3362,20160504,126
3363,20160509,113
3364,20160510,135
3365,20160511,195
3366,20160512,147
3367,20160513,199
3368,20160516,160
3369,20160517,104
3370,20160518,178
3371,20160519,78
3372,20160520,108
3373,20160523,182
3374,20160524,126
3375,20160525,186
3376,20160526,117
3377,20160527,121
3378,20160530,147
3379,20160531,286
3380,20160601,152
3381,20160602,82
3382,20160603,87
3383,20160607,264
3384,20160608,221
3385,20160609,230
3386,20160610,78
3387,20160613,303
3388,20160614,160
3389,20160615,169
3390,20160616,273
3391,20160617,213
3392,20160620,143
3393,20160621,121
3394,20160622,221
3395,20160623,86
3396,20160624,1118
3397,20160627,182
3398,20160628,334
3399,20160629,295
3400,20160630,160
3401,20160701,234
3402,20160704,143
3403,20160705,104
3404,20160706,438
3405,20160707,226
3406,20160708,217
3407,20160711,160
3408,20160712,182
3409,20160713,190
3410,20160714,122
3411,20160715,160
3412,20160718,91
3413,20160719,117
3414,20160720,143
3415,20160721,126
3416,20160722,169
3417,20160725,139
3418,20160726,252
3419,20160727,70
3420,20160728,156
3421,20160729,174
3422,20160801,117
3423,20160802,130
3424,20160803,156
3425,20160804,139
3426,20160805,208
3427,20160808,161
3428,20160809,195
3429,20160810,104
3430,20160811,100
3431,20160812,173
3432,20160816,151
3433,20160817,134
3434,20160818,186
3435,20160819,91
3436,20160822,130
3437,20160823,100
3438,20160824,147
3439,20160825,156
3440,20160826,130
3441,20160829,199
3442,20160830,148
3443,20160831,135
3444,20160901,169
3445,20160902,82
3446,20160905,178
3447,20160906,100
3448,20160907,165
3449,20160908,156
3450,20160909,190
3451,20160912,277
3452,20160913,195
3453,20160919,251
3454,20160920,147
3455,20160921,177
3456,20160922,139
3457,20160923,113
3458,20160926,199
3459,20160927,382
3460,20160928,87
3461,20160929,130
3462,20160930,148
3463,20161004,109
3464,20161005,252
3465,20161006,139
3466,20161007,108
3467,20161010,235
3468,20161011,360
3469,20161012,169
3470,20161013,225
3471,20161014,121
3472,20161017,265
3473,20161018,161
3474,20161019,195
3475,20161020,113
3476,20161021,143
3477,20161024,109
3478,20161025,87
3479,20161026,273
3480,20161027,108
3481,20161028,117
3482,20161031,148
3483,20161101,230
3484,20161102,169
3485,20161103,165
3486,20161104,108
3487,20161107,121
3488,20161108,173
3489,20161109,893
3490,20161110,195
3491,20161111,156
3492,20161114,203
3493,20161115,130
3494,20161116,104
3495,20161117,177
3496,20161118,152
3497,20161121,121
3498,20161122,199
3499,20161123,191
3500,20161124,182
3501,20161125,91
3502,20161128,225
3503,20161129,91
3504,20161130,160
3505,20161201,95
3506,20161202,143
3507,20161205,117
3508,20161206,151
3509,20161207,82
3510,20161208,191
3511,20161209,82
3512,20161212,165
3513,20161213,86
3514,20161214,161
3515,20161215,212
3516,20161216,117
3517,20161219,126
3518,20161220,74
3519,20161221,152
3520,20161222,74
3521,20161223,57
3522,20161226,56
3523,20161227,61
3524,20161228,108
3525,20161229,82
3526,20170102,221
3527,20170103,152
3528,20170104,56
3529,20170105,95
3530,20170106,96
3531,20170109,82
3532,20170110,87
3533,20170111,459
3534,20170112,104
3535,20170113,61
3536,20170116,234
3537,20170117,147
3538,20170118,239
3539,20170119,333
3540,20170120,87
3541,20170123,212
3542,20170124,156
3543,20170125,160
3544,20170126,230
3545,20170131,108
3546,20170201,65
3547,20170202,260
3548,20170203,169
3549,20170206,212
3550,20170207,125
3551,20170208,204
3552,20170209,139
3553,20170210,117
3554,20170213,65
3555,20170214,191
3556,20170215,174
3557,20170216,152
3558,20170217,108
3559,20170220,96
3560,20170221,312
3561,20170222,78
3562,20170223,65
3563,20170224,243
3564,20170227,173
3565,20170228,95
3566,20170302,178
3567,20170303,217
3568,20170306,178
3569,20170307,187
3570,20170308,165
3571,20170309,121
3572,20170310,243
3573,20170313,303
3574,20170314,156
3575,20170315,100
3576,20170316,187
3577,20170317,165
3578,20170320,104
3579,20170321,273
3580,20170322,126
3581,20170323,135
3582,20170324,195
3583,20170327,156
3584,20170328,117
3585,20170329,112
3586,20170330,182
3587,20170331,109
3588,20170403,134
3589,20170404,117
3590,20170405,221
3591,20170406,134
3592,20170407,187
3593,20170410,195
3594,20170411,195
3595,20170412,78
3596,20170413,247
3597,20170414,199
3598,20170417,143
3599,20170418,212
3600,20170419,199
3601,20170420,199
3602,20170421,174
3603,20170424,113
3604,20170425,265
3605,20170426,130
3606,20170427,115
3607,20170428,132
3608,20170502,260
3609,20170504,172
3610,20170508,647
3611,20170510,824
3612,20170511,335
3613,20170512,199
3614,20170515,207
3615,20170516,326
3616,20170517,164
3617,20170518,265
3618,20170519,119
3619,20170522,154
3620,20170523,264
3621,20170524,128
3622,20170525,273
3623,20170526,308
3624,20170529,370
3625,20170530,339
3626,20170531,221
3627,20170601,194
3628,20170602,260
3629,20170605,149
3630,20170607,194
3631,20170608,265
3632,20170609,246
3633,20170612,216
3634,20170613,181
3635,20170614,260
3636,20170615,330
3637,20170616,124
3638,20170619,273
3639,20170620,136
3640,20170621,158
3641,20170622,176
3642,20170623,149
3643,20170626,159
3644,20170627,146
3645,20170628,123
3646,20170629,137
3647,20170630,119
3648,20170703,150
3649,20170704,238
3650,20170705,212
3651,20170706,137
3652,20170707,150
3653,20170710,150
3654,20170711,176
3655,20170712,93
3656,20170713,296
3657,20170714,106
3658,20170717,141
3659,20170718,75
3660,20170719,128
3661,20170720,180
3662,20170721,163
3663,20170724,71
3664,20170725,185
3665,20170726,176
3666,20170727,158
3667,20170728,482
3668,20170731,181
3669,20170801,486
3670,20170802,111
3671,20170803,605
3672,20170804,204
3673,20170807,190
3674,20170808,345
3675,20170809,265
3676,20170810,345
3677,20170811,270
3678,20170814,159
3679,20170816,173
3680,20170817,221
3681,20170818,248
3682,20170821,164
3683,20170822,120
3684,20170823,212
3685,20170824,172
3686,20170825,154
3687,20170828,239
3688,20170829,380
3689,20170830,110
3690,20170831,278
3691,20170901,225
3692,20170904,296
3693,20170905,204
3694,20170906,124
3695,20170907,292
3696,20170908,106
3697,20170911,234
3698,20170912,163
3699,20170913,226
3700,20170914,159
3701,20170915,234
3702,20170918,442
3703,20170919,88
3704,20170920,296
3705,20170921,132
3706,20170922,322
3707,20170925,151
3708,20170926,160
3709,20170927,111
3710,20170928,168
3711,20170929,203
3712,20171010,305
3713,20171011,208
3714,20171012,172
3715,20171013,124
3716,20171016,181
3717,20171017,110
3718,20171018,159
3719,20171019,270
3720,20171020,155
3721,20171023,146
3722,20171024,93
3723,20171025,176
3724,20171026,221
3725,20171027,252
3726,20171030,141
3727,20171031,407
3728,20171101,309
3729,20171102,203
3730,20171103,274
3731,20171106,376
3732,20171107,181
3733,20171108,359
3734,20171109,314
3735,20171110,172
3736,20171113,300
3737,20171114,124
3738,20171115,186
3739,20171116,243
3740,20171117,363
3741,20171120,265
3742,20171121,182
3743,20171122,221
3744,20171123,150
3745,20171124,141
3746,20171127,566
3747,20171128,244
3748,20171129,186
3749,20171130,416
3750,20171201,191
3751,20171204,314
3752,20171205,349
3753,20171206,433
3754,20171207,283
3755,20171208,177
3756,20171211,163
3757,20171212,177
3758,20171213,292
3759,20171214,394
3760,20171215,274
3761,20171218,124
3762,20171219,319
3763,20171220,155
3764,20171221,544
3765,20171222,194
3766,20171226,349
3767,20171227,292
3768,20171228,380
3769,20180102,177
3770,20180103,159
3771,20180104,420
3772,20180105,314
3773,20180108,288
3774,20180109,372
3775,20180110,323
3776,20180111,243
3777,20180112,274
3778,20180115,231
3779,20180116,345
3780,20180117,172
3781,20180118,279
3782,20180119,137
3783,20180122,407
3784,20180123,301
3785,20180124,200
3786,20180125,341
3787,20180126,190
3788,20180129,221
3789,20180130,416
3790,20180131,562
3791,20180201,226
3792,20180202,580
3793,20180205,310
3794,20180206,571
3795,20180207,995
3796,20180208,393
3797,20180209,615
3798,20180212,403
3799,20180213,451
3800,20180214,261
3801,20180219,412
3802,20180220,309
3803,20180221,372
3804,20180222,199
3805,20180223,327
3806,20180226,212
3807,20180227,367
3808,20180228,398
3809,20180302,305
3810,20180305,381
3811,20180306,336
3812,20180307,447
3813,20180308,261
3814,20180309,513
3815,20180312,212
3816,20180313,195
3817,20180314,185
3818,20180315,327
3819,20180316,270
3820,20180319,261
3821,20180320,350
3822,20180321,128
3823,20180322,265
3824,20180323,500
3825,20180326,456
3826,20180327,164
3827,20180328,226
3828,20180329,349
3829,20180330,207
3830,20180402,301
3831,20180403,279
3832,20180404,504
3833,20180405,354
3834,20180406,225
3835,20180409,278
3836,20180410,447
3837,20180411,226
3838,20180412,168
3839,20180413,182
3840,20180416,221
3841,20180417,199
3842,20180418,244
3843,20180419,172
3844,20180420,155
3845,20180423,142
3846,20180424,336
3847,20180425,177
3848,20180426,385
3849,20180427,296
3850,20180430,148
3851,20180502,202
3852,20180503,189
3853,20180504,278
3854,20180508,368
3855,20180509,305
3856,20180510,161
3857,20180511,161
3858,20180514,197
3859,20180515,336
3860,20180516,288
3861,20180517,297
3862,20180518,103
3863,20180521,328
3864,20180523,251
3865,20180524,238
3866,20180525,256
3867,20180528,104
3868,20180529,269
3869,20180530,655
3870,20180531,175
3871,20180601,368
3872,20180604,211
3873,20180605,242
3874,20180607,211
3875,20180608,261
3876,20180611,278
3877,20180612,198
3878,20180614,372
3879,20180615,233
3880,20180618,457
3881,20180619,444
3882,20180620,341
3883,20180621,336
3884,20180622,462
3885,20180625,328
3886,20180626,382
3887,20180627,188
3888,20180628,288
3889,20180629,382
3890,20180702,633
3891,20180703,355
3892,20180704,229
3893,20180705,337
3894,20180706,427
3895,20180709,368
3896,20180710,175
3897,20180711,318
3898,20180712,270
3899,20180713,319
3900,20180716,202
3901,20180717,220
3902,20180718,359
3903,20180719,229
3904,20180720,309
3905,20180723,256
3906,20180724,225
3907,20180725,242
3908,20180726,252
3909,20180727,130
3910,20180730,185
3911,20180731,121
3912,20180801,171
3913,20180802,504
3914,20180803,212
3915,20180806,202
3916,20180807,257
3917,20180808,135
3918,20180809,158
3919,20180810,293
3920,20180813,341
3921,20180814,167
3922,20180816,315
3923,20180817,135
3924,20180820,243
3925,20180821,378
3926,20180822,185
3927,20180823,162
3928,20180824,297
3929,20180827,171
3930,20180828,184
3931,20180829,121
3932,20180830,229
3933,20180831,288
3934,20180903,180
3935,20180904,189
3936,20180905,351
3937,20180906,185
3938,20180907,279
3939,20180910,153
3940,20180911,279
3941,20180912,216
3942,20180913,135
3943,20180914,279
3944,20180917,221
3945,20180918,333
3946,20180919,207
3947,20180920,297
3948,20180921,135
3949,20180927,320
3950,20180928,220
3951,20181001,229
3952,20181002,401
3953,20181004,499
3954,20181005,275
3955,20181008,216
3956,20181010,319
3957,20181011,612
3958,20181012,491
3959,20181015,198
3960,20181016,288
3961,20181017,247
3962,20181018,234
3963,20181019,468
3964,20181022,342
3965,20181023,594
3966,20181024,319
3967,20181025,360
3968,20181026,625
3969,20181029,477
3970,20181030,492
3971,20181031,266
3972,20181101,402
3973,20181102,645
3974,20181105,447
3975,20181106,307
3976,20181107,406
3977,20181108,339
3978,20181109,248
3979,20181112,334
3980,20181113,456
3981,20181114,176
3982,20181115,375
3983,20181116,212
3984,20181119,276
3985,20181120,185
3986,20181121,297
3987,20181122,157
3988,20181123,316
3989,20181126,307
3990,20181127,288
3991,20181128,199
3992,20181129,383
3993,20181130,393
3994,20181203,297
3995,20181204,334
3996,20181205,262
3997,20181206,298
3998,20181207,216
3999,20181210,221
4000,20181211,194
4001,20181212,293
4002,20181213,271
4003,20181214,496
4004,20181217,126
4005,20181218,207
4006,20181219,185
4007,20181220,270
4008,20181221,149
4009,20181224,157
4010,20181226,275
4011,20181227,167
4012,20181228,148
4013,20190102,573
4014,20190103,280
4015,20190104,284
4016,20190107,230
4017,20190108,252
4018,20190109,469
4019,20190110,207
4020,20190111,198
4021,20190114,212
4022,20190115,424
4023,20190116,189
4024,20190117,199
4025,20190118,131
4026,20190121,303
4027,20190122,280
4028,20190123,307
4029,20190124,252
4030,20190125,434
4031,20190128,262
4032,20190129,284
4033,20190130,357
4034,20190131,289
4035,20190201,280
4036,20190207,253
4037,20190208,293
4038,20190211,167
4039,20190212,244
4040,20190213,117
4041,20190214,456
4042,20190215,343
4043,20190218,203
4044,20190219,280
4045,20190220,289
4046,20190221,302
4047,20190222,149
4048,20190225,235
4049,20190226,171
4050,20190227,117
4051,20190228,447
4052,20190304,411
4053,20190305,208
4054,20190306,113
4055,20190307,293
4056,20190308,271
4057,20190311,176
4058,20190312,135
4059,20190313,289
4060,20190314,244
4061,20190315,415
4062,20190318,139
4063,20190319,162
4064,20190320,330
4065,20190321,347
4066,20190322,194
4067,20190325,203
4068,20190326,118
4069,20190327,298
4070,20190328,212
4071,20190329,207
4072,20190401,244
4073,20190402,122
4074,20190403,410
4075,20190404,239
4076,20190405,144
4077,20190408,248
4078,20190409,239
4079,20190410,248
4080,20190411,216
4081,20190412,257
4082,20190415,162
4083,20190416,163
4084,20190417,109
4085,20190418,514
4086,20190419,158
4087,20190422,271
4088,20190423,149
4089,20190424,528
4090,20190425,189
4091,20190426,230
4092,20190429,468
4093,20190430,381
4094,20190502,358
4095,20190503,261
4096,20190507,271
4097,20190508,376
4098,20190509,716
4099,20190510,426
4100,20190513,261
4101,20190514,422
4102,20190515,312
4103,20190516,404
4104,20190517,381
4105,20190520,289
4106,20190521,349
4107,20190522,339
4108,20190523,234
4109,20190524,285
4110,20190527,239
4111,20190528,234
4112,20190529,371
4113,20190530,206
4114,20190531,307
4115,20190603,536
4116,20190604,147
4117,20190605,289
4118,20190607,349
4119,20190610,344
4120,20190611,247
4121,20190612,198
4122,20190613,399
4123,20190614,266
4124,20190617,216
4125,20190618,198
4126,20190619,138
4127,20190620,142
4128,20190621,151
4129,20190624,138
4130,20190625,266
4131,20190626,143
4132,20190627,331
4133,20190628,165
4134,20190701,289
4135,20190702,257
4136,20190703,426
4137,20190704,243
4138,20190705,247
4139,20190708,349
4140,20190709,211
4141,20190710,128
4142,20190711,261
4143,20190712,175
4144,20190715,211
4145,20190716,206
4146,20190717,192
4147,20190718,179
4148,20190719,271
4149,20190722,170
4150,20190723,184
4151,20190724,335
4152,20190725,294
4153,20190726,156
4154,20190729,409
4155,20190730,124
4156,20190731,368
4157,20190801,280
4158,20190802,193
4159,20190805,708
4160,20190806,570
4161,20190807,331
4162,20190808,280
4163,20190809,147
4164,20190812,175
4165,20190813,161
4166,20190814,211
4167,20190816,220
4168,20190819,143
4169,20190820,322
4170,20190821,194
4171,20190822,234
4172,20190823,161
4173,20190826,184
4174,20190827,198
4175,20190828,207
4176,20190829,207
4177,20190830,331
4178,20190902,161
4179,20190903,202
4180,20190904,396
4181,20190905,354
4182,20190906,124
4183,20190909,258
4184,20190910,147
4185,20190911,156
4186,20190916,206
4187,20190917,138
4188,20190918,230
4189,20190919,303
4190,20190920,221
4191,20190923,120
4192,20190924,239
4193,20190925,267
4194,20190926,266
4195,20190927,299
4196,20190930,340
4197,20191001,239
4198,20191002,358
4199,20191004,266
4200,20191007,243
4201,20191008,322
4202,20191010,427
4203,20191011,189
4204,20191014,142
4205,20191015,110
4206,20191016,207
4207,20191017,175
4208,20191018,432
4209,20191021,124
4210,20191022,276
4211,20191023,188
4212,20191024,285
4213,20191025,175
4214,20191028,179
4215,20191029,230
4216,20191030,240
4217,20191031,300
4218,20191101,267
4219,20191104,239
4220,20191105,198
4221,20191106,226
4222,20191107,157
4223,20191108,300
4224,20191111,244
4225,20191112,254
4226,20191113,189
4227,20191114,212
4228,20191115,401
4229,20191118,125
4230,20191119,221
4231,20191120,291
4232,20191121,452
4233,20191122,148
4234,20191125,221
4235,20191126,217
4236,20191127,271
4237,20191128,175
4238,20191129,558
4239,20191202,198
4240,20191203,258
4241,20191204,179
4242,20191205,378
4243,20191206,226
4244,20191209,162
4245,20191210,253
4246,20191211,226
4247,20191212,360
4248,20191213,148
4249,20191216,115
4250,20191217,355
4251,20191218,240
4252,20191219,272
4253,20191220,161
4254,20191223,193
4255,20191224,235
4256,20191226,203
4257,20191227,557
4258,20191230,184
4259,20200102,433
4260,20200103,539
4261,20200106,152
4262,20200107,263
4263,20200108,323
4264,20200109,180
4265,20200110,254
4266,20200113,323
4267,20200114,216
4268,20200115,184
4269,20200116,327
4270,20200117,305
4271,20200120,263
4272,20200121,383
4273,20200122,474
4274,20200123,249
4275,20200128,479
4276,20200129,281
4277,20200130,619
4278,20200131,572
4279,20200203,549
4280,20200204,554
4281,20200205,356
4282,20200206,605
4283,20200207,351
4284,20200210,314
4285,20200211,355
4286,20200212,388
4287,20200213,374
4288,20200214,466
4289,20200217,268
4290,20200218,346
4291,20200219,411
4292,20200220,572
4293,20200221,314
4294,20200224,586
4295,20200225,434
4296,20200226,351
4297,20200227,434
4298,20200228,595
4299,20200302,586
4300,20200303,637
4301,20200304,817
4302,20200305,420
4303,20200306,411
4304,20200309,550
4305,20200310,411
4306,20200311,854
4307,20200312,1118
4308,20200313,1833
4309,20200316,1293
4310,20200317,1126
4311,20200318,1343
4312,20200319,2350
4313,20200320,1302
4314,20200323,767
4315,20200324,1500
4316,20200325,905
4317,20200326,1075
4318,20200327,1237
4319,20200330,919
4320,20200331,461
4321,20200401,1099
4322,20200402,840
4323,20200403,507
4324,20200406,711
4325,20200407,642
4326,20200408,513
4327,20200409,318
4328,20200410,346
4329,20200413,337
4330,20200414,406
4331,20200416,420
4332,20200417,447
4333,20200420,401
4334,20200421,633
4335,20200422,734
4336,20200423,365
4337,20200424,374
4338,20200427,512
4339,20200428,380
4340,20200429,366
4341,20200504,362
4342,20200506,352
4343,20200507,291
4344,20200508,220
4345,20200511,418
4346,20200512,427
4347,20200513,582
4348,20200514,234
4349,20200515,314
4350,20200518,314
4351,20200519,225
4352,20200520,244
4353,20200521,155
4354,20200522,559
4355,20200525,352
4356,20200526,422
4357,20200527,310
4358,20200528,563
4359,20200529,404
4360,20200601,437
4361,20200602,371
4362,20200603,887
4363,20200604,700
4364,20200605,624
4365,20200608,620
4366,20200609,657
4367,20200610,315
4368,20200611,747
4369,20200612,577
4370,20200615,1244
4371,20200616,924
4372,20200617,629
4373,20200618,324
4374,20200619,634
4375,20200622,319
4376,20200623,629
4377,20200624,469
4378,20200625,450
4379,20200626,394
4380,20200629,436
4381,20200630,338
4382,20200701,385
4383,20200702,277
4384,20200703,272
4385,20200706,460
4386,20200707,582
4387,20200708,277
4388,20200709,230
4389,20200710,456
4390,20200713,356
4391,20200714,263
4392,20200715,338
4393,20200716,394
4394,20200717,216
4395,20200720,366
4396,20200721,286
4397,20200722,249
4398,20200723,361
4399,20200724,295
4400,20200727,478
4401,20200728,530
4402,20200729,352
4403,20200730,226
4404,20200731,503
4405,20200803,258
4406,20200804,282
4407,20200805,334
4408,20200806,527
4409,20200807,404
4410,20200810,578
4411,20200811,526
4412,20200812,507
4413,20200813,659
4414,20200814,583
4415,20200818,945
4416,20200819,338
4417,20200820,1072
4418,20200821,635
4419,20200824,611
4420,20200825,353
4421,20200826,493
4422,20200827,377
4423,20200828,494
4424,20200831,818
4425,20200901,329
4426,20200902,423
4427,20200903,292
4428,20200904,409
4429,20200907,334
4430,20200908,249
4431,20200909,268
4432,20200910,216
4433,20200911,330
4434,20200914,249
4435,20200915,286
4436,20200916,235
4437,20200917,471
4438,20200918,273
4439,20200921,559
4440,20200922,828
4441,20200923,714
4442,20200924,419
4443,20200925,268
4444,20200928,324
4445,20200929,240
4446,20201005,493
4447,20201006,296
4448,20201007,527
4449,20201008,348
4450,20201012,198
4451,20201013,419
4452,20201014,405
4453,20201015,329
4454,20201016,508
4455,20201019,254
4456,20201020,442
4457,20201021,226
4458,20201022,226
4459,20201023,324
4460,20201026,277
4461,20201027,287
4462,20201028,357
4463,20201029,353
4464,20201030,692
4465,20201102,423
4466,20201103,495
4467,20201104,400
4468,20201105,551
4469,20201106,315
4470,20201109,339
4471,20201110,362
4472,20201111,462
4473,20201112,278
4474,20201113,485
4475,20201116,627
4476,20201117,292
4477,20201118,254
4478,20201119,263
4479,20201120,278
4480,20201123,749
4481,20201124,367
4482,20201125,683
4483,20201126,423
4484,20201127,231
4485,20201130,739
4486,20201201,419
4487,20201202,508
4488,20201203,301
4489,20201204,687
4490,20201207,570
4491,20201208,541
4492,20201209,627
4493,20201210,626
4494,20201211,264
4495,20201214,372
4496,20201215,415
4497,20201216,315
4498,20201217,429
4499,20201218,245
4500,20201221,457
4501,20201222,523
4502,20201223,655
4503,20201224,758
4504,20201228,452
4505,20201229,734
4506,20201230,1083
4507,20210104,1139
4508,20210105,895
4509,20210106,1021
4510,20210107,801
4511,20210108,1573
4512,20210111,2298
4513,20210112,1507
4514,20210113,829
4515,20210114,556
4516,20210115,1554
4517,20210118,979
4518,20210119,1281
4519,20210120,989
4520,20210121,547
4521,20210122,664
4522,20210125,994
4523,20210126,1262
4524,20210127,970
4525,20210128,768
4526,20210129,1613
4527,20210201,1381
4528,20210202,1009
4529,20210203,778
4530,20210204,853
4531,20210205,608
4532,20210208,580
4533,20210209,717
4534,20210210,660
4535,20210215,344
4536,20210216,556
4537,20210217,505
4538,20210218,698
4539,20210219,1023
4540,20210222,914
4541,20210223,835
4542,20210224,1254
4543,20210225,906
4544,20210226,631
4545,20210302,1024
4546,20210303,684
4547,20210304,608
4548,20210305,726
4549,20210308,811
4550,20210309,919
4551,20210310,835
4552,20210311,759
4553,20210312,377
4554,20210315,358
4555,20210316,325
4556,20210317,590
4557,20210318,391
4558,20210319,406
4559,20210322,453
4560,20210323,741
4561,20210324,472
4562,20210325,552
4563,20210326,359
4564,20210329,368
4565,20210330,486
4566,20210331,490
4567,20210401,316
4568,20210402,278
4569,20210405,358
4570,20210406,420
4571,20210407,293
4572,20210408,269
4573,20210409,500
4574,20210412,288
4575,20210413,609
4576,20210414,391
4577,20210415,386
4578,20210416,307
4579,20210419,368
4580,20210420,386
4581,20210421,669
4582,20210422,316
4583,20210423,590
4584,20210426,311
4585,20210427,217
4586,20210428,476
4587,20210429,493
4588,20210430,498
4589,20210503,627
4590,20210504,431
4591,20210506,475
4592,20210507,388
4593,20210510,651
4594,20210511,661
4595,20210512,987
4596,20210513,584
4597,20210514,408
4598,20210517,642
4599,20210518,412
4600,20210520,373
4601,20210521,675
4602,20210524,336
4603,20210525,331
4604,20210526,331
4605,20210527,435
4606,20210528,359
4607,20210531,316
4608,20210601,518
4609,20210602,321
4610,20210603,479
4611,20210604,354
4612,20210607,484
4613,20210608,273
4614,20210609,431
4615,20210610,301
4616,20210611,278
4617,20210614,201
4618,20210615,206
4619,20210616,373
4620,20210617,244
4621,20210618,225
4622,20210621,325
4623,20210622,158
4624,20210623,249
4625,20210624,211
4626,20210625,282
4627,20210628,249
4628,20210629,340
4629,20210630,206
4630,20210701,325
4631,20210702,225
4632,20210705,191
4633,20210706,196
4634,20210707,225
4635,20210708,589
4636,20210709,580
4637,20210712,192
4638,20210713,177
4639,20210714,230
4640,20210715,325
4641,20210716,206
4642,20210719,215
4643,20210720,259
4644,20210721,498
4645,20210722,354
4646,20210723,249
4647,20210726,575
4648,20210727,307
4649,20210728,402
4650,20210729,283
4651,20210730,379
4652,20210802,370
4653,20210803,441
4654,20210804,589
4655,20210805,311
4656,20210806,384
4657,20210809,302
4658,20210810,546
4659,20210811,413
4660,20210812,379
4661,20210813,786
4662,20210817,657
4663,20210818,590
4664,20210819,729
4665,20210820,854
4666,20210823,542
4667,20210824,441
4668,20210825,465
4669,20210826,547
4670,20210827,451
4671,20210830,470
4672,20210831,940
4673,20210901,398
4674,20210902,494
4675,20210903,336
4676,20210906,278
4677,20210907,364
4678,20210908,398
4679,20210909,647
4680,20210910,331
4681,20210913,417
4682,20210914,336
4683,20210915,369
4684,20210916,585
4685,20210917,446
4686,20210923,350
4687,20210924,345
4688,20210927,398
4689,20210928,489
4690,20210929,552
4691,20210930,470
4692,20211001,624
4693,20211005,676
4694,20211006,959
4695,20211007,389
4696,20211008,317
4697,20211012,705
4698,20211013,580
4699,20211014,278
4700,20211015,254
4701,20211018,451
4702,20211019,254
4703,20211020,427
4704,20211021,292
4705,20211022,312
4706,20211025,557
4707,20211026,316
4708,20211027,398
4709,20211028,279
4710,20211029,860
4711,20211101,221
4712,20211102,596
4713,20211103,783
4714,20211104,433
4715,20211105,721
4716,20211108,514
4717,20211109,495
4718,20211110,457
4719,20211111,341
4720,20211112,433
4721,20211115,317
4722,20211116,375
4723,20211117,601
4724,20211118,312
4725,20211119,394
4726,20211122,712
4727,20211123,374
4728,20211124,571
4729,20211125,370
4730,20211126,760
4731,20211129,485
4732,20211130,1466
4733,20211201,932
4734,20211202,928
4735,20211203,683
4736,20211206,697
4737,20211207,548
4738,20211208,577
4739,20211209,327
4740,20211210,264
4741,20211213,644
4742,20211214,355
4743,20211215,274
4744,20211216,418
4745,20211217,471
4746,20211220,582
4747,20211221,384
4748,20211222,307
4749,20211223,240
4750,20211224,303
4751,20211227,254
4752,20211228,442
4753,20211229,298
4754,20211230,447
4755,20220103,499
4756,20220104,336
4757,20220105,716
4758,20220106,505
4759,20220107,389
4760,20220110,543
4761,20220111,379
4762,20220112,389
4763,20220113,337
4764,20220114,428
4765,20220117,524
4766,20220118,562
4767,20220119,490
4768,20220120,351
4769,20220121,385
4770,20220124,567
4771,20220125,1004
4772,20220126,456
4773,20220127,1295
4774,20220128,1237
4775,20220203,578
4776,20220204,467
4777,20220207,698
4778,20220208,630
4779,20220209,274
4780,20220210,318
4781,20220211,423
4782,20220214,534
4783,20220215,524
4784,20220216,293
4785,20220217,702
4786,20220218,452
4787,20220221,741
4788,20220222,385
4789,20220223,389
4790,20220224,660
4791,20220225,366
4792,20220228,573
4793,20220302,294
4794,20220303,410
4795,20220304,602
4796,20220307,477
4797,20220308,495
4798,20220310,255
4799,20220311,322
4800,20220314,347
4801,20220315,356
4802,20220316,462
4803,20220317,274
4804,20220318,270
4805,20220321,578
4806,20220322,370
4807,20220323,337
4808,20220324,284
4809,20220325,376
4810,20220328,429
4811,20220329,284
4812,20220330,299
4813,20220331,333
4814,20220401,304
4815,20220404,433
4816,20220405,308
4817,20220406,221
4818,20220407,375
4819,20220408,279
4820,20220411,394
4821,20220412,356
4822,20220413,631
4823,20220414,303
4824,20220415,259
4825,20220418,365
4826,20220419,356
4827,20220420,342
4828,20220421,260
4829,20220422,246
4830,20220425,289
4831,20220426,207
4832,20220427,318
4833,20220428,410
4834,20220429,629
4835,20220502,327
4836,20220503,347
4837,20220504,318
4838,20220506,220
4839,20220509,395
4840,20220510,576
4841,20220511,308
4842,20220512,498
4843,20220513,639
4844,20220516,518
4845,20220517,323
4846,20220518,366
4847,20220519,381
4848,20220520,528
4849,20220523,303
4850,20220524,566
4851,20220525,385
4852,20220526,576
4853,20220527,190
4854,20220530,264
4855,20220531,420
4856,20220602,288
4857,20220603,259
4858,20220607,562
4859,20220608,249
4860,20220609,278
4861,20220610,264
4862,20220613,596
4863,20220614,532
4864,20220615,766
4865,20220616,694
4866,20220617,522
4867,20220620,1137
4868,20220621,1182
4869,20220622,893
4870,20220623,635
4871,20220624,693
4872,20220627,679
4873,20220628,361
4874,20220629,284
4875,20220630,400
4876,20220701,820
4877,20220704,474
4878,20220705,439
4879,20220706,586
4880,20220707,606
4881,20220708,298
4882,20220711,390
4883,20220712,395
4884,20220713,361
4885,20220714,424
4886,20220715,585
4887,20220718,445
4888,20220719,205
4889,20220720,405
4890,20220721,347
4891,20220722,366
4892,20220725,400
4893,20220726,298
4894,20220727,234
4895,20220728,318
4896,20220729,386
4897,20220801,353
4898,20220802,235
4899,20220803,328
4900,20220804,220
4901,20220805,211
4902,20220808,215
4903,20220809,304
4904,20220810,269
4905,20220811,171
4906,20220812,206
4907,20220816,210
4908,20220817,358
4909,20220818,323
4910,20220819,260
4911,20220822,240
4912,20220823,333
4913,20220824,230
4914,20220825,279
4915,20220826,289
4916,20220829,186
4917,20220830,255
4918,20220831,700
4919,20220901,357
4920,20220902,455
4921,20220905,391
4922,20220906,328
4923,20220907,416
4924,20220908,235
4925,20220913,538
4926,20220914,484
4927,20220915,318
4928,20220916,225
4929,20220919,401
4930,20220920,299
4931,20220921,220
4932,20220922,260
4933,20220923,489
4934,20220926,440
4935,20220927,352
4936,20220928,817
4937,20220929,518
4938,20220930,557
4939,20221004,367
4940,20221005,602
4941,20221006,327
4942,20221007,406
4943,20221011,269
4944,20221012,318
4945,20221013,367
4946,20221014,382
4947,20221017,509
4948,20221018,391
4949,20221019,421
4950,20221020,328
4951,20221021,332
4952,20221024,382
4953,20221025,294
4954,20221026,401
4955,20221027,406
4956,20221028,354
4957,20221031,354
4958,20221101,418
4959,20221102,290
4960,20221103,639
4961,20221104,491
4962,20221107,339
4963,20221108,343
4964,20221109,359
4965,20221110,373
4966,20221111,319
4967,20221114,343
4968,20221115,284
4969,20221116,467
4970,20221117,324
4971,20221118,398
4972,20221121,427
4973,20221122,295
4974,20221123,217
4975,20221124,206
4976,20221125,191
4977,20221128,270
4978,20221129,442
4979,20221130,633
4980,20221201,393
4981,20221202,594
4982,20221205,388
4983,20221206,339
4984,20221207,211
4985,20221208,270
4986,20221209,364
4987,20221212,167
4988,20221213,320
4989,20221214,275
4990,20221215,364
4991,20221216,353
4992,20221219,256
4993,20221220,363
4994,20221221,295
4995,20221222,319
4996,20221223,315
4997,20221226,182
4998,20221227,206
4999,20221228,289
5000,20221229,407
5001,20230102,433
5002,20230103,663
5003,20230104,855
5004,20230105,373
5005,20230106,683
5006,20230109,536
5007,20230110,374
5008,20230111,324
5009,20230112,299
5010,20230113,334
5011,20230116,354
5012,20230117,324
5013,20230118,408
5014,20230119,364
5015,20230120,334
5016,20230125,196
5017,20230126,525
5018,20230127,525
5019,20230130,630
5020,20230131,595
5021,20230201,301
5022,20230202,483
5023,20230203,414
5024,20230206,532
5025,20230207,344
5026,20230208,403
5027,20230209,301
5028,20230210,265
5029,20230213,330
5030,20230214,290
5031,20230215,704
5032,20230216,511
5033,20230217,448
5034,20230220,497
5035,20230221,285
5036,20230222,291
5037,20230223,409
5038,20230224,434
5039,20230227,275
5040,20230228,359
5041,20230302,448
5042,20230303,286
5043,20230306,325
5044,20230307,265
5045,20230308,231
5046,20230309,296
5047,20230310,261
5048,20230313,547
5049,20230314,462
5050,20230315,344
5051,20230316,448
5052,20230317,300
5053,20230320,374
5054,20230321,236
5055,20230322,226
5056,20230323,379
5057,20230324,310
5058,20230327,403
5059,20230328,295
5060,20230329,211
5061,20230330,295
5062,20230331,374
5063,20230403,305
5064,20230404,266
5065,20230405,256
5066,20230406,477
5067,20230407,369
5068,20230410,521
5069,20230411,448
5070,20230412,276
5071,20230413,330
5072,20230414,325
5073,20230417,202
5074,20230418,325
5075,20230419,197
5076,20230420,217
5077,20230421,275
5078,20230424,192
5079,20230425,699
5080,20230426,211
5081,20230427,419
5082,20230428,404
5083,20230502,305
5084,20230503,200
5085,20230504,194
5086,20230508,194
5087,20230509,165
5088,20230510,324
5089,20230511,320
5090,20230512,224
5091,20230515,290
5092,20230516,299
5093,20230517,274
5094,20230518,224
5095,20230519,244
5096,20230522,414
5097,20230523,205
5098,20230524,220
5099,20230525,300
5100,20230526,230
5101,20230530,195
5102,20230531,330
5103,20230601,239
5104,20230602,245
5105,20230605,169
5106,20230607,259
5107,20230608,200
5108,20230609,439
5109,20230612,435
5110,20230613,210
5111,20230614,275
5112,20230615,359
5113,20230616,224
5114,20230619,229
5115,20230620,185
5116,20230621,275
5117,20230622,284
5118,20230623,369
5119,20230626,294
5120,20230627,184
5121,20230628,369
5122,20230629,314
5123,20230630,429
5124,20230703,429
5125,20230704,189
5126,20230705,399
5127,20230706,289
5128,20230707,394
5129,20230710,319
5130,20230711,404
5131,20230712,319
5132,20230713,159
5133,20230714,405
5134,20230717,230
5135,20230718,390
5136,20230719,359
5137,20230720,284
5138,20230721,489
5139,20230724,509
5140,20230725,315
5141,20230726,554
5142,20230727,419
5143,20230728,310
5144,20230731,235
5145,20230801,495
5146,20230802,620
5147,20230803,475
5148,20230804,210
5149,20230807,380
5150,20230808,520
5151,20230809,400
5152,20230810,135
5153,20230811,395
5154,20230814,415
5155,20230816,305
5156,20230817,430
5157,20230818,435
5158,20230821,275
5159,20230822,355
5160,20230823,230
5161,20230824,165
5162,20230825,250
5163,20230828,180
5164,20230829,165
5165,20230830,265
5166,20230831,245
5167,20230901,495
5168,20230904,275
5169,20230905,185
5170,20230906,310
5171,20230907,255
5172,20230908,260
5173,20230911,220
5174,20230912,340
5175,20230913,265
5176,20230914,395
5177,20230915,555
5178,20230918,315
5179,20230919,380
5180,20230920,200
5181,20230921,465
5182,20230922,360
5183,20230925,240
5184,20230926,480
5185,20230927,280
5186,20231004,490
5187,20231005,260
5188,20231006,220
5189,20231010,535
5190,20231011,335
5191,20231012,210
5192,20231013,195
5193,20231016,435
5194,20231017,315
5195,20231018,265
5196,20231019,265
5197,20231020,385
5198,20231023,270
5199,20231024,660
5200,20231025,290
5201,20231026,210
