날짜,종가,시가,고가,저가,변동 %
2023-10-25,1349.71 ,1344.13 ,1350.74 ,1344.04 ,0.00 
2023-10-24,1343.88 ,1343.69 ,1347.76 ,1340.23 ,0.00 
2023-10-23,1342.12 ,1350.34 ,1355.31 ,1342.70 ,-0.01 
2023-10-20,1349.08 ,1357.11 ,1359.78 ,1349.18 ,-0.01 
2023-10-19,1356.02 ,1355.48 ,1360.86 ,1352.65 ,0.00 
2023-10-18,1353.86 ,1353.55 ,1358.31 ,1347.54 ,0.00 
2023-10-17,1352.98 ,1348.25 ,1357.92 ,1347.13 ,0.00 
2023-10-16,1347.91 ,1353.08 ,1356.62 ,1347.69 ,0.00 
2023-10-13,1352.21 ,1349.40 ,1353.95 ,1347.19 ,0.00 
2023-10-12,1348.96 ,1339.54 ,1351.63 ,1335.28 ,0.01 
2023-10-11,1338.42 ,1342.62 ,1343.91 ,1337.07 ,0.00 
2023-10-10,1341.33 ,1347.67 ,1352.16 ,1341.92 ,0.00 
2023-10-09,1346.51 ,1344.51 ,1354.99 ,1344.17 ,0.00 
2023-10-06,1344.61 ,1346.34 ,1357.10 ,1342.78 ,0.00 
2023-10-05,1345.72 ,1352.55 ,1354.43 ,1344.94 ,0.00 
2023-10-04,1351.62 ,1362.05 ,1364.12 ,1350.01 ,-0.01 
2023-10-03,1361.08 ,1357.14 ,1363.75 ,1354.97 ,0.00 
2023-10-02,1355.84 ,1352.65 ,1359.72 ,1349.20 ,0.00 
2023-09-29,1352.31 ,1350.56 ,1353.68 ,1341.73 ,0.00 
2023-09-28,1349.56 ,1355.47 ,1357.75 ,1347.39 ,0.00 
2023-09-27,1354.54 ,1354.10 ,1360.16 ,1347.32 ,0.00 
2023-09-26,1352.93 ,1339.69 ,1354.97 ,1337.31 ,0.01 
2023-09-25,1338.01 ,1335.56 ,1341.47 ,1330.14 ,0.00 
2023-09-22,1334.03 ,1339.57 ,1341.81 ,1330.74 ,0.00 
2023-09-21,1339.00 ,1333.44 ,1344.65 ,1331.67 ,0.00 
2023-09-20,1332.92 ,1328.99 ,1335.94 ,1323.63 ,0.00 
2023-09-19,1328.62 ,1324.05 ,1329.47 ,1319.43 ,0.00 
2023-09-18,1323.57 ,1329.42 ,1330.06 ,1322.69 ,0.00 
2023-09-15,1328.46 ,1330.02 ,1330.83 ,1324.49 ,0.00 
2023-09-14,1329.52 ,1328.20 ,1331.11 ,1323.11 ,0.00 
2023-09-13,1326.59 ,1326.72 ,1332.05 ,1323.66 ,0.00 
2023-09-12,1326.15 ,1326.05 ,1329.44 ,1323.05 ,0.00 
2023-09-11,1325.49 ,1336.34 ,1336.44 ,1325.18 ,-0.01 
2023-09-08,1334.96 ,1334.78 ,1337.75 ,1331.49 ,0.00 
2023-09-07,1333.45 ,1334.53 ,1339.07 ,1330.48 ,0.00 
2023-09-06,1333.58 ,1329.95 ,1337.99 ,1328.42 ,0.00 
2023-09-05,1329.05 ,1318.41 ,1335.68 ,1316.81 ,0.01 
2023-09-04,1317.21 ,1318.45 ,1322.00 ,1315.59 ,0.00 
2023-09-01,1317.55 ,1325.46 ,1326.37 ,1311.88 ,-0.01 
2023-08-31,1325.14 ,1323.79 ,1326.86 ,1320.00 ,0.00 
2023-08-30,1323.49 ,1318.60 ,1326.22 ,1318.53 ,0.00 
2023-08-29,1318.06 ,1324.21 ,1329.14 ,1318.13 ,0.00 
2023-08-28,1323.81 ,1324.57 ,1327.77 ,1319.10 ,0.00 
2023-08-25,1323.53 ,1328.34 ,1330.61 ,1319.82 ,0.00 
2023-08-24,1327.35 ,1327.92 ,1330.24 ,1317.88 ,0.00 
2023-08-23,1326.42 ,1340.81 ,1342.31 ,1326.69 ,-0.01 
2023-08-22,1339.81 ,1340.04 ,1342.58 ,1334.09 ,0.00 
2023-08-21,1339.15 ,1340.17 ,1344.83 ,1338.05 ,0.00 
2023-08-18,1339.17 ,1339.76 ,1344.81 ,1332.44 ,0.00 
2023-08-17,1339.27 ,1341.94 ,1344.35 ,1334.99 ,0.00 
2023-08-16,1341.22 ,1336.87 ,1345.77 ,1334.01 ,0.00 
2023-08-15,1336.42 ,1337.94 ,1340.47 ,1332.55 ,0.00 
2023-08-14,1336.80 ,1330.60 ,1339.72 ,1327.69 ,0.00 
2023-08-11,1330.30 ,1318.14 ,1333.92 ,1316.17 ,0.01 
2023-08-10,1316.90 ,1313.10 ,1319.91 ,1308.18 ,0.00 
2023-08-09,1313.08 ,1317.02 ,1322.29 ,1309.70 ,0.00 
2023-08-08,1316.72 ,1307.93 ,1322.69 ,1305.20 ,0.01 
2023-08-07,1307.30 ,1304.29 ,1309.06 ,1298.80 ,0.00 
2023-08-04,1304.08 ,1299.93 ,1312.38 ,1296.82 ,0.00 
2023-08-03,1299.01 ,1299.47 ,1304.23 ,1294.55 ,0.00 
2023-08-02,1298.93 ,1289.40 ,1303.09 ,1286.94 ,0.01 
2023-08-01,1289.00 ,1278.28 ,1291.10 ,1274.88 ,0.01 
2023-07-31,1277.86 ,1273.33 ,1279.42 ,1269.82 ,0.00 
2023-07-28,1272.83 ,1284.17 ,1284.89 ,1273.28 ,-0.01 
2023-07-27,1283.78 ,1271.42 ,1284.94 ,1266.98 ,0.01 
2023-07-26,1270.80 ,1276.58 ,1282.78 ,1268.14 ,0.00 
2023-07-25,1276.18 ,1280.88 ,1285.61 ,1273.79 ,0.00 
2023-07-24,1280.45 ,1286.65 ,1288.98 ,1277.03 ,0.00 
2023-07-21,1286.19 ,1277.13 ,1290.69 ,1275.92 ,0.01 
2023-07-20,1276.53 ,1267.94 ,1280.30 ,1261.56 ,0.01 
2023-07-19,1266.94 ,1265.31 ,1269.46 ,1261.67 ,0.00 
2023-07-18,1264.95 ,1263.72 ,1267.55 ,1256.71 ,0.00 
2023-07-17,1263.17 ,1269.32 ,1271.08 ,1263.31 ,0.00 
2023-07-14,1268.31 ,1267.16 ,1271.49 ,1259.82 ,0.00 
2023-07-13,1266.73 ,1274.80 ,1280.03 ,1265.92 ,-0.01 
2023-07-12,1274.49 ,1291.87 ,1296.08 ,1273.70 ,-0.01 
2023-07-11,1291.47 ,1299.80 ,1302.00 ,1289.94 ,-0.01 
2023-07-10,1299.40 ,1299.10 ,1307.90 ,1298.25 ,0.00 
2023-07-07,1297.90 ,1309.46 ,1310.59 ,1295.96 ,-0.01 
2023-07-06,1309.11 ,1304.00 ,1314.69 ,1299.98 ,0.00 
2023-07-05,1303.59 ,1294.81 ,1306.51 ,1294.41 ,0.01 
2023-07-04,1294.35 ,1304.66 ,1308.34 ,1293.04 ,-0.01 
2023-07-03,1304.20 ,1316.97 ,1317.31 ,1302.69 ,-0.01 
2023-06-30,1315.11 ,1323.18 ,1324.54 ,1314.57 ,-0.01 
2023-06-29,1322.21 ,1309.31 ,1323.57 ,1305.18 ,0.01 
2023-06-28,1308.90 ,1299.48 ,1313.46 ,1297.30 ,0.01 
2023-06-27,1299.18 ,1305.42 ,1308.35 ,1295.35 ,0.00 
2023-06-26,1304.98 ,1308.74 ,1309.57 ,1300.82 ,0.00 
2023-06-23,1308.41 ,1298.59 ,1311.37 ,1296.25 ,0.01 
2023-06-22,1298.18 ,1288.74 ,1303.21 ,1286.10 ,0.01 
2023-06-21,1288.33 ,1288.74 ,1296.95 ,1285.94 ,0.00 
2023-06-20,1288.23 ,1283.26 ,1290.36 ,1277.99 ,0.00 
2023-06-19,1282.26 ,1277.24 ,1284.54 ,1276.40 ,0.00 
2023-06-16,1276.15 ,1270.40 ,1280.96 ,1268.08 ,0.00 
2023-06-15,1270.00 ,1274.39 ,1286.48 ,1269.80 ,0.00 
2023-06-14,1274.01 ,1268.02 ,1280.42 ,1265.75 ,0.01 
2023-06-13,1267.70 ,1284.86 ,1285.88 ,1267.07 ,-0.01 
2023-06-12,1284.54 ,1287.69 ,1294.65 ,1282.80 ,0.00 
2023-06-09,1287.32 ,1296.59 ,1298.65 ,1286.58 ,-0.01 
2023-06-08,1295.47 ,1308.66 ,1309.30 ,1296.15 ,-0.01 
2023-06-07,1308.26 ,1299.61 ,1309.44 ,1296.23 ,0.01 
2023-06-06,1299.19 ,1301.08 ,1304.31 ,1295.74 ,0.00 
2023-06-05,1300.78 ,1306.06 ,1311.02 ,1300.57 ,0.00 
2023-06-02,1305.92 ,1313.18 ,1314.48 ,1298.61 ,-0.01 
2023-06-01,1312.64 ,1322.33 ,1325.07 ,1312.41 ,-0.01 
2023-05-31,1320.56 ,1320.16 ,1328.75 ,1315.56 ,0.00 
2023-05-30,1319.76 ,1324.96 ,1327.01 ,1316.90 ,0.00 
2023-05-29,1324.07 ,1323.43 ,1326.76 ,1320.98 ,0.00 
2023-05-26,1322.66 ,1331.20 ,1331.93 ,1322.72 ,-0.01 
2023-05-25,1331.19 ,1318.77 ,1332.06 ,1316.49 ,0.01 
2023-05-24,1318.43 ,1320.26 ,1322.18 ,1314.28 ,0.00 
2023-05-23,1319.21 ,1314.17 ,1322.53 ,1307.65 ,0.00 
2023-05-22,1313.75 ,1325.21 ,1326.34 ,1313.06 ,-0.01 
2023-05-19,1325.20 ,1333.99 ,1335.94 ,1323.30 ,-0.01 
2023-05-18,1334.43 ,1334.71 ,1338.79 ,1329.16 ,0.00 
2023-05-17,1334.23 ,1342.78 ,1343.91 ,1332.44 ,-0.01 
2023-05-16,1342.35 ,1335.79 ,1343.63 ,1332.91 ,0.01 
2023-05-15,1335.36 ,1342.48 ,1342.85 ,1333.86 ,-0.01 
2023-05-12,1342.41 ,1331.14 ,1343.35 ,1329.04 ,0.01 
2023-05-11,1330.83 ,1318.21 ,1334.74 ,1315.58 ,0.01 
2023-05-10,1317.76 ,1326.33 ,1327.13 ,1316.50 ,-0.01 
2023-05-09,1325.92 ,1322.71 ,1327.36 ,1319.61 ,0.00 
2023-05-08,1321.49 ,1317.96 ,1326.23 ,1317.94 ,0.00 
2023-05-05,1317.47 ,1323.27 ,1323.74 ,1315.11 ,0.00 
2023-05-04,1322.95 ,1335.41 ,1335.99 ,1320.29 ,-0.01 
2023-05-03,1334.44 ,1342.64 ,1343.21 ,1329.31 ,-0.01 
2023-05-02,1342.21 ,1343.07 ,1344.08 ,1337.36 ,0.00 
2023-05-01,1342.18 ,1338.17 ,1343.95 ,1336.43 ,0.00 
2023-04-28,1337.78 ,1339.57 ,1342.19 ,1336.21 ,0.00 
2023-04-27,1339.17 ,1338.44 ,1346.63 ,1336.69 ,0.00 
2023-04-26,1338.01 ,1341.31 ,1341.95 ,1334.47 ,0.00 
2023-04-25,1340.89 ,1332.94 ,1344.19 ,1328.19 ,0.01 
2023-04-24,1332.51 ,1330.38 ,1337.64 ,1328.48 ,0.00 
2023-04-21,1329.36 ,1324.04 ,1333.07 ,1321.24 ,0.00 
2023-04-20,1323.61 ,1330.14 ,1332.97 ,1318.97 ,0.00 
2023-04-19,1329.71 ,1319.55 ,1336.54 ,1313.69 ,0.01 
2023-04-18,1319.13 ,1319.51 ,1321.44 ,1315.72 ,0.00 
2023-04-17,1319.11 ,1304.38 ,1322.67 ,1303.70 ,0.01 
2023-04-14,1304.00 ,1301.94 ,1307.83 ,1294.29 ,0.00 
2023-04-13,1301.14 ,1323.07 ,1327.66 ,1299.31 ,-0.02 
2023-04-12,1322.63 ,1322.45 ,1328.49 ,1319.39 ,0.00 
2023-04-11,1322.03 ,1320.99 ,1324.81 ,1316.26 ,0.00 
2023-04-10,1320.62 ,1316.39 ,1324.02 ,1315.30 ,0.00 
2023-04-07,1316.30 ,1318.99 ,1320.22 ,1314.53 ,0.00 
2023-04-06,1318.50 ,1317.36 ,1322.65 ,1314.65 ,0.00 
2023-04-05,1317.05 ,1310.54 ,1318.41 ,1308.71 ,0.01 
2023-04-04,1310.08 ,1308.76 ,1317.58 ,1304.58 ,0.00 
2023-04-03,1308.58 ,1306.47 ,1320.92 ,1305.70 ,0.00 
2023-03-31,1306.11 ,1296.97 ,1308.53 ,1288.35 ,0.01 
2023-03-30,1296.55 ,1307.13 ,1308.17 ,1296.24 ,-0.01 
2023-03-29,1305.30 ,1297.46 ,1308.45 ,1294.95 ,0.01 
2023-03-28,1297.04 ,1298.35 ,1301.38 ,1293.24 ,0.00 
2023-03-27,1297.92 ,1295.24 ,1303.91 ,1294.14 ,0.00 
2023-03-24,1294.66 ,1286.67 ,1307.96 ,1283.16 ,0.01 
2023-03-23,1286.23 ,1297.58 ,1300.30 ,1275.81 ,-0.01 
2023-03-22,1297.85 ,1303.82 ,1310.36 ,1288.56 ,0.00 
2023-03-21,1303.42 ,1303.87 ,1311.59 ,1301.99 ,0.00 
2023-03-20,1304.36 ,1309.10 ,1314.03 ,1299.35 ,0.00 
2023-03-17,1308.37 ,1301.84 ,1309.71 ,1298.24 ,0.01 
2023-03-16,1300.85 ,1313.38 ,1317.07 ,1301.30 ,-0.01 
2023-03-15,1313.04 ,1304.94 ,1323.29 ,1295.90 ,0.01 
2023-03-14,1304.55 ,1296.94 ,1314.24 ,1296.23 ,0.01 
2023-03-13,1296.58 ,1319.10 ,1320.64 ,1296.14 ,-0.02 
2023-03-10,1320.24 ,1325.82 ,1329.78 ,1309.77 ,0.00 
2023-03-09,1325.51 ,1316.77 ,1327.76 ,1314.76 ,0.01 
2023-03-08,1316.38 ,1318.31 ,1324.56 ,1312.56 ,0.00 
2023-03-07,1318.29 ,1297.85 ,1320.19 ,1296.60 ,0.02 
2023-03-06,1296.86 ,1294.10 ,1301.71 ,1293.28 ,0.00 
2023-03-03,1295.73 ,1311.39 ,1312.18 ,1294.13 ,-0.01 
2023-03-02,1310.97 ,1305.83 ,1317.68 ,1303.84 ,0.00 
2023-03-01,1305.41 ,1323.44 ,1324.52 ,1298.59 ,-0.01 
2023-02-28,1323.02 ,1318.40 ,1327.21 ,1314.42 ,0.00 
2023-02-27,1317.40 ,1314.55 ,1325.79 ,1311.97 ,0.00 
2023-02-24,1314.45 ,1298.03 ,1318.57 ,1296.29 ,0.01 
2023-02-23,1297.89 ,1303.05 ,1306.55 ,1293.32 ,0.00 
2023-02-22,1302.65 ,1306.16 ,1307.57 ,1298.52 ,0.00 
2023-02-21,1305.75 ,1296.42 ,1310.20 ,1293.26 ,0.01 
2023-02-20,1296.04 ,1297.55 ,1299.74 ,1292.94 ,0.00 
2023-02-17,1295.87 ,1289.94 ,1303.93 ,1289.52 ,0.00 
2023-02-16,1289.51 ,1283.97 ,1295.56 ,1278.79 ,0.00 
2023-02-15,1283.54 ,1272.59 ,1289.01 ,1272.04 ,0.01 
2023-02-14,1272.53 ,1273.31 ,1275.33 ,1261.58 ,0.00 
2023-02-13,1272.89 ,1266.25 ,1280.43 ,1266.25 ,0.00 
2023-02-10,1267.45 ,1264.87 ,1269.71 ,1259.44 ,0.00 
2023-02-09,1264.44 ,1260.87 ,1266.51 ,1254.76 ,0.00 
2023-02-08,1260.46 ,1255.81 ,1262.96 ,1251.40 ,0.00 
2023-02-07,1255.68 ,1261.47 ,1264.61 ,1252.26 ,0.00 
2023-02-06,1260.25 ,1247.35 ,1263.96 ,1243.92 ,0.01 
2023-02-03,1247.46 ,1225.19 ,1250.36 ,1224.08 ,0.02 
2023-02-02,1224.78 ,1222.26 ,1226.37 ,1215.83 ,0.00 
2023-02-01,1222.28 ,1233.72 ,1234.22 ,1220.35 ,-0.01 
2023-01-31,1233.30 ,1231.88 ,1239.12 ,1227.83 ,0.00 
2023-01-30,1231.46 ,1230.20 ,1232.61 ,1226.31 ,0.00 
2023-01-27,1229.62 ,1232.26 ,1236.55 ,1227.22 ,0.00 
2023-01-26,1231.84 ,1232.97 ,1235.69 ,1229.21 ,0.00 
2023-01-25,1232.57 ,1232.98 ,1237.88 ,1230.28 ,0.00 
2023-01-24,1232.57 ,1230.38 ,1237.99 ,1228.90 ,0.00 
2023-01-23,1229.97 ,1230.35 ,1233.78 ,1224.96 ,0.00 
2023-01-20,1228.86 ,1232.63 ,1238.44 ,1229.53 ,0.00 
2023-01-19,1232.21 ,1238.11 ,1242.45 ,1231.53 ,0.00 
2023-01-18,1237.69 ,1237.36 ,1247.12 ,1225.56 ,0.00 
2023-01-17,1237.34 ,1241.98 ,1242.59 ,1235.77 ,0.00 
2023-01-16,1241.61 ,1237.10 ,1242.73 ,1231.51 ,0.00 
2023-01-13,1237.26 ,1239.51 ,1246.42 ,1233.79 ,0.00 
2023-01-12,1239.12 ,1242.41 ,1247.73 ,1234.95 ,0.00 
2023-01-11,1242.50 ,1241.22 ,1250.48 ,1238.10 ,0.00 
2023-01-10,1240.80 ,1239.69 ,1248.82 ,1235.71 ,0.00 
2023-01-09,1239.28 ,1254.50 ,1254.70 ,1234.54 ,-0.01 
2023-01-06,1253.50 ,1274.58 ,1275.33 ,1251.84 ,-0.02 
2023-01-05,1274.26 ,1271.39 ,1279.14 ,1267.05 ,0.00 
2023-01-04,1270.98 ,1279.59 ,1280.77 ,1269.04 ,-0.01 
2023-01-03,1279.10 ,1269.93 ,1281.23 ,1264.35 ,0.01 
2023-01-02,1269.03 ,1261.95 ,1274.86 ,1260.65 ,0.01 
2022-12-30,1260.92 ,1261.24 ,1265.34 ,1253.26 ,0.00 
2022-12-29,1260.85 ,1274.71 ,1275.32 ,1259.19 ,-0.01 
2022-12-28,1274.37 ,1272.25 ,1276.66 ,1265.57 ,0.00 
2022-12-27,1271.79 ,1274.91 ,1275.63 ,1264.85 ,0.00 
2022-12-26,1273.91 ,1279.80 ,1282.20 ,1273.89 ,0.00 
2022-12-23,1279.55 ,1291.94 ,1292.57 ,1278.05 ,-0.01 
2022-12-22,1291.64 ,1280.37 ,1292.51 ,1272.36 ,0.01 
2022-12-21,1279.21 ,1284.06 ,1289.91 ,1279.91 ,0.00 
2022-12-20,1283.71 ,1301.65 ,1305.45 ,1281.52 ,-0.01 
2022-12-19,1301.29 ,1311.55 ,1311.58 ,1296.85 ,-0.01 
2022-12-16,1309.47 ,1319.51 ,1320.05 ,1304.73 ,-0.01 
2022-12-15,1318.51 ,1295.91 ,1320.61 ,1293.61 ,0.02 
2022-12-14,1295.42 ,1289.57 ,1302.55 ,1288.77 ,0.00 
2022-12-13,1289.13 ,1307.07 ,1309.66 ,1288.79 ,-0.01 
2022-12-12,1306.08 ,1303.95 ,1314.15 ,1303.26 ,0.00 
2022-12-09,1303.87 ,1316.82 ,1318.23 ,1298.73 ,-0.01 
2022-12-08,1315.83 ,1314.77 ,1323.95 ,1314.48 ,0.00 
2022-12-07,1314.38 ,1320.13 ,1326.55 ,1312.56 ,0.00 
2022-12-06,1319.79 ,1305.73 ,1323.12 ,1301.45 ,0.01 
2022-12-05,1305.49 ,1299.17 ,1307.05 ,1289.40 ,0.01 
2022-12-02,1297.89 ,1304.56 ,1308.34 ,1295.47 ,0.00 
2022-12-01,1304.23 ,1301.72 ,1308.23 ,1295.15 ,0.00 
2022-11-30,1301.65 ,1325.67 ,1330.01 ,1300.60 ,-0.02 
2022-11-29,1325.36 ,1341.53 ,1342.89 ,1322.84 ,-0.01 
2022-11-28,1339.75 ,1335.95 ,1342.87 ,1332.43 ,0.00 
2022-11-25,1334.48 ,1328.03 ,1336.78 ,1319.27 ,0.01 
2022-11-24,1326.69 ,1337.09 ,1340.75 ,1324.12 ,-0.01 
2022-11-23,1336.85 ,1353.01 ,1355.86 ,1335.96 ,-0.01 
2022-11-22,1352.65 ,1359.61 ,1362.97 ,1351.01 ,0.00 
2022-11-21,1359.30 ,1341.55 ,1362.64 ,1341.44 ,0.01 
2022-11-18,1339.71 ,1342.99 ,1344.94 ,1335.85 ,0.00 
2022-11-17,1342.65 ,1337.00 ,1352.56 ,1330.45 ,0.00 
2022-11-16,1336.65 ,1316.56 ,1339.09 ,1315.17 ,0.02 
2022-11-15,1316.21 ,1324.27 ,1327.51 ,1308.13 ,-0.01 
2022-11-14,1323.87 ,1319.50 ,1332.06 ,1309.20 ,0.01 
2022-11-11,1313.69 ,1350.14 ,1350.69 ,1313.20 ,-0.03 
2022-11-10,1349.82 ,1371.30 ,1383.94 ,1349.41 ,-0.02 
2022-11-09,1371.13 ,1375.04 ,1380.48 ,1357.22 ,0.00 
2022-11-08,1375.03 ,1393.43 ,1395.30 ,1370.43 ,-0.01 
2022-11-07,1392.44 ,1411.80 ,1413.26 ,1390.20 ,-0.01 
2022-11-04,1403.29 ,1424.06 ,1429.45 ,1401.05 ,-0.01 
2022-11-03,1423.70 ,1424.95 ,1428.78 ,1417.83 ,0.01 
2022-11-02,1412.45 ,1417.08 ,1421.40 ,1409.67 ,0.00 
2022-11-01,1416.73 ,1427.03 ,1429.59 ,1411.77 ,-0.01 
2022-10-31,1425.83 ,1422.05 ,1429.69 ,1418.31 ,0.00 
2022-10-28,1421.66 ,1421.67 ,1428.10 ,1414.22 ,0.00 
2022-10-27,1421.23 ,1412.85 ,1425.51 ,1411.95 ,0.01 
2022-10-26,1412.52 ,1427.26 ,1432.60 ,1410.44 ,-0.01 
2022-10-25,1426.92 ,1444.94 ,1445.36 ,1424.58 ,-0.01 
2022-10-24,1444.63 ,1431.05 ,1446.62 ,1428.58 ,0.01 
2022-10-21,1428.32 ,1430.58 ,1444.59 ,1428.51 ,0.00 
2022-10-20,1430.20 ,1435.17 ,1436.85 ,1422.35 ,0.00 
2022-10-19,1434.88 ,1425.33 ,1437.07 ,1413.44 ,0.01 
2022-10-18,1425.02 ,1431.69 ,1432.51 ,1418.36 ,0.00 
2022-10-17,1430.71 ,1442.45 ,1442.70 ,1429.24 ,-0.01 
2022-10-14,1440.44 ,1430.60 ,1442.39 ,1424.85 ,0.01 
2022-10-13,1430.69 ,1424.90 ,1444.09 ,1423.47 ,0.00 
2022-10-12,1424.49 ,1431.81 ,1436.55 ,1422.37 ,0.00 
2022-10-11,1431.42 ,1428.97 ,1438.69 ,1427.03 ,0.00 
2022-10-10,1427.61 ,1421.95 ,1430.77 ,1421.95 ,0.00 
2022-10-07,1424.94 ,1408.62 ,1425.56 ,1402.00 ,0.01 
2022-10-06,1408.31 ,1417.05 ,1417.62 ,1397.24 ,-0.01 
2022-10-05,1415.63 ,1416.34 ,1424.23 ,1410.05 ,0.00 
2022-10-04,1415.53 ,1432.57 ,1436.61 ,1416.11 ,-0.01 
2022-10-03,1433.45 ,1440.23 ,1445.78 ,1433.78 ,0.00 
2022-09-30,1439.96 ,1430.42 ,1442.33 ,1427.97 ,0.01 
2022-09-29,1429.99 ,1424.20 ,1442.17 ,1422.56 ,0.00 
2022-09-28,1424.48 ,1426.67 ,1445.64 ,1424.80 ,0.00 
2022-09-27,1426.32 ,1430.61 ,1432.10 ,1419.02 ,0.00 
2022-09-26,1430.19 ,1421.30 ,1435.20 ,1419.35 ,0.01 
2022-09-23,1421.34 ,1407.07 ,1423.80 ,1404.04 ,0.01 
2022-09-22,1404.23 ,1397.72 ,1414.85 ,1396.35 ,0.00 
2022-09-21,1397.71 ,1392.91 ,1398.85 ,1388.40 ,0.00 
2022-09-20,1392.50 ,1390.33 ,1395.27 ,1387.26 ,0.00 
2022-09-19,1390.08 ,1385.95 ,1396.46 ,1384.00 ,0.00 
2022-09-16,1384.77 ,1397.70 ,1399.31 ,1383.20 ,-0.01 
2022-09-15,1398.41 ,1391.44 ,1400.38 ,1389.99 ,0.01 
2022-09-14,1391.01 ,1392.37 ,1396.25 ,1388.88 ,0.00 
2022-09-13,1394.68 ,1375.25 ,1395.26 ,1371.40 ,0.01 
2022-09-12,1374.63 ,1380.06 ,1384.24 ,1373.04 ,0.00 
2022-09-09,1379.77 ,1384.88 ,1385.60 ,1374.16 ,0.00 
2022-09-08,1384.55 ,1375.39 ,1387.74 ,1374.41 ,0.01 
2022-09-07,1377.11 ,1378.52 ,1391.28 ,1377.12 ,0.00 
2022-09-06,1377.07 ,1370.53 ,1381.10 ,1364.35 ,0.01 
2022-09-05,1369.39 ,1363.68 ,1374.99 ,1361.31 ,0.01 
2022-09-02,1361.15 ,1356.79 ,1364.85 ,1352.23 ,0.00 
2022-09-01,1355.82 ,1341.76 ,1359.49 ,1341.10 ,0.01 
2022-08-31,1341.19 ,1350.55 ,1352.58 ,1337.60 ,-0.01 
2022-08-30,1349.77 ,1345.98 ,1353.54 ,1344.46 ,0.00 
2022-08-29,1345.62 ,1342.18 ,1352.30 ,1342.03 ,0.00 
2022-08-26,1341.81 ,1334.96 ,1342.83 ,1328.26 ,0.01 
2022-08-25,1334.32 ,1340.96 ,1342.42 ,1333.36 ,0.00 
2022-08-24,1340.60 ,1339.54 ,1344.81 ,1337.75 ,0.00 
2022-08-23,1339.17 ,1343.73 ,1347.01 ,1334.64 ,0.00 
2022-08-22,1343.43 ,1335.78 ,1346.82 ,1334.29 ,0.01 
2022-08-19,1335.61 ,1327.23 ,1338.42 ,1324.15 ,0.01 
2022-08-18,1326.84 ,1315.25 ,1329.42 ,1312.55 ,0.01 
2022-08-17,1314.88 ,1311.40 ,1317.88 ,1308.20 ,0.00 
2022-08-16,1311.04 ,1313.55 ,1314.21 ,1307.77 ,0.00 
2022-08-15,1310.52 ,1302.34 ,1312.60 ,1302.16 ,0.01 
2022-08-12,1301.31 ,1307.05 ,1307.62 ,1299.34 ,0.00 
2022-08-11,1305.14 ,1297.54 ,1305.68 ,1296.48 ,0.01 
2022-08-10,1297.33 ,1307.52 ,1312.06 ,1297.49 ,-0.01 
2022-08-09,1306.14 ,1300.11 ,1308.74 ,1299.39 ,0.01 
2022-08-08,1299.10 ,1303.70 ,1307.48 ,1298.70 ,0.00 
2022-08-05,1302.24 ,1302.81 ,1305.85 ,1294.54 ,0.00 
2022-08-04,1302.41 ,1308.23 ,1312.49 ,1301.85 ,0.00 
2022-08-03,1307.82 ,1315.30 ,1315.98 ,1306.40 ,0.00 
2022-08-02,1311.82 ,1307.74 ,1313.33 ,1304.20 ,0.00 
2022-08-01,1307.33 ,1303.29 ,1309.99 ,1301.09 ,0.00 
2022-07-29,1302.97 ,1296.07 ,1309.40 ,1295.55 ,0.01 
2022-07-28,1295.47 ,1306.37 ,1309.68 ,1296.07 ,-0.01 
2022-07-27,1306.08 ,1311.03 ,1316.68 ,1305.74 ,0.00 
2022-07-26,1310.10 ,1311.47 ,1313.60 ,1306.75 ,0.00 
2022-07-25,1311.12 ,1310.60 ,1313.97 ,1307.33 ,0.00 
2022-07-22,1310.01 ,1306.66 ,1316.22 ,1306.22 ,0.00 
2022-07-21,1306.16 ,1313.70 ,1316.88 ,1306.55 ,-0.01 
2022-07-20,1313.10 ,1304.38 ,1314.22 ,1302.35 ,0.01 
2022-07-19,1305.12 ,1319.20 ,1319.99 ,1305.38 ,-0.01 
2022-07-18,1318.30 ,1319.15 ,1322.13 ,1312.97 ,0.00 
2022-07-15,1317.74 ,1317.57 ,1329.58 ,1316.60 ,0.00 
2022-07-14,1316.41 ,1305.10 ,1327.31 ,1303.55 ,0.01 
2022-07-13,1304.73 ,1306.45 ,1310.83 ,1301.75 ,0.00 
2022-07-12,1305.21 ,1311.16 ,1316.73 ,1305.01 ,0.00 
2022-07-11,1310.81 ,1294.79 ,1314.39 ,1294.62 ,0.01 
2022-07-08,1294.68 ,1297.97 ,1303.68 ,1292.29 ,0.00 
2022-07-07,1297.62 ,1305.14 ,1308.74 ,1295.90 ,-0.01 
2022-07-06,1304.79 ,1309.09 ,1311.02 ,1302.81 ,0.00 
2022-07-05,1308.95 ,1296.06 ,1315.57 ,1293.68 ,0.01 
2022-07-04,1295.87 ,1298.92 ,1300.16 ,1292.05 ,0.00 
2022-07-01,1298.67 ,1288.05 ,1302.81 ,1287.80 ,0.01 
2022-06-30,1287.51 ,1301.96 ,1304.24 ,1287.35 ,-0.01 
2022-06-29,1301.90 ,1292.43 ,1302.80 ,1289.34 ,0.01 
2022-06-28,1292.06 ,1286.63 ,1293.00 ,1281.46 ,0.00 
2022-06-27,1286.31 ,1289.29 ,1293.35 ,1280.58 ,0.00 
2022-06-24,1288.89 ,1300.14 ,1302.32 ,1288.11 ,-0.01 
2022-06-23,1299.81 ,1297.69 ,1307.92 ,1296.32 ,0.00 
2022-06-22,1297.58 ,1292.08 ,1305.26 ,1290.69 ,0.00 
2022-06-21,1291.72 ,1292.55 ,1294.29 ,1287.34 ,0.00 
2022-06-20,1291.54 ,1291.50 ,1296.26 ,1287.91 ,0.00 
2022-06-17,1291.26 ,1288.57 ,1296.67 ,1282.29 ,0.00 
2022-06-16,1288.23 ,1278.38 ,1296.59 ,1277.06 ,0.01 
2022-06-15,1277.90 ,1289.92 ,1293.72 ,1278.02 ,-0.01 
2022-06-14,1289.57 ,1291.88 ,1292.65 ,1285.25 ,0.00 
2022-06-13,1291.68 ,1279.43 ,1294.37 ,1278.88 ,0.01 
2022-06-10,1279.32 ,1264.38 ,1283.85 ,1263.14 ,0.01 
2022-06-09,1264.04 ,1257.22 ,1267.19 ,1253.34 ,0.01 
2022-06-08,1256.81 ,1254.85 ,1258.92 ,1253.17 ,0.00 
2022-06-07,1254.36 ,1254.80 ,1260.15 ,1253.06 ,0.00 
2022-06-06,1254.45 ,1251.86 ,1255.70 ,1248.23 ,0.00 
2022-06-03,1250.58 ,1241.14 ,1252.23 ,1238.47 ,0.01 
2022-06-02,1240.32 ,1247.23 ,1255.04 ,1240.67 ,-0.01 
2022-06-01,1246.89 ,1242.48 ,1248.58 ,1240.29 ,0.00 
2022-05-31,1242.26 ,1235.60 ,1243.89 ,1234.72 ,0.01 
2022-05-30,1234.85 ,1251.10 ,1253.58 ,1234.55 ,-0.01 
2022-05-27,1251.99 ,1260.29 ,1262.13 ,1248.85 ,-0.01 
2022-05-26,1260.02 ,1266.55 ,1269.73 ,1259.34 ,-0.01 
2022-05-25,1266.41 ,1261.14 ,1271.95 ,1260.06 ,0.00 
2022-05-24,1261.03 ,1258.87 ,1266.72 ,1258.21 ,0.00 
2022-05-23,1257.88 ,1270.41 ,1272.97 ,1258.36 ,-0.01 
2022-05-20,1273.59 ,1263.99 ,1277.18 ,1263.05 ,0.01 
2022-05-19,1262.61 ,1276.00 ,1280.63 ,1261.35 ,-0.01 
2022-05-18,1275.33 ,1266.80 ,1276.98 ,1263.93 ,0.01 
2022-05-17,1266.50 ,1280.64 ,1281.44 ,1264.02 ,-0.01 
2022-05-16,1280.38 ,1278.56 ,1286.56 ,1276.16 ,0.00 
2022-05-13,1278.45 ,1290.87 ,1291.74 ,1278.22 ,-0.01 
2022-05-12,1290.72 ,1279.14 ,1293.14 ,1278.47 ,0.01 
2022-05-11,1279.03 ,1276.63 ,1280.55 ,1272.35 ,0.00 
2022-05-10,1276.48 ,1275.01 ,1278.94 ,1271.37 ,0.00 
2022-05-09,1274.28 ,1270.41 ,1278.35 ,1270.29 ,0.00 
2022-05-06,1269.99 ,1269.56 ,1276.46 ,1266.98 ,0.00 
2022-05-05,1269.20 ,1251.53 ,1274.36 ,1250.42 ,0.01 
2022-05-04,1251.51 ,1260.95 ,1267.49 ,1250.61 ,-0.01 
2022-05-03,1260.35 ,1267.64 ,1268.77 ,1260.11 ,-0.01 
2022-05-02,1267.51 ,1264.65 ,1270.75 ,1262.88 ,0.00 
2022-04-29,1263.03 ,1272.38 ,1273.06 ,1254.87 ,-0.01 
2022-04-28,1272.11 ,1266.40 ,1276.56 ,1264.27 ,0.00 
2022-04-27,1266.27 ,1260.98 ,1270.72 ,1260.89 ,0.00 
2022-04-26,1260.67 ,1250.22 ,1261.43 ,1245.14 ,0.01 
2022-04-25,1250.10 ,1244.40 ,1253.77 ,1243.63 ,0.00 
2022-04-22,1244.11 ,1242.34 ,1247.45 ,1238.45 ,0.00 
2022-04-21,1242.81 ,1233.98 ,1244.95 ,1233.85 ,0.01 
2022-04-20,1233.66 ,1239.81 ,1241.04 ,1232.37 ,0.00 
2022-04-19,1239.53 ,1235.45 ,1242.67 ,1233.17 ,0.00 
2022-04-18,1235.22 ,1229.08 ,1235.81 ,1228.88 ,0.01 
2022-04-15,1228.19 ,1230.26 ,1232.11 ,1227.01 ,0.00 
2022-04-14,1230.15 ,1223.36 ,1231.57 ,1222.61 ,0.01 
2022-04-13,1223.23 ,1228.15 ,1231.69 ,1221.71 ,0.00 
2022-04-12,1228.08 ,1234.90 ,1238.63 ,1224.52 ,-0.01 
2022-04-11,1234.32 ,1228.95 ,1236.81 ,1228.94 ,0.00 
2022-04-08,1229.19 ,1222.76 ,1230.86 ,1221.29 ,0.01 
2022-04-07,1222.55 ,1217.60 ,1223.95 ,1216.37 ,0.00 
2022-04-06,1217.48 ,1218.82 ,1221.95 ,1215.85 ,0.00 
2022-04-05,1218.22 ,1214.49 ,1220.31 ,1210.31 ,0.00 
2022-04-04,1213.75 ,1219.80 ,1220.26 ,1213.54 ,0.00 
2022-04-01,1219.73 ,1215.13 ,1220.27 ,1214.39 ,0.00 
2022-03-31,1214.17 ,1210.51 ,1215.47 ,1208.16 ,0.00 
2022-03-30,1210.31 ,1208.19 ,1213.22 ,1207.06 ,0.00 
2022-03-29,1207.35 ,1223.82 ,1225.12 ,1207.27 ,-0.01 
2022-03-28,1223.65 ,1224.40 ,1227.86 ,1222.27 ,0.00 
2022-03-25,1225.08 ,1221.00 ,1226.31 ,1216.35 ,0.00 
2022-03-24,1219.58 ,1219.02 ,1225.05 ,1217.10 ,0.00 
2022-03-23,1218.62 ,1215.19 ,1219.80 ,1210.91 ,0.00 
2022-03-22,1215.07 ,1218.82 ,1223.92 ,1214.51 ,0.00 
2022-03-21,1217.55 ,1211.55 ,1219.23 ,1210.39 ,0.01 
2022-03-18,1211.15 ,1210.58 ,1217.27 ,1207.01 ,0.00 
2022-03-17,1209.89 ,1224.95 ,1227.70 ,1207.83 ,-0.01 
2022-03-16,1225.35 ,1241.66 ,1244.06 ,1225.32 ,-0.01 
2022-03-15,1240.62 ,1242.01 ,1247.35 ,1239.30 ,0.00 
2022-03-14,1240.64 ,1237.10 ,1242.82 ,1234.68 ,0.00 
2022-03-11,1237.08 ,1228.77 ,1237.91 ,1228.23 ,0.01 
2022-03-10,1228.83 ,1223.24 ,1231.74 ,1223.13 ,0.00 
2022-03-09,1223.13 ,1233.64 ,1235.94 ,1222.75 ,-0.01 
2022-03-08,1233.53 ,1232.26 ,1238.83 ,1227.97 ,0.00 
2022-03-07,1232.14 ,1221.65 ,1233.47 ,1220.05 ,0.01 
2022-03-04,1217.45 ,1206.93 ,1219.78 ,1206.35 ,0.01 
2022-03-03,1205.54 ,1203.26 ,1209.29 ,1202.18 ,0.00 
2022-03-02,1203.16 ,1205.42 ,1208.99 ,1201.98 ,0.00 
2022-03-01,1205.32 ,1201.18 ,1206.37 ,1197.68 ,0.00 
2022-02-28,1200.12 ,1207.65 ,1208.97 ,1200.76 ,0.00 
2022-02-25,1197.57 ,1206.11 ,1206.90 ,1197.73 ,-0.01 
2022-02-24,1206.05 ,1192.60 ,1211.47 ,1191.93 ,0.01 
2022-02-23,1192.44 ,1193.03 ,1194.34 ,1189.64 ,0.00 
2022-02-22,1191.90 ,1194.60 ,1196.60 ,1190.74 ,0.00 
2022-02-21,1193.68 ,1198.30 ,1199.72 ,1189.73 ,0.00 
2022-02-18,1195.59 ,1198.76 ,1199.55 ,1192.95 ,0.00 
2022-02-17,1198.63 ,1196.69 ,1200.06 ,1194.44 ,0.00 
2022-02-16,1196.53 ,1196.86 ,1199.57 ,1195.22 ,0.00 
2022-02-15,1196.76 ,1197.44 ,1200.59 ,1195.29 ,0.00 
2022-02-14,1197.32 ,1200.10 ,1200.17 ,1193.93 ,0.00 
2022-02-11,1199.48 ,1200.10 ,1201.87 ,1193.23 ,0.00 
2022-02-10,1199.83 ,1194.17 ,1200.65 ,1193.42 ,0.00 
2022-02-09,1194.05 ,1196.40 ,1197.47 ,1193.02 ,0.00 
2022-02-08,1196.35 ,1196.92 ,1200.38 ,1196.21 ,0.00 
2022-02-07,1196.87 ,1199.00 ,1201.09 ,1196.72 ,0.00 
2022-02-04,1198.25 ,1200.65 ,1202.05 ,1196.81 ,0.00 
2022-02-03,1199.47 ,1200.36 ,1207.19 ,1198.68 ,0.00 
2022-02-02,1199.46 ,1202.47 ,1204.41 ,1198.82 ,0.00 
2022-02-01,1202.31 ,1204.75 ,1208.01 ,1201.61 ,0.00 
2022-01-31,1204.63 ,1209.71 ,1212.92 ,1204.20 ,0.00 
2022-01-28,1209.56 ,1203.82 ,1213.86 ,1203.65 ,0.00 
2022-01-27,1203.77 ,1200.75 ,1205.79 ,1200.15 ,0.01 
2022-01-26,1197.03 ,1196.35 ,1198.51 ,1194.29 ,0.00 
2022-01-25,1196.35 ,1195.69 ,1199.93 ,1195.17 ,0.00 
2022-01-24,1195.59 ,1193.30 ,1197.90 ,1192.49 ,0.00 
2022-01-21,1192.51 ,1192.49 ,1195.05 ,1190.14 ,0.00 
2022-01-20,1192.42 ,1188.21 ,1193.88 ,1187.19 ,0.00 
2022-01-19,1188.13 ,1193.03 ,1193.94 ,1186.66 ,0.00 
2022-01-18,1192.69 ,1190.98 ,1194.33 ,1185.93 ,0.00 
2022-01-17,1189.99 ,1190.55 ,1194.13 ,1189.49 ,0.00 
2022-01-14,1190.07 ,1186.77 ,1192.42 ,1185.67 ,0.00 
2022-01-13,1186.11 ,1185.96 ,1189.94 ,1184.04 ,0.00 
2022-01-12,1185.87 ,1190.55 ,1193.20 ,1185.11 ,-0.01 
2022-01-11,1192.31 ,1198.14 ,1198.60 ,1192.30 ,0.00 
2022-01-10,1198.04 ,1198.20 ,1201.81 ,1195.95 ,0.00 
2022-01-07,1197.63 ,1205.03 ,1205.78 ,1197.32 ,-0.01 
2022-01-06,1204.95 ,1200.65 ,1207.11 ,1197.20 ,0.01 
2022-01-05,1198.20 ,1197.54 ,1200.18 ,1195.91 ,0.00 
2022-01-04,1197.49 ,1194.77 ,1199.49 ,1192.75 ,0.00 
2022-01-03,1193.00 ,1189.80 ,1193.86 ,1187.55 ,0.00 
2021-12-31,1187.96 ,1190.22 ,1191.31 ,1186.67 ,0.00 
2021-12-30,1189.36 ,1184.79 ,1190.72 ,1182.75 ,0.00 
2021-12-29,1184.70 ,1188.14 ,1188.59 ,1184.06 ,0.00 
2021-12-28,1188.09 ,1186.59 ,1189.39 ,1185.31 ,0.00 
2021-12-27,1185.61 ,1187.10 ,1188.63 ,1185.02 ,0.00 
2021-12-24,1185.99 ,1185.64 ,1188.40 ,1184.69 ,0.00 
2021-12-23,1185.55 ,1187.94 ,1190.76 ,1184.89 ,0.00 
2021-12-22,1190.21 ,1190.43 ,1192.98 ,1189.50 ,0.00 
2021-12-21,1190.67 ,1189.95 ,1193.81 ,1189.00 ,0.00 
2021-12-20,1189.53 ,1188.10 ,1192.67 ,1186.79 ,0.00 
2021-12-17,1187.70 ,1186.39 ,1188.63 ,1180.03 ,0.00 
2021-12-16,1186.29 ,1185.41 ,1188.86 ,1181.63 ,0.00 
2021-12-15,1184.57 ,1185.24 ,1190.22 ,1183.93 ,0.00 
2021-12-14,1185.19 ,1185.10 ,1186.38 ,1180.97 ,0.00 
2021-12-13,1184.91 ,1180.96 ,1186.16 ,1177.03 ,0.00 
2021-12-10,1180.86 ,1178.27 ,1182.82 ,1176.40 ,0.00 
2021-12-09,1178.15 ,1173.42 ,1179.37 ,1172.62 ,0.00 
2021-12-08,1175.19 ,1176.85 ,1179.31 ,1175.12 ,0.00 
2021-12-07,1176.73 ,1180.66 ,1184.03 ,1176.56 ,0.00 
2021-12-06,1180.54 ,1184.85 ,1186.49 ,1179.70 ,0.00 
2021-12-03,1180.00 ,1176.85 ,1183.63 ,1175.83 ,0.00 
2021-12-02,1176.74 ,1177.06 ,1179.35 ,1173.32 ,0.00 
2021-12-01,1176.93 ,1182.84 ,1185.49 ,1173.33 ,0.00 
2021-11-30,1182.71 ,1190.96 ,1191.73 ,1182.26 ,-0.01 
2021-11-29,1190.69 ,1195.80 ,1196.00 ,1189.90 ,0.00 
2021-11-26,1194.43 ,1190.24 ,1196.26 ,1189.74 ,0.00 
2021-11-25,1190.16 ,1188.81 ,1192.28 ,1187.82 ,0.00 
2021-11-24,1188.77 ,1190.07 ,1190.79 ,1185.02 ,0.00 
2021-11-23,1189.08 ,1190.57 ,1192.47 ,1187.06 ,0.00 
2021-11-22,1190.08 ,1188.77 ,1191.36 ,1184.81 ,0.00 
2021-11-19,1187.10 ,1182.99 ,1187.67 ,1181.16 ,0.00 
2021-11-18,1182.37 ,1180.58 ,1187.76 ,1177.92 ,0.00 
2021-11-17,1180.46 ,1183.99 ,1186.96 ,1179.58 ,0.00 
2021-11-16,1183.85 ,1183.56 ,1185.80 ,1175.30 ,0.00 
2021-11-15,1183.42 ,1179.94 ,1184.78 ,1177.17 ,0.00 
2021-11-12,1179.20 ,1182.45 ,1184.10 ,1176.31 ,0.00 
2021-11-11,1182.39 ,1185.15 ,1187.30 ,1178.17 ,0.00 
2021-11-10,1185.04 ,1178.51 ,1186.15 ,1176.82 ,0.01 
2021-11-09,1178.40 ,1180.95 ,1182.10 ,1173.36 ,0.00 
2021-11-08,1180.84 ,1181.51 ,1186.74 ,1178.93 ,0.00 
2021-11-05,1181.05 ,1185.97 ,1188.43 ,1181.21 ,0.00 
2021-11-04,1185.75 ,1178.89 ,1188.81 ,1176.94 ,0.01 
2021-11-03,1178.78 ,1178.59 ,1185.94 ,1177.99 ,0.00 
2021-11-02,1178.48 ,1177.56 ,1179.91 ,1174.03 ,0.00 
2021-11-01,1177.45 ,1174.61 ,1179.89 ,1173.28 ,0.00 
2021-10-29,1174.47 ,1168.45 ,1177.07 ,1167.81 ,0.01 
2021-10-28,1168.44 ,1172.17 ,1174.70 ,1166.06 ,0.00 
2021-10-27,1172.05 ,1168.06 ,1174.09 ,1165.45 ,0.00 
2021-10-26,1167.95 ,1168.13 ,1170.47 ,1163.75 ,0.00 
2021-10-25,1168.02 ,1177.44 ,1178.96 ,1166.96 ,-0.01 
2021-10-22,1177.48 ,1177.86 ,1181.70 ,1173.64 ,0.00 
2021-10-21,1177.78 ,1175.81 ,1180.03 ,1172.98 ,0.00 
2021-10-20,1175.63 ,1175.61 ,1179.26 ,1172.01 ,0.00 
2021-10-19,1175.13 ,1185.89 ,1186.04 ,1173.73 ,-0.01 
2021-10-18,1185.47 ,1182.49 ,1188.85 ,1182.39 ,0.00 
2021-10-15,1182.07 ,1182.23 ,1185.31 ,1180.87 ,0.00 
2021-10-14,1181.69 ,1186.87 ,1190.94 ,1181.76 ,0.00 
2021-10-13,1186.18 ,1197.92 ,1199.49 ,1186.30 ,-0.01 
2021-10-12,1197.29 ,1195.75 ,1200.90 ,1195.38 ,0.00 
2021-10-11,1195.30 ,1196.54 ,1196.99 ,1191.89 ,0.00 
2021-10-08,1196.79 ,1191.33 ,1197.61 ,1190.35 ,0.01 
2021-10-07,1190.88 ,1190.74 ,1192.08 ,1188.15 ,0.00 
2021-10-06,1190.21 ,1186.69 ,1197.94 ,1185.90 ,0.00 
2021-10-05,1186.48 ,1184.45 ,1189.12 ,1183.83 ,0.00 
2021-10-04,1184.12 ,1179.90 ,1185.97 ,1178.41 ,0.00 
2021-10-01,1180.35 ,1184.78 ,1189.05 ,1179.20 ,0.00 
2021-09-30,1184.23 ,1187.93 ,1189.38 ,1180.22 ,0.00 
2021-09-29,1187.11 ,1188.04 ,1189.26 ,1181.20 ,0.00 
2021-09-28,1187.16 ,1177.09 ,1188.67 ,1176.37 ,0.01 
2021-09-27,1177.94 ,1179.95 ,1182.46 ,1173.98 ,0.00 
2021-09-24,1179.68 ,1174.83 ,1182.05 ,1171.81 ,0.00 
2021-09-23,1174.63 ,1181.99 ,1186.62 ,1170.36 ,-0.01 
2021-09-22,1181.75 ,1184.41 ,1185.53 ,1178.25 ,0.00 
2021-09-21,1183.96 ,1187.39 ,1188.61 ,1182.66 ,0.00 
2021-09-20,1185.67 ,1181.56 ,1192.41 ,1181.47 ,0.00 
2021-09-17,1180.69 ,1175.36 ,1182.81 ,1174.23 ,0.00 
2021-09-16,1175.19 ,1166.39 ,1176.94 ,1165.20 ,0.01 
2021-09-15,1166.23 ,1172.41 ,1174.70 ,1164.77 ,-0.01 
2021-09-14,1172.23 ,1173.44 ,1175.20 ,1166.38 ,0.00 
2021-09-13,1172.83 ,1170.38 ,1177.53 ,1170.02 ,0.00 
2021-09-10,1170.23 ,1169.81 ,1174.13 ,1164.83 ,0.00 
2021-09-09,1169.64 ,1167.14 ,1172.21 ,1166.05 ,0.00 
2021-09-08,1166.54 ,1162.16 ,1168.83 ,1161.15 ,0.00 
2021-09-07,1161.98 ,1157.33 ,1166.02 ,1155.00 ,0.00 
2021-09-06,1157.04 ,1155.75 ,1159.97 ,1154.53 ,0.00 
2021-09-03,1154.28 ,1158.23 ,1159.71 ,1152.54 ,0.00 
2021-09-02,1158.05 ,1156.08 ,1162.44 ,1155.05 ,0.00 
2021-09-01,1155.47 ,1158.95 ,1160.64 ,1154.54 ,0.00 
2021-08-31,1158.73 ,1166.07 ,1167.43 ,1155.18 ,0.00 
2021-08-30,1164.34 ,1162.33 ,1167.71 ,1161.88 ,0.00 
2021-08-27,1161.23 ,1170.71 ,1174.77 ,1160.89 ,-0.01 
2021-08-26,1170.53 ,1164.05 ,1172.01 ,1162.97 ,0.01 
2021-08-25,1163.87 ,1164.02 ,1169.37 ,1162.92 ,0.00 
2021-08-24,1163.65 ,1169.06 ,1171.57 ,1163.10 ,0.00 
2021-08-23,1169.36 ,1175.24 ,1177.56 ,1167.43 ,0.00 
2021-08-20,1175.15 ,1176.46 ,1184.85 ,1171.21 ,0.00 
2021-08-19,1176.28 ,1170.28 ,1178.40 ,1169.66 ,0.01 
2021-08-18,1170.03 ,1177.44 ,1179.94 ,1166.89 ,-0.01 
2021-08-17,1177.30 ,1165.45 ,1179.80 ,1164.60 ,0.01 
2021-08-16,1165.28 ,1162.37 ,1168.81 ,1161.46 ,0.00 
2021-08-13,1161.37 ,1163.16 ,1171.15 ,1160.38 ,0.00 
2021-08-12,1162.98 ,1154.16 ,1166.15 ,1152.96 ,0.01 
2021-08-11,1153.98 ,1152.90 ,1159.69 ,1151.89 ,0.00 
2021-08-10,1152.70 ,1147.07 ,1154.29 ,1145.78 ,0.01 
2021-08-09,1146.89 ,1145.93 ,1148.86 ,1142.35 ,0.00 
2021-08-06,1144.93 ,1142.94 ,1148.29 ,1140.15 ,0.00 
2021-08-05,1142.59 ,1144.94 ,1146.84 ,1140.62 ,0.00 
2021-08-04,1144.76 ,1148.63 ,1149.72 ,1140.02 ,0.00 
2021-08-03,1148.44 ,1150.35 ,1153.91 ,1146.59 ,0.00 
2021-08-02,1150.18 ,1151.90 ,1154.60 ,1148.52 ,0.00 
2021-07-30,1151.41 ,1143.30 ,1154.78 ,1142.04 ,0.01 
2021-07-29,1143.12 ,1150.44 ,1152.12 ,1140.48 ,-0.01 
2021-07-28,1150.27 ,1154.44 ,1159.96 ,1149.24 ,0.00 
2021-07-27,1154.25 ,1152.71 ,1158.65 ,1148.86 ,0.00 
2021-07-26,1152.54 ,1152.12 ,1157.24 ,1151.26 ,0.00 
2021-07-23,1151.52 ,1150.86 ,1155.41 ,1147.15 ,0.00 
2021-07-22,1150.55 ,1149.48 ,1153.12 ,1146.85 ,0.00 
2021-07-21,1149.31 ,1148.46 ,1156.44 ,1147.07 ,0.00 
2021-07-20,1147.47 ,1151.92 ,1153.07 ,1146.55 ,0.00 
2021-07-19,1150.83 ,1142.50 ,1155.59 ,1141.85 ,0.01 
2021-07-16,1141.51 ,1141.77 ,1144.28 ,1137.99 ,0.00 
2021-07-15,1141.59 ,1144.36 ,1148.31 ,1138.93 ,0.00 
2021-07-14,1144.22 ,1150.11 ,1152.27 ,1142.63 ,-0.01 
2021-07-13,1149.94 ,1147.18 ,1152.90 ,1141.21 ,0.00 
2021-07-12,1146.85 ,1145.31 ,1150.06 ,1144.18 ,0.00 
2021-07-09,1143.73 ,1146.81 ,1150.52 ,1143.18 ,0.00 
2021-07-08,1146.59 ,1141.65 ,1151.69 ,1139.55 ,0.00 
2021-07-07,1141.50 ,1136.93 ,1144.27 ,1135.03 ,0.00 
2021-07-06,1136.75 ,1130.59 ,1139.97 ,1129.03 ,0.01 
2021-07-05,1130.42 ,1130.77 ,1132.72 ,1128.13 ,0.00 
2021-07-02,1130.53 ,1134.51 ,1138.60 ,1129.60 ,0.00 
2021-07-01,1134.33 ,1130.63 ,1135.98 ,1128.28 ,0.00 
2021-06-30,1130.48 ,1131.80 ,1132.89 ,1125.59 ,0.00 
2021-06-29,1131.62 ,1130.21 ,1134.77 ,1127.65 ,0.00 
2021-06-28,1130.04 ,1127.34 ,1132.68 ,1126.58 ,0.00 
2021-06-25,1127.12 ,1131.87 ,1133.10 ,1124.10 ,0.00 
2021-06-24,1130.78 ,1136.03 ,1138.69 ,1129.97 ,0.00 
2021-06-23,1135.85 ,1133.73 ,1138.63 ,1131.17 ,0.00 
2021-06-22,1133.57 ,1131.57 ,1138.81 ,1130.35 ,0.00 
2021-06-21,1131.40 ,1135.24 ,1139.47 ,1130.91 ,0.00 
2021-06-18,1134.94 ,1134.47 ,1138.14 ,1128.06 ,0.00 
2021-06-17,1134.30 ,1132.84 ,1137.00 ,1127.35 ,0.00 
2021-06-16,1132.68 ,1118.09 ,1137.17 ,1115.74 ,0.01 
2021-06-15,1117.09 ,1117.33 ,1119.39 ,1116.14 ,0.00 
2021-06-14,1116.33 ,1116.55 ,1120.05 ,1114.45 ,0.00 
2021-06-11,1116.40 ,1112.56 ,1118.54 ,1109.25 ,0.00 
2021-06-10,1112.32 ,1117.03 ,1119.26 ,1111.93 ,0.00 
2021-06-09,1115.61 ,1117.72 ,1119.02 ,1112.30 ,0.00 
2021-06-08,1117.72 ,1110.80 ,1118.81 ,1108.99 ,0.01 
2021-06-07,1110.62 ,1110.68 ,1114.53 ,1109.07 ,0.00 
2021-06-04,1110.52 ,1116.64 ,1119.51 ,1108.77 ,-0.01 
2021-06-03,1116.46 ,1111.10 ,1118.82 ,1108.86 ,0.01 
2021-06-02,1110.92 ,1108.49 ,1114.81 ,1106.78 ,0.00 
2021-06-01,1108.38 ,1108.08 ,1110.59 ,1104.69 ,0.00 
2021-05-31,1106.58 ,1113.83 ,1117.42 ,1106.50 ,-0.01 
2021-05-28,1113.08 ,1118.72 ,1119.35 ,1112.86 ,0.00 
2021-05-27,1118.55 ,1116.79 ,1120.32 ,1115.07 ,0.00 
2021-05-26,1116.61 ,1122.54 ,1123.49 ,1114.67 ,-0.01 
2021-05-25,1122.36 ,1123.60 ,1126.55 ,1120.35 ,0.00 
2021-05-24,1123.48 ,1127.86 ,1129.60 ,1122.80 ,0.00 
2021-05-21,1127.63 ,1127.99 ,1129.36 ,1122.24 ,0.00 
2021-05-20,1127.66 ,1131.35 ,1134.41 ,1127.17 ,0.00 
2021-05-19,1131.18 ,1127.07 ,1133.31 ,1124.60 ,0.00 
2021-05-18,1126.93 ,1136.91 ,1139.74 ,1125.64 ,-0.01 
2021-05-17,1136.73 ,1126.52 ,1139.74 ,1125.95 ,0.01 
2021-05-14,1125.79 ,1126.89 ,1131.31 ,1125.23 ,0.00 
2021-05-13,1126.73 ,1132.92 ,1136.13 ,1126.17 ,-0.01 
2021-05-12,1132.73 ,1119.67 ,1133.94 ,1118.74 ,0.01 
2021-05-11,1119.58 ,1116.83 ,1122.39 ,1114.95 ,0.00 
2021-05-10,1116.68 ,1112.97 ,1118.10 ,1110.49 ,0.00 
2021-05-07,1111.23 ,1120.45 ,1123.67 ,1109.48 ,-0.01 
2021-05-06,1120.28 ,1125.02 ,1127.02 ,1119.63 ,0.00 
2021-05-05,1124.72 ,1125.94 ,1128.30 ,1122.18 ,0.00 
2021-05-04,1125.77 ,1120.50 ,1128.92 ,1118.84 ,0.00 
2021-05-03,1120.34 ,1117.76 ,1124.94 ,1115.51 ,0.00 
2021-04-30,1117.16 ,1107.81 ,1119.45 ,1106.52 ,0.01 
2021-04-29,1107.63 ,1110.06 ,1111.17 ,1105.30 ,0.00 
2021-04-28,1109.88 ,1113.43 ,1115.52 ,1108.31 ,0.00 
2021-04-27,1113.33 ,1110.44 ,1114.55 ,1108.27 ,0.00 
2021-04-26,1110.27 ,1115.85 ,1116.95 ,1108.96 ,0.00 
2021-04-23,1114.72 ,1120.18 ,1121.54 ,1113.94 ,0.00 
2021-04-22,1118.79 ,1116.70 ,1121.69 ,1114.13 ,0.00 
2021-04-21,1116.35 ,1117.45 ,1121.61 ,1114.78 ,0.00 
2021-04-20,1117.28 ,1115.51 ,1119.74 ,1110.29 ,0.00 
2021-04-19,1115.33 ,1117.05 ,1120.26 ,1112.94 ,0.00 
2021-04-16,1116.50 ,1116.85 ,1121.57 ,1113.06 ,0.00 
2021-04-15,1116.68 ,1116.26 ,1119.82 ,1113.01 ,0.00 
2021-04-14,1116.08 ,1121.55 ,1123.91 ,1112.09 ,0.00 
2021-04-13,1121.37 ,1125.23 ,1128.42 ,1120.38 ,0.00 
2021-04-12,1124.32 ,1121.77 ,1127.28 ,1120.29 ,0.00 
2021-04-09,1120.98 ,1116.75 ,1122.58 ,1113.15 ,0.00 
2021-04-08,1115.83 ,1119.20 ,1121.56 ,1114.59 ,0.00 
2021-04-07,1119.03 ,1119.29 ,1120.36 ,1114.67 ,0.00 
2021-04-06,1119.17 ,1125.04 ,1125.68 ,1116.57 ,0.00 
2021-04-05,1124.18 ,1129.69 ,1130.03 ,1122.45 ,0.00 
2021-04-02,1128.64 ,1128.86 ,1130.38 ,1126.29 ,0.00 
2021-04-01,1128.72 ,1127.96 ,1133.82 ,1125.31 ,0.00 
2021-03-31,1127.17 ,1133.54 ,1134.68 ,1125.32 ,0.00 
2021-03-30,1132.59 ,1132.56 ,1136.29 ,1131.42 ,0.00 
2021-03-29,1131.56 ,1128.95 ,1136.41 ,1128.77 ,0.00 
2021-03-26,1128.52 ,1135.24 ,1136.09 ,1128.07 ,-0.01 
2021-03-25,1135.12 ,1135.40 ,1138.02 ,1131.93 ,0.00 
2021-03-24,1134.90 ,1133.40 ,1135.96 ,1130.24 ,0.00 
2021-03-23,1132.90 ,1126.49 ,1134.48 ,1125.02 ,0.01 
2021-03-22,1126.00 ,1129.47 ,1134.01 ,1125.61 ,0.00 
2021-03-19,1129.12 ,1128.25 ,1134.80 ,1125.31 ,0.00 
2021-03-18,1127.75 ,1121.91 ,1131.30 ,1120.04 ,0.01 
2021-03-17,1121.21 ,1129.93 ,1134.31 ,1120.65 ,-0.01 
2021-03-16,1129.00 ,1132.85 ,1135.91 ,1128.14 ,0.00 
2021-03-15,1132.35 ,1136.50 ,1138.78 ,1130.92 ,0.00 
2021-03-12,1136.00 ,1130.85 ,1139.35 ,1127.27 ,0.01 
2021-03-11,1130.35 ,1136.91 ,1140.99 ,1128.90 ,0.00 
2021-03-10,1135.91 ,1135.91 ,1145.60 ,1135.31 ,0.00 
2021-03-09,1134.91 ,1141.83 ,1144.85 ,1133.38 ,-0.01 
2021-03-08,1140.83 ,1128.85 ,1144.07 ,1127.06 ,0.01 
2021-03-05,1128.00 ,1131.03 ,1137.27 ,1124.04 ,0.00 
2021-03-04,1130.87 ,1127.05 ,1133.06 ,1123.36 ,0.00 
2021-03-03,1126.05 ,1125.29 ,1128.05 ,1116.95 ,0.00 
2021-03-02,1125.01 ,1113.53 ,1128.28 ,1102.06 ,0.01 
2021-03-01,1113.33 ,1124.89 ,1125.15 ,1113.09 ,-0.01 
2021-02-26,1123.89 ,1119.47 ,1130.33 ,1118.41 ,0.00 
2021-02-25,1118.77 ,1107.54 ,1121.61 ,1105.70 ,0.01 
2021-02-24,1107.27 ,1110.22 ,1113.75 ,1106.08 ,0.00 
2021-02-23,1110.13 ,1112.58 ,1114.81 ,1108.24 ,0.00 
2021-02-22,1111.59 ,1106.02 ,1116.10 ,1102.83 ,0.01 
2021-02-19,1104.27 ,1107.08 ,1111.28 ,1102.22 ,0.00 
2021-02-18,1106.96 ,1106.50 ,1110.15 ,1103.19 ,0.00 
2021-02-17,1105.61 ,1107.58 ,1110.81 ,1104.49 ,0.00 
2021-02-16,1106.58 ,1102.31 ,1109.55 ,1096.91 ,0.00 
2021-02-15,1101.31 ,1104.37 ,1106.00 ,1100.70 ,0.00 
2021-02-12,1102.59 ,1103.12 ,1107.59 ,1101.73 ,0.00 
2021-02-11,1102.12 ,1106.48 ,1108.02 ,1102.05 ,0.00 
2021-02-10,1105.48 ,1111.01 ,1114.16 ,1103.59 ,0.00 
2021-02-09,1110.88 ,1117.31 ,1118.75 ,1110.08 ,0.00 
2021-02-08,1115.61 ,1117.76 ,1122.17 ,1116.05 ,0.00 
2021-02-05,1116.77 ,1120.11 ,1127.85 ,1116.22 ,0.00 
2021-02-04,1120.00 ,1113.58 ,1122.74 ,1112.48 ,0.01 
2021-02-03,1113.46 ,1115.51 ,1117.25 ,1111.80 ,0.00 
2021-02-02,1115.37 ,1117.44 ,1119.70 ,1113.65 ,0.00 
2021-02-01,1116.51 ,1118.43 ,1120.98 ,1115.55 ,0.00 
2021-01-29,1117.64 ,1113.24 ,1121.76 ,1112.15 ,0.00 
2021-01-28,1112.52 ,1108.42 ,1121.36 ,1107.49 ,0.00 
2021-01-27,1108.38 ,1102.01 ,1109.90 ,1100.87 ,0.01 
2021-01-26,1101.02 ,1102.69 ,1108.24 ,1100.47 ,0.00 
2021-01-25,1102.58 ,1105.54 ,1105.92 ,1100.05 ,0.00 
2021-01-22,1105.41 ,1099.97 ,1107.29 ,1098.95 ,0.01 
2021-01-21,1099.88 ,1097.35 ,1102.67 ,1096.59 ,0.00 
2021-01-20,1096.35 ,1102.44 ,1103.39 ,1096.88 ,0.00 
2021-01-19,1101.44 ,1104.18 ,1106.17 ,1100.20 ,0.00 
2021-01-18,1102.52 ,1104.26 ,1108.42 ,1102.28 ,0.00 
2021-01-15,1103.27 ,1096.04 ,1105.33 ,1094.93 ,0.01 
2021-01-14,1095.88 ,1098.11 ,1103.42 ,1093.93 ,0.00 
2021-01-13,1097.12 ,1094.60 ,1099.33 ,1092.37 ,0.00 
2021-01-12,1094.48 ,1097.38 ,1103.46 ,1092.97 ,0.00 
2021-01-11,1097.23 ,1093.01 ,1101.05 ,1092.73 ,0.00 
2021-01-08,1092.93 ,1094.35 ,1099.21 ,1088.79 ,0.00 
2021-01-07,1094.28 ,1088.03 ,1096.78 ,1085.42 ,0.01 
2021-01-06,1087.93 ,1087.40 ,1089.79 ,1083.91 ,0.00 
2021-01-05,1086.42 ,1086.69 ,1090.33 ,1082.04 ,0.00 
2021-01-04,1086.48 ,1085.73 ,1088.30 ,1080.02 ,0.00 
2021-01-01,1084.73 ,1085.69 ,1086.10 ,1085.25 ,0.00 
