Date,WTI_MINMAX
2018-01-01,0.13 
2018-01-02,0.64 
2018-01-03,1.69 
2018-01-04,0.62 
2018-01-05,0.95 
2018-01-08,0.63 
2018-01-09,1.68 
2018-01-10,0.58 
2018-01-11,1.34 
2018-01-12,1.44 
2018-01-14,0.25 
2018-01-15,0.78 
2018-01-16,1.50 
2018-01-17,0.86 
2018-01-18,0.88 
2018-01-19,0.92 
2018-01-22,0.97 
2018-01-23,1.18 
2018-01-24,1.71 
2018-01-25,1.58 
2018-01-26,1.44 
2018-01-29,1.48 
2018-01-30,1.67 
2018-01-31,1.27 
2018-02-01,1.62 
2018-02-02,1.83 
2018-02-05,1.98 
2018-02-06,1.17 
2018-02-07,2.93 
2018-02-08,1.82 
2018-02-09,2.70 
2018-02-12,1.73 
2018-02-13,1.34 
2018-02-14,2.70 
2018-02-15,1.92 
2018-02-16,1.11 
2018-02-18,0.23 
2018-02-19,0.82 
2018-02-20,1.16 
2018-02-21,0.94 
2018-02-22,2.34 
2018-02-23,1.40 
2018-02-26,1.18 
2018-02-27,1.44 
2018-02-28,2.08 
2018-03-01,1.65 
2018-03-02,1.47 
2018-03-05,1.69 
2018-03-06,1.11 
2018-03-07,2.00 
2018-03-08,1.45 
2018-03-09,2.04 
2018-03-12,1.66 
2018-03-13,1.70 
2018-03-14,1.22 
2018-03-15,0.72 
2018-03-16,1.46 
2018-03-19,0.99 
2018-03-20,1.73 
2018-03-21,1.97 
2018-03-22,1.60 
2018-03-23,1.89 
2018-03-26,1.47 
2018-03-27,1.88 
2018-03-28,1.41 
2018-03-29,1.10 
2018-04-02,2.62 
2018-04-03,1.00 
2018-04-04,1.58 
2018-04-05,1.05 
2018-04-06,1.98 
2018-04-09,1.68 
2018-04-10,2.66 
2018-04-11,2.30 
2018-04-12,1.33 
2018-04-13,1.06 
2018-04-16,1.61 
2018-04-17,1.19 
2018-04-18,2.35 
2018-04-19,1.58 
2018-04-20,1.12 
2018-04-23,1.89 
2018-04-24,1.84 
2018-04-25,1.07 
2018-04-26,1.07 
2018-04-27,0.72 
2018-04-30,2.17 
2018-05-01,2.05 
2018-05-02,1.22 
2018-05-03,1.39 
2018-05-04,1.85 
2018-05-07,1.33 
2018-05-08,2.77 
2018-05-09,1.51 
2018-05-10,1.33 
2018-05-11,1.18 
2018-05-14,1.00 
2018-05-15,1.50 
2018-05-16,0.93 
2018-05-17,1.21 
2018-05-18,0.76 
2018-05-21,1.34 
2018-05-22,0.93 
2018-05-23,1.07 
2018-05-24,1.48 
2018-05-25,3.38 
2018-05-27,0.46 
2018-05-28,1.60 
2018-05-29,1.75 
2018-05-30,2.32 
2018-05-31,1.74 
2018-06-01,1.83 
2018-06-04,1.47 
2018-06-05,1.35 
2018-06-06,1.69 
2018-06-07,1.26 
2018-06-08,1.09 
2018-06-11,1.50 
2018-06-12,0.83 
2018-06-13,1.37 
2018-06-14,0.80 
2018-06-15,2.80 
2018-06-18,2.39 
2018-06-19,1.51 
2018-06-20,1.52 
2018-06-21,1.88 
2018-06-22,3.67 
2018-06-25,1.66 
2018-06-26,3.19 
2018-06-27,2.50 
2018-06-28,1.83 
2018-06-29,1.53 
2018-07-02,1.84 
2018-07-03,2.54 
2018-07-04,1.24 
2018-07-05,2.37 
2018-07-06,1.87 
2018-07-09,1.29 
2018-07-10,1.05 
2018-07-11,4.24 
2018-07-12,2.01 
2018-07-13,1.82 
2018-07-16,3.29 
2018-07-17,1.41 
2018-07-18,2.02 
2018-07-19,2.37 
2018-07-20,1.73 
2018-07-23,1.71 
2018-07-24,1.49 
2018-07-25,1.50 
2018-07-26,1.00 
2018-07-27,1.51 
2018-07-30,1.63 
2018-07-31,2.24 
2018-08-01,1.21 
2018-08-02,2.44 
2018-08-03,1.37 
2018-08-06,1.42 
2018-08-07,1.02 
2018-08-08,3.05 
2018-08-09,0.92 
2018-08-10,1.73 
2018-08-13,2.24 
2018-08-14,1.79 
2018-08-15,2.39 
2018-08-16,1.09 
2018-08-17,1.09 
2018-08-20,1.09 
2018-08-21,1.58 
2018-08-22,2.17 
2018-08-23,0.80 
2018-08-24,1.53 
2018-08-27,0.63 
2018-08-28,0.99 
2018-08-29,1.39 
2018-08-30,0.95 
2018-08-31,0.72 
2018-09-02,0.11 
2018-09-03,0.66 
2018-09-04,2.32 
2018-09-05,1.03 
2018-09-06,2.02 
2018-09-07,1.22 
2018-09-10,1.19 
2018-09-11,2.53 
2018-09-12,1.76 
2018-09-13,1.93 
2018-09-14,1.97 
2018-09-17,1.19 
2018-09-18,1.89 
2018-09-19,1.85 
2018-09-20,1.08 
2018-09-21,1.82 
2018-09-24,1.60 
2018-09-25,0.89 
2018-09-26,0.91 
2018-09-27,0.89 
2018-09-28,1.85 
2018-10-01,2.82 
2018-10-02,0.98 
2018-10-03,2.60 
2018-10-04,2.59 
2018-10-05,1.39 
2018-10-08,1.51 
2018-10-09,1.28 
2018-10-10,2.70 
2018-10-11,2.25 
2018-10-12,1.37 
2018-10-15,1.85 
2018-10-16,1.27 
2018-10-17,3.00 
2018-10-18,1.56 
2018-10-19,1.21 
2018-10-22,1.38 
2018-10-23,3.92 
2018-10-24,1.67 
2018-10-25,1.66 
2018-10-26,1.68 
2018-10-29,1.66 
2018-10-30,1.93 
2018-10-31,2.19 
2018-11-01,2.28 
2018-11-02,1.32 
2018-11-05,1.62 
2018-11-06,2.01 
2018-11-07,1.98 
2018-11-08,2.02 
2018-11-09,1.53 
2018-11-12,2.60 
2018-11-13,4.60 
2018-11-14,2.24 
2018-11-15,1.67 
2018-11-16,2.07 
2018-11-19,2.25 
2018-11-20,4.67 
2018-11-21,2.47 
2018-11-22,1.29 
2018-11-23,4.67 
2018-11-26,2.15 
2018-11-27,2.08 
2018-11-28,2.50 
2018-11-29,2.79 
2018-11-30,2.14 
2018-12-03,1.82 
2018-12-04,2.12 
2018-12-05,2.28 
2018-12-06,3.22 
2018-12-07,3.62 
2018-12-10,2.28 
2018-12-11,1.73 
2018-12-12,1.94 
2018-12-13,2.92 
2018-12-14,2.11 
2018-12-17,2.86 
2018-12-18,3.80 
2018-12-19,2.07 
2018-12-20,1.84 
2018-12-21,1.64 
2018-12-24,3.88 
2018-12-25,0.37 
2018-12-26,4.48 
2018-12-27,2.33 
2018-12-28,1.80 
2018-12-31,1.80 
2019-01-01,0.22 
2019-01-02,3.43 
2019-01-03,2.14 
2019-01-04,2.57 
2019-01-07,1.68 
2019-01-08,1.64 
2019-01-09,2.87 
2019-01-10,1.41 
2019-01-11,2.13 
2019-01-14,1.73 
2019-01-15,1.66 
2019-01-16,1.26 
2019-01-17,1.60 
2019-01-18,1.83 
2019-01-20,0.46 
2019-01-21,0.90 
2019-01-22,2.44 
2019-01-23,1.78 
2019-01-24,1.40 
2019-01-25,1.03 
2019-01-28,2.31 
2019-01-29,2.09 
2019-01-30,1.84 
2019-01-31,1.75 
2019-02-01,2.29 
2019-02-04,2.46 
2019-02-05,1.74 
2019-02-06,1.44 
2019-02-07,2.41 
2019-02-08,0.91 
2019-02-11,1.55 
2019-02-12,1.76 
2019-02-13,1.33 
2019-02-14,1.60 
2019-02-15,1.63 
2019-02-17,0.28 
2019-02-18,0.61 
2019-02-19,1.04 
2019-02-20,2.07 
2019-02-21,0.97 
2019-02-22,1.10 
2019-02-25,2.45 
2019-02-26,1.06 
2019-02-27,1.67 
2019-02-28,1.00 
2019-03-01,2.31 
2019-03-04,1.19 
2019-03-05,1.10 
2019-03-06,0.98 
2019-03-07,0.91 
2019-03-08,1.99 
2019-03-11,1.05 
2019-03-12,0.81 
2019-03-13,1.47 
2019-03-14,0.74 
2019-03-15,1.21 
2019-03-18,1.18 
2019-03-19,0.95 
2019-03-20,1.73 
2019-03-21,0.73 
2019-03-22,1.79 
2019-03-25,1.18 
2019-03-26,1.34 
2019-03-27,1.41 
2019-03-28,1.36 
2019-03-29,1.32 
2019-04-01,1.67 
2019-04-02,1.15 
2019-04-03,0.94 
2019-04-04,0.88 
2019-04-05,1.52 
2019-04-08,1.35 
2019-04-09,1.11 
2019-04-10,0.65 
2019-04-11,1.18 
2019-04-12,0.99 
2019-04-15,0.81 
2019-04-16,1.38 
2019-04-17,0.95 
2019-04-18,0.70 
2019-04-22,1.92 
2019-04-23,1.02 
2019-04-24,0.77 
2019-04-25,1.38 
2019-04-26,2.90 
2019-04-29,1.23 
2019-04-30,1.45 
2019-05-01,1.16 
2019-05-02,2.73 
2019-05-03,1.22 
2019-05-06,2.91 
2019-05-07,1.83 
2019-05-08,1.30 
2019-05-09,1.29 
2019-05-10,1.07 
2019-05-13,2.69 
2019-05-14,1.42 
2019-05-15,1.49 
2019-05-16,1.40 
2019-05-17,1.12 
2019-05-20,1.36 
2019-05-21,0.85 
2019-05-22,1.97 
2019-05-23,4.08 
2019-05-24,1.60 
2019-05-26,0.33 
2019-05-27,1.12 
2019-05-28,1.44 
2019-05-29,2.26 
2019-05-30,3.37 
2019-05-31,3.56 
2019-06-03,2.52 
2019-06-04,1.35 
2019-06-05,2.81 
2019-06-06,2.13 
2019-06-07,1.70 
2019-06-10,1.79 
2019-06-11,1.13 
2019-06-12,2.33 
2019-06-13,2.53 
2019-06-14,1.28 
2019-06-17,1.16 
2019-06-18,2.81 
2019-06-19,1.14 
2019-06-20,2.91 
2019-06-21,1.32 
2019-06-24,1.47 
2019-06-25,1.64 
2019-06-26,1.28 
2019-06-27,1.12 
2019-06-28,2.05 
2019-07-01,1.94 
2019-07-02,3.34 
2019-07-03,1.44 
2019-07-04,1.09 
2019-07-05,1.53 
2019-07-08,1.16 
2019-07-09,1.81 
2019-07-10,2.18 
2019-07-11,0.80 
2019-07-12,0.81 
2019-07-15,1.72 
2019-07-16,2.99 
2019-07-17,2.15 
2019-07-18,2.60 
2019-07-19,1.37 
2019-07-22,1.12 
2019-07-23,1.73 
2019-07-24,2.31 
2019-07-25,1.18 
2019-07-26,0.89 
2019-07-29,1.29 
2019-07-30,1.51 
2019-07-31,1.01 
2019-08-01,4.40 
2019-08-02,1.90 
2019-08-05,1.39 
2019-08-06,2.13 
2019-08-07,3.25 
2019-08-08,1.12 
2019-08-09,2.55 
2019-08-12,1.64 
2019-08-13,3.26 
2019-08-14,2.88 
2019-08-15,1.56 
2019-08-16,1.41 
2019-08-19,1.57 
2019-08-20,1.32 
2019-08-21,1.58 
2019-08-22,1.61 
2019-08-23,2.36 
2019-08-26,2.30 
2019-08-27,2.03 
2019-08-28,1.41 
2019-08-29,1.46 
2019-08-30,2.17 
2019-09-01,0.44 
2019-09-02,0.86 
2019-09-03,2.40 
2019-09-04,2.74 
2019-09-05,2.01 
2019-09-06,2.12 
2019-09-09,1.58 
2019-09-10,1.56 
2019-09-11,2.69 
2019-09-12,2.34 
2019-09-13,1.24 
2019-09-16,4.61 
2019-09-17,4.13 
2019-09-18,1.76 
2019-09-19,1.53 
2019-09-20,1.31 
2019-09-23,2.02 
2019-09-24,1.80 
2019-09-25,1.47 
2019-09-26,1.43 
2019-09-27,2.01 
2019-09-30,2.59 
2019-10-01,1.79 
2019-10-02,2.25 
2019-10-03,1.92 
2019-10-04,1.31 
2019-10-07,1.47 
2019-10-08,1.46 
2019-10-09,1.43 
2019-10-10,2.59 
2019-10-11,1.29 
2019-10-14,2.13 
2019-10-15,1.40 
2019-10-16,1.23 
2019-10-17,1.54 
2019-10-18,1.27 
2019-10-21,1.32 
2019-10-22,1.52 
2019-10-23,2.45 
2019-10-24,1.10 
2019-10-25,1.14 
2019-10-28,1.34 
2019-10-29,1.30 
2019-10-30,1.31 
2019-10-31,1.88 
2019-11-01,2.26 
2019-11-04,1.60 
2019-11-05,1.20 
2019-11-06,1.74 
2019-11-07,1.61 
2019-11-08,1.72 
2019-11-11,1.15 
2019-11-12,1.01 
2019-11-13,1.33 
2019-11-14,1.16 
2019-11-15,1.54 
2019-11-18,1.54 
2019-11-19,2.07 
2019-11-20,2.49 
2019-11-21,2.07 
2019-11-22,1.24 
2019-11-25,0.94 
2019-11-26,0.80 
2019-11-27,1.17 
2019-11-28,0.65 
2019-11-29,3.28 
2019-12-02,1.25 
2019-12-03,1.45 
2019-12-04,2.38 
2019-12-05,1.02 
2019-12-06,2.15 
2019-12-09,1.02 
2019-12-10,1.00 
2019-12-11,1.11 
2019-12-12,0.97 
2019-12-13,1.21 
2019-12-16,0.63 
2019-12-17,1.03 
2019-12-18,0.86 
2019-12-19,0.68 
2019-12-20,1.18 
2019-12-23,0.67 
2019-12-24,0.69 
2019-12-25,0.35 
2019-12-26,0.77 
2019-12-27,0.73 
2019-12-30,1.25 
2019-12-31,1.25 
2020-01-01,0.21 
2020-01-02,0.96 
2020-01-03,2.96 
2020-01-06,2.08 
2020-01-07,1.04 
2020-01-08,6.50 
2020-01-09,1.65 
2020-01-10,0.93 
2020-01-13,1.36 
2020-01-14,1.00 
2020-01-15,1.00 
2020-01-16,1.31 
2020-01-17,0.71 
2020-01-19,0.46 
2020-01-20,0.76 
2020-01-21,2.05 
2020-01-22,2.35 
2020-01-23,1.50 
2020-01-24,2.10 
2020-01-27,1.58 
2020-01-28,1.38 
2020-01-29,1.56 
2020-01-30,1.54 
2020-01-31,2.39 
2020-02-03,2.17 
2020-02-04,2.24 
2020-02-05,2.41 
2020-02-06,1.96 
2020-02-07,1.39 
2020-02-10,1.07 
2020-02-11,1.11 
2020-02-12,1.78 
2020-02-13,1.36 
2020-02-14,1.02 
2020-02-16,0.29 
2020-02-17,0.54 
2020-02-18,1.53 
2020-02-19,1.73 
2020-02-20,1.28 
2020-02-21,1.31 
2020-02-24,2.19 
2020-02-25,2.33 
2020-02-26,2.14 
2020-02-27,2.90 
2020-02-28,3.18 
2020-03-02,4.24 
2020-03-03,2.19 
2020-03-04,1.76 
2020-03-05,1.92 
2020-03-06,5.33 
2020-03-09,7.54 
2020-03-10,4.82 
2020-03-11,3.79 
2020-03-12,3.61 
2020-03-13,3.54 
2020-03-16,5.65 
2020-03-17,3.67 
2020-03-18,7.16 
2020-03-19,6.35 
2020-03-20,8.43 
2020-03-23,3.27 
2020-03-24,2.07 
2020-03-25,2.33 
2020-03-26,2.27 
2020-03-27,2.56 
2020-03-30,1.66 
2020-03-31,1.88 
2020-04-01,1.65 
2020-04-02,6.63 
2020-04-03,5.61 
2020-04-06,2.96 
2020-04-07,3.70 
2020-04-08,2.71 
2020-04-09,5.79 
2020-04-13,2.71 
2020-04-14,3.13 
2020-04-15,1.69 
2020-04-16,1.11 
2020-04-17,2.91 
2020-04-20,58.17 
2020-04-21,30.60 
2020-04-22,5.92 
2020-04-23,4.91 
2020-04-24,2.33 
2020-04-27,5.10 
2020-04-28,3.62 
2020-04-29,4.11 
2020-04-30,3.99 
2020-05-01,2.41 
2020-05-04,3.37 
2020-05-05,4.36 
2020-05-06,3.50 
2020-05-07,3.80 
2020-05-08,1.73 
2020-05-11,1.91 
2020-05-12,2.01 
2020-05-13,1.66 
2020-05-14,2.78 
2020-05-15,2.68 
2020-05-18,3.79 
2020-05-19,2.10 
2020-05-20,2.22 
2020-05-21,1.40 
2020-05-22,3.28 
2020-05-24,0.92 
2020-05-25,1.46 
2020-05-26,2.33 
2020-05-27,2.57 
2020-05-28,3.07 
2020-05-29,3.41 
2020-06-01,1.63 
2020-06-02,1.78 
2020-06-03,2.30 
2020-06-04,1.24 
2020-06-05,2.63 
2020-06-08,2.48 
2020-06-09,2.03 
2020-06-10,2.18 
2020-06-11,3.68 
2020-06-12,2.51 
2020-06-15,2.90 
2020-06-16,2.68 
2020-06-17,1.54 
2020-06-18,1.86 
2020-06-19,2.09 
2020-06-22,1.58 
2020-06-23,1.87 
2020-06-24,3.23 
2020-06-25,2.15 
2020-06-26,1.56 
2020-06-29,2.39 
2020-06-30,1.23 
2020-07-01,1.53 
2020-07-02,1.28 
2020-07-03,0.64 
2020-07-06,1.24 
2020-07-07,1.05 
2020-07-08,0.78 
2020-07-09,1.72 
2020-07-10,2.23 
2020-07-13,1.25 
2020-07-14,1.50 
2020-07-15,1.18 
2020-07-16,0.66 
2020-07-17,0.88 
2020-07-20,1.08 
2020-07-21,1.76 
2020-07-22,0.89 
2020-07-23,1.53 
2020-07-24,1.01 
2020-07-27,1.34 
2020-07-28,1.08 
2020-07-29,0.64 
2020-07-30,2.67 
2020-07-31,0.89 
2020-08-03,1.66 
2020-08-04,1.94 
2020-08-05,2.05 
2020-08-06,1.04 
2020-08-07,1.16 
2020-08-10,1.16 
2020-08-11,1.46 
2020-08-12,1.37 
2020-08-13,0.75 
2020-08-14,0.95 
2020-08-17,1.17 
2020-08-18,0.88 
2020-08-19,0.67 
2020-08-20,1.29 
2020-08-21,1.50 
2020-08-24,0.66 
2020-08-25,1.26 
2020-08-26,0.78 
2020-08-27,1.14 
2020-08-28,0.73 
2020-08-31,1.01 
2020-09-01,0.71 
2020-09-02,1.98 
2020-09-03,1.57 
2020-09-04,2.52 
2020-09-06,0.91 
2020-09-07,0.76 
2020-09-08,3.46 
2020-09-09,2.29 
2020-09-10,1.25 
2020-09-11,1.15 
2020-09-14,0.86 
2020-09-15,1.51 
2020-09-16,1.99 
2020-09-17,1.80 
2020-09-18,1.19 
2020-09-21,2.61 
2020-09-22,1.02 
2020-09-23,1.49 
2020-09-24,1.25 
2020-09-25,0.93 
2020-09-28,1.02 
2020-09-29,2.29 
2020-09-30,1.69 
2020-10-01,2.86 
2020-10-02,2.02 
2020-10-05,2.72 
2020-10-06,1.76 
2020-10-07,1.07 
2020-10-08,1.57 
2020-10-09,1.09 
2020-10-12,1.41 
2020-10-13,1.18 
2020-10-14,1.34 
2020-10-15,2.07 
2020-10-16,0.97 
2020-10-19,0.68 
2020-10-20,1.45 
2020-10-21,1.81 
2020-10-22,1.31 
2020-10-23,1.35 
2020-10-26,1.46 
2020-10-27,1.32 
2020-10-28,2.04 
2020-10-29,2.84 
2020-10-30,1.39 
2020-11-02,3.51 
2020-11-03,1.75 
2020-11-04,1.99 
2020-11-05,1.08 
2020-11-06,1.55 
2020-11-09,4.17 
2020-11-10,2.43 
2020-11-11,1.74 
2020-11-12,1.32 
2020-11-13,0.88 
2020-11-16,1.94 
2020-11-17,1.12 
2020-11-18,1.38 
2020-11-19,0.90 
2020-11-20,0.81 
2020-11-23,1.07 
2020-11-24,2.38 
2020-11-25,1.53 
2020-11-26,1.36 
2020-11-27,1.54 
2020-11-30,1.38 
2020-12-01,1.58 
2020-12-02,2.00 
2020-12-03,1.18 
2020-12-04,1.07 
2020-12-07,1.18 
2020-12-08,0.79 
2020-12-09,1.29 
2020-12-10,2.22 
2020-12-11,0.95 
2020-12-14,1.75 
2020-12-15,1.19 
2020-12-16,0.77 
2020-12-17,0.78 
2020-12-18,1.18 
2020-12-21,2.43 
2020-12-22,1.36 
2020-12-23,2.34 
2020-12-24,1.06 
2020-12-28,1.46 
2020-12-29,0.67 
2020-12-30,1.05 
2020-12-31,0.81 
2021-01-04,2.65 
2021-01-05,2.96 
2021-01-06,1.46 
2021-01-07,0.89 
2021-01-08,1.94 
2021-01-11,1.20 
2021-01-12,1.38 
2021-01-13,1.35 
2021-01-14,1.51 
2021-01-15,2.00 
2021-01-17,0.29 
2021-01-18,0.78 
2021-01-19,1.37 
2021-01-20,0.74 
2021-01-21,0.66 
2021-01-22,1.72 
2021-01-25,1.13 
2021-01-26,0.96 
2021-01-27,1.45 
2021-01-28,1.54 
2021-01-29,1.32 
2021-02-01,2.10 
2021-02-02,1.81 
2021-02-03,1.52 
2021-02-04,1.28 
2021-02-05,0.86 
2021-02-08,1.14 
2021-02-09,1.35 
2021-02-10,0.83 
2021-02-11,0.87 
2021-02-12,2.41 
2021-02-14,0.74 
2021-02-15,0.99 
2021-02-16,1.62 
2021-02-17,2.30 
2021-02-18,2.47 
2021-02-19,1.70 
2021-02-22,3.02 
2021-02-23,2.33 
2021-02-24,2.54 
2021-02-25,1.16 
2021-02-26,2.23 
2021-03-01,2.96 
2021-03-02,1.83 
2021-03-03,2.75 
2021-03-04,4.34 
2021-03-05,2.60 
2021-03-08,3.41 
2021-03-09,2.35 
2021-03-10,1.83 
2021-03-11,1.67 
2021-03-12,0.83 
2021-03-15,2.27 
2021-03-16,1.63 
2021-03-17,1.74 
2021-03-18,6.62 
2021-03-19,2.78 
2021-03-22,1.51 
2021-03-23,4.10 
2021-03-24,4.05 
2021-03-25,3.42 
2021-03-26,3.04 
2021-03-29,2.36 
2021-03-30,2.33 
2021-03-31,2.32 
2021-04-01,2.89 
2021-04-05,3.87 
2021-04-06,2.28 
2021-04-07,1.92 
2021-04-08,1.11 
2021-04-09,0.85 
2021-04-12,2.04 
2021-04-13,0.95 
2021-04-14,3.06 
2021-04-15,1.04 
2021-04-16,1.05 
2021-04-19,1.00 
2021-04-20,2.75 
2021-04-21,1.70 
2021-04-22,1.26 
2021-04-23,1.18 
2021-04-26,1.65 
2021-04-27,1.39 
2021-04-28,1.86 
2021-04-29,1.82 
2021-04-30,1.87 
2021-05-03,1.77 
2021-05-04,1.90 
2021-05-05,1.84 
2021-05-06,1.48 
2021-05-07,1.34 
2021-05-10,1.80 
2021-05-11,1.82 
2021-05-12,1.66 
2021-05-13,2.72 
2021-05-14,2.29 
2021-05-17,1.60 
2021-05-18,2.90 
2021-05-19,3.40 
2021-05-20,2.07 
2021-05-21,2.51 
2021-05-24,2.51 
2021-05-25,1.10 
2021-05-26,1.18 
2021-05-27,1.45 
2021-05-28,1.35 
2021-05-30,0.22 
2021-05-31,1.00 
2021-06-01,2.46 
2021-06-02,1.22 
2021-06-03,1.21 
2021-06-04,1.43 
2021-06-07,1.07 
2021-06-08,1.80 
2021-06-09,1.16 
2021-06-10,1.97 
2021-06-11,1.56 
2021-06-14,1.13 
2021-06-15,1.68 
2021-06-16,1.38 
2021-06-17,2.53 
2021-06-18,2.01 
2021-06-21,2.81 
2021-06-22,1.01 
2021-06-23,1.43 
2021-06-24,1.29 
2021-06-25,1.33 
2021-06-28,1.83 
2021-06-29,1.84 
2021-06-30,1.32 
2021-07-01,2.83 
2021-07-02,1.21 
2021-07-04,0.28 
2021-07-05,1.65 
2021-07-06,4.04 
2021-07-07,3.79 
2021-07-08,2.50 
2021-07-09,2.04 
2021-07-12,1.77 
2021-07-13,1.84 
2021-07-14,3.23 
2021-07-15,1.56 
2021-07-16,1.89 
2021-07-19,6.04 
2021-07-20,2.44 
2021-07-21,4.07 
2021-07-22,2.17 
2021-07-23,0.82 
2021-07-26,1.87 
2021-07-27,1.25 
2021-07-28,0.90 
2021-07-29,1.42 
2021-07-30,1.30 
2021-08-02,3.40 
2021-08-03,2.77 
2021-08-04,2.96 
2021-08-05,1.74 
2021-08-06,2.38 
2021-08-09,2.75 
2021-08-10,2.34 
2021-08-11,2.78 
2021-08-12,1.16 
2021-08-13,1.45 
2021-08-16,2.54 
2021-08-17,1.39 
2021-08-18,3.14 
2021-08-19,2.13 
2021-08-20,1.99 
2021-08-23,4.26 
2021-08-24,2.39 
2021-08-25,1.62 
2021-08-26,1.29 
2021-08-27,1.53 
2021-08-30,1.97 
2021-08-31,1.18 
2021-09-01,2.12 
2021-09-02,2.77 
2021-09-03,1.48 
2021-09-05,0.50 
2021-09-06,1.20 
2021-09-07,1.84 
2021-09-08,1.44 
2021-09-09,2.33 
2021-09-10,2.28 
2021-09-13,1.46 
2021-09-14,1.24 
2021-09-15,2.49 
2021-09-16,1.46 
2021-09-17,1.51 
2021-09-20,2.22 
2021-09-21,1.96 
2021-09-22,1.66 
2021-09-23,1.89 
2021-09-24,1.46 
2021-09-27,1.59 
2021-09-28,2.43 
2021-09-29,2.05 
2021-09-30,2.93 
2021-10-01,1.76 
2021-10-04,3.06 
2021-10-05,2.01 
2021-10-06,2.95 
2021-10-07,3.93 
2021-10-08,1.48 
2021-10-11,2.63 
2021-10-12,2.15 
2021-10-13,1.62 
2021-10-14,1.30 
2021-10-15,1.27 
2021-10-18,2.03 
2021-10-19,1.94 
2021-10-20,2.95 
2021-10-21,3.17 
2021-10-22,2.46 
2021-10-25,2.02 
2021-10-26,1.91 
2021-10-27,2.50 
2021-10-28,2.63 
2021-10-29,2.33 
2021-11-01,2.14 
2021-11-02,1.49 
2021-11-03,3.39 
2021-11-04,5.17 
2021-11-05,2.84 
2021-11-08,1.62 
2021-11-09,2.85 
2021-11-10,4.16 
2021-11-11,2.13 
2021-11-12,1.84 
2021-11-15,1.90 
2021-11-16,1.78 
2021-11-17,3.00 
2021-11-18,2.28 
2021-11-19,4.55 
2021-11-22,2.40 
2021-11-23,3.56 
2021-11-24,1.25 
2021-11-25,1.37 
2021-11-26,11.25 
2021-11-29,4.07 
2021-11-30,6.79 
2021-12-01,4.65 
2021-12-02,5.06 
2021-12-03,3.62 
2021-12-06,3.43 
2021-12-07,3.51 
2021-12-08,2.09 
2021-12-09,2.95 
2021-12-10,2.01 
2021-12-13,2.29 
2021-12-14,2.52 
2021-12-15,2.27 
2021-12-16,1.96 
2021-12-17,2.37 
2021-12-20,4.03 
2021-12-21,2.99 
2021-12-22,2.36 
2021-12-23,1.68 
2021-12-27,3.52 
2021-12-28,1.39 
2021-12-29,2.01 
2021-12-30,1.66 
2021-12-31,2.13 
2022-01-03,2.19 
2022-01-04,1.94 
2022-01-05,2.07 
2022-01-06,3.51 
2022-01-07,1.95 
2022-01-10,1.62 
2022-01-11,3.23 
2022-01-12,1.93 
2022-01-13,1.55 
2022-01-14,2.87 
2022-01-16,0.41 
2022-01-17,1.01 
2022-01-18,3.13 
2022-01-19,2.14 
2022-01-20,1.82 
2022-01-21,2.78 
2022-01-24,4.19 
2022-01-25,2.72 
2022-01-26,2.94 
2022-01-27,2.34 
2022-01-28,2.40 
2022-01-31,2.05 
2022-02-01,2.32 
2022-02-02,2.62 
2022-02-03,3.70 
2022-02-04,3.10 
2022-02-07,2.00 
2022-02-08,3.17 
2022-02-09,2.17 
2022-02-10,2.71 
2022-02-11,5.47 
2022-02-14,3.73 
2022-02-15,4.51 
2022-02-16,5.01 
2022-02-17,2.74 
2022-02-18,3.63 
2022-02-20,0.66 
2022-02-21,4.83 
2022-02-22,5.65 
2022-02-23,3.26 
2022-02-24,9.09 
2022-02-25,5.58 
2022-02-28,4.67 
2022-03-01,11.46 
2022-03-02,7.33 
2022-03-03,10.14 
2022-03-04,8.77 
2022-03-07,14.96 
2022-03-08,12.37 
2022-03-09,23.21 
2022-03-10,9.35 
2022-03-11,5.81 
2022-03-14,9.96 
2022-03-15,9.05 
2022-03-16,5.15 
2022-03-17,9.39 
2022-03-18,3.98 
2022-03-21,8.61 
2022-03-22,5.71 
2022-03-23,7.02 
2022-03-24,6.03 
2022-03-25,5.44 
2022-03-28,10.10 
2022-03-29,9.40 
2022-03-30,4.20 
2022-03-31,8.14 
2022-04-01,3.97 
2022-04-04,5.89 
2022-04-05,5.71 
2022-04-06,8.29 
2022-04-07,5.01 
2022-04-08,3.47 
2022-04-11,5.59 
2022-04-12,6.51 
2022-04-13,4.60 
2022-04-14,5.52 
2022-04-18,3.81 
2022-04-19,6.82 
2022-04-20,3.46 
2022-04-21,3.41 
2022-04-22,3.16 
2022-04-25,6.27 
2022-04-26,5.72 
2022-04-27,3.19 
2022-04-28,5.55 
2022-04-29,4.21 
2022-05-02,5.66 
2022-05-03,3.70 
2022-05-04,5.66 
2022-05-05,4.92 
2022-05-06,3.94 
2022-05-09,8.36 
2022-05-10,5.30 
2022-05-11,8.24 
2022-05-12,4.71 
2022-05-13,4.35 
2022-05-16,6.79 
2022-05-17,3.81 
2022-05-18,6.96 
2022-05-19,7.49 
2022-05-20,3.19 
2022-05-23,2.81 
2022-05-24,2.82 
2022-05-25,2.45 
2022-05-26,4.56 
2022-05-27,2.45 
2022-05-29,0.61 
2022-05-30,2.40 
2022-05-31,5.83 
2022-06-01,3.29 
2022-06-02,6.57 
2022-06-03,5.23 
2022-06-06,3.36 
2022-06-07,3.22 
2022-06-08,3.88 
2022-06-09,1.93 
2022-06-10,4.42 
2022-06-13,4.78 
2022-06-14,7.06 
2022-06-15,5.01 
2022-06-16,5.77 
2022-06-17,10.72 
2022-06-19,0.56 
2022-06-20,2.33 
2022-06-21,3.75 
2022-06-22,8.23 
2022-06-23,4.73 
2022-06-24,4.94 
2022-06-27,4.94 
2022-06-28,2.60 
2022-06-29,4.83 
2022-06-30,5.35 
2022-07-01,4.78 
2022-07-03,0.67 
2022-07-04,3.52 
2022-07-05,14.02 
2022-07-06,7.04 
2022-07-07,7.91 
2022-07-08,3.73 
2022-07-11,4.16 
2022-07-12,8.14 
2022-07-13,4.29 
2022-07-14,6.44 
2022-07-15,4.46 
2022-07-18,6.95 
2022-07-19,4.61 
2022-07-20,2.88 
2022-07-21,5.40 
2022-07-22,3.72 
2022-07-25,3.93 
2022-07-26,4.24 
2022-07-27,4.29 
2022-07-28,3.80 
2022-07-29,5.47 
2022-08-01,6.23 
2022-08-02,3.88 
2022-08-03,6.19 
2022-08-04,4.35 
2022-08-05,3.75 
2022-08-08,3.67 
2022-08-09,3.60 
2022-08-10,4.77 
2022-08-11,3.81 
2022-08-12,3.65 
2022-08-15,5.28 
2022-08-16,4.92 
2022-08-17,3.28 
2022-08-18,4.14 
2022-08-19,3.71 
2022-08-22,4.66 
2022-08-23,3.80 
2022-08-24,2.61 
2022-08-25,3.47 
2022-08-26,2.94 
2022-08-29,5.08 
2022-08-30,7.12 
2022-08-31,4.46 
2022-09-01,3.65 
2022-09-02,3.31 
2022-09-04,1.37 
2022-09-05,2.39 
2022-09-06,4.21 
2022-09-07,6.26 
2022-09-08,3.05 
2022-09-09,4.49 
2022-09-12,3.94 
2022-09-13,4.25 
2022-09-14,4.01 
2022-09-15,4.62 
2022-09-16,2.32 
2022-09-19,4.12 
2022-09-20,2.93 
2022-09-21,4.19 
2022-09-22,3.60 
2022-09-23,5.88 
2022-09-26,4.06 
2022-09-27,3.09 
2022-09-28,5.79 
2022-09-29,2.60 
2022-09-30,3.42 
2022-10-03,3.69 
2022-10-04,3.76 
2022-10-05,3.00 
2022-10-06,2.03 
2022-10-07,5.31 
2022-10-10,3.10 
2022-10-11,3.44 
2022-10-12,3.79 
2022-10-13,4.10 
2022-10-14,4.53 
2022-10-17,2.51 
2022-10-18,4.42 
2022-10-19,3.61 
2022-10-20,2.95 
2022-10-21,2.75 
2022-10-24,3.29 
2022-10-25,2.97 
2022-10-26,4.27 
2022-10-27,2.46 
2022-10-28,1.68 
2022-10-31,3.35 
2022-11-01,3.53 
2022-11-02,2.64 
2022-11-03,2.07 
2022-11-04,5.05 
2022-11-07,3.34 
2022-11-08,3.65 
2022-11-09,3.74 
2022-11-10,2.65 
2022-11-11,3.92 
2022-11-14,4.69 
2022-11-15,4.62 
2022-11-16,3.31 
2022-11-17,4.05 
2022-11-18,5.40 
2022-11-21,5.22 
2022-11-22,2.51 
2022-11-23,5.12 
2022-11-24,1.27 
2022-11-25,3.68 
2022-11-28,4.24 
2022-11-29,3.36 
2022-11-30,2.93 
2022-12-01,3.39 
2022-12-02,2.51 
2022-12-04,1.40 
2022-12-05,5.93 
2022-12-06,4.45 
2022-12-07,3.61 
2022-12-08,4.25 
2022-12-09,2.81 
2022-12-11,0.66 
2022-12-12,3.73 
2022-12-13,3.14 
2022-12-14,2.83 
2022-12-15,2.38 
2022-12-16,3.24 
2022-12-19,2.55 
2022-12-20,2.50 
2022-12-21,2.75 
2022-12-22,2.85 
2022-12-23,2.31 
2022-12-26,1.14 
2022-12-27,2.00 
2022-12-28,2.55 
2022-12-29,2.02 
2022-12-30,2.85 
2023-01-02,0.43 
2023-01-03,4.81 
2023-01-04,4.61 
2023-01-05,2.41 
2023-01-06,2.19 
2023-01-09,3.18 
2023-01-10,2.00 
2023-01-11,3.50 
2023-01-12,2.02 
2023-01-13,2.14 
2023-01-15,0.41 
2023-01-16,1.12 
2023-01-17,2.71 
2023-01-18,3.45 
2023-01-19,3.04 
2023-01-20,2.00 
2023-01-23,1.59 
2023-01-24,2.56 
2023-01-25,1.78 
2023-01-26,2.22 
2023-01-27,3.44 
2023-01-30,2.83 
2023-01-31,2.70 
2023-02-01,3.68 
2023-02-02,2.27 
2023-02-03,4.90 
2023-02-06,2.26 
2023-02-07,3.25 
2023-02-08,1.49 
2023-02-09,2.32 
2023-02-10,2.86 
2023-02-13,2.17 
2023-02-14,2.15 
2023-02-15,1.90 
2023-02-16,1.62 
2023-02-17,3.19 
2023-02-19,0.29 
2023-02-20,1.41 
2023-02-21,1.82 
2023-02-22,2.75 
2023-02-23,2.16 
2023-02-24,2.54 
2023-02-27,1.83 
2023-02-28,2.28 
2023-03-01,1.73 
2023-03-02,1.36 
2023-03-03,4.07 
2023-03-06,2.31 
2023-03-07,3.88 
2023-03-08,1.62 
2023-03-09,2.63 
2023-03-10,2.34 
2023-03-13,5.17 
2023-03-14,4.12 
2023-03-15,6.91 
2023-03-16,3.67 
2023-03-17,4.47 
2023-03-20,3.58 
2023-03-21,2.83 
2023-03-22,2.42 
2023-03-23,2.53 
2023-03-24,3.56 
2023-03-27,3.97 
2023-03-28,1.74 
2023-03-29,1.61 
2023-03-30,2.02 
2023-03-31,1.95 
2023-04-03,2.69 
2023-04-04,2.20 
2023-04-05,1.52 
2023-04-06,1.31 
2023-04-10,1.61 
2023-04-11,2.22 
2023-04-12,2.25 
2023-04-13,1.33 
2023-04-14,1.36 
2023-04-17,2.24 
2023-04-18,1.61 
2023-04-19,2.72 
2023-04-20,1.92 
2023-04-21,1.67 
2023-04-24,2.46 
2023-04-25,2.57 
2023-04-26,3.88 
2023-04-27,1.25 
2023-04-28,2.99 
2023-05-01,2.16 
2023-05-02,4.69 
2023-05-03,3.84 
2023-05-04,6.20 
2023-05-05,3.33 
2023-05-08,2.65 
2023-05-09,2.44 
2023-05-10,2.09 
2023-05-11,2.87 
2023-05-12,1.85 
2023-05-15,2.28 
2023-05-16,1.34 
2023-05-17,3.22 
2023-05-18,1.45 
2023-05-19,2.37 
2023-05-22,1.81 
2023-05-23,2.08 
2023-05-24,1.60 
2023-05-25,3.39 
2023-05-26,1.56 
2023-05-28,0.39 
2023-05-29,1.50 
2023-05-30,4.53 
2023-05-31,2.66 
2023-06-01,3.56 
2023-06-02,2.17 
2023-06-05,3.33 
2023-06-06,2.20 
2023-06-07,2.18 
2023-06-08,4.25 
2023-06-09,1.67 
2023-06-12,3.53 
2023-06-13,2.68 
2023-06-14,2.42 
2023-06-15,2.99 
2023-06-16,1.94 
2023-06-18,0.25 
2023-06-19,1.42 
2023-06-20,2.44 
2023-06-21,1.92 
2023-06-22,3.72 
2023-06-23,2.30 
2023-06-26,1.40 
2023-06-27,2.65 
2023-06-28,2.68 
2023-06-29,1.67 
2023-06-30,1.51 
2023-07-03,2.08 
2023-07-04,1.43 
2023-07-05,2.27 
2023-07-06,2.12 
2023-07-07,2.73 
2023-07-10,1.48 
2023-07-11,1.98 
2023-07-12,1.48 
2023-07-13,2.01 
2023-07-14,2.19 
2023-07-17,2.25 
2023-07-18,2.08 
2023-07-19,1.90 
2023-07-20,1.43 
2023-07-21,1.60 
2023-07-24,2.84 
2023-07-25,1.61 
2023-07-26,1.22 
2023-07-27,1.73 
2023-07-28,1.64 
2023-07-31,1.87 
2023-08-01,1.63 
2023-08-02,3.38 
2023-08-03,3.17 
2023-08-04,1.73 
2023-08-07,1.78 
2023-08-08,3.18 
2023-08-09,1.98 
2023-08-10,2.31 
2023-08-11,1.58 
2023-08-14,1.44 
2023-08-15,2.51 
2023-08-16,2.38 
2023-08-17,2.13 
2023-08-18,2.02 
2023-08-21,1.86 
2023-08-22,0.89 
2023-08-23,2.29 
2023-08-24,1.69 
2023-08-25,2.31 
2023-08-28,1.26 
2023-08-29,2.07 
2023-08-30,1.17 
2023-08-31,2.21 
2023-09-01,2.60 
2023-09-03,0.33 
2023-09-04,0.86 
2023-09-05,3.05 
2023-09-06,2.15 
2023-09-07,1.35 
2023-09-08,1.80 
2023-09-11,1.44 
2023-09-12,2.15 
2023-09-13,1.35 
2023-09-14,2.11 
2023-09-15,2.01 
2023-09-18,1.68 
2023-09-19,2.67 
2023-09-20,2.11 
2023-09-21,2.61 
2023-09-22,2.02 
2023-09-25,1.80 
2023-09-26,2.55 
2023-09-27,3.77 
2023-09-28,3.64 
2023-09-29,2.75 
2023-10-02,3.42 
2023-10-03,2.51 
2023-10-04,5.43 
2023-10-05,2.77 
2023-10-06,1.78 
2023-10-09,2.57 
2023-10-10,1.62 
2023-10-11,3.40 
2023-10-12,2.89 
2023-10-13,4.48 
2023-10-16,2.01 
2023-10-17,2.15 
2023-10-18,2.68 
2023-10-19,4.08 
2023-10-20,2.45 
2023-10-23,2.94 
2023-10-24,3.36 
2023-10-25,3.48 
2023-10-26,3.03 
2023-10-27,2.80 
2023-10-30,3.48 
2023-10-31,2.63 
2023-11-01,0.59 
