날짜,종가,시가,고가,저가,High_low,변동 %
2023-11-01,1986.85 ,1992.35 ,1992.85 ,1983.85 ,9.00 ,0.00 
2023-10-31,1994.30 ,2005.60 ,2017.70 ,1987.40 ,30.30 ,-0.01 
2023-10-30,2005.60 ,2013.50 ,2016.80 ,1999.70 ,17.10 ,0.01 
2023-10-27,1989.00 ,1987.50 ,2009.80 ,1978.50 ,31.30 ,0.00 
2023-10-26,1987.90 ,1981.60 ,1992.50 ,1974.40 ,18.10 ,0.00 
2023-10-25,1985.50 ,1972.00 ,1988.80 ,1971.00 ,17.80 ,0.00 
2023-10-24,1976.80 ,1975.10 ,1980.30 ,1958.30 ,22.00 ,0.00 
2023-10-23,1978.20 ,1977.90 ,1983.10 ,1963.60 ,19.50 ,-0.01 
2023-10-20,1994.40 ,1988.00 ,2009.20 ,1983.70 ,25.50 ,0.01 
2023-10-19,1980.50 ,1960.10 ,1990.20 ,1957.00 ,33.20 ,0.01 
2023-10-18,1968.30 ,1936.70 ,1975.80 ,1935.90 ,39.90 ,0.02 
2023-10-17,1935.70 ,1933.30 ,1944.50 ,1924.60 ,19.90 ,0.00 
2023-10-16,1934.30 ,1941.30 ,1943.00 ,1921.20 ,21.80 ,0.00 
2023-10-13,1941.50 ,1881.70 ,1946.20 ,1881.50 ,64.70 ,0.03 
2023-10-12,1883.00 ,1888.10 ,1898.30 ,1880.60 ,17.70 ,0.00 
2023-10-11,1887.30 ,1873.70 ,1890.90 ,1871.70 ,19.20 ,0.01 
2023-10-10,1875.30 ,1875.40 ,1879.10 ,1866.10 ,13.00 ,0.01 
2023-10-09,1864.30 ,1861.00 ,1877.30 ,1857.50 ,19.80 ,0.01 
2023-10-06,1845.20 ,1834.30 ,1849.00 ,1823.50 ,25.50 ,0.01 
2023-10-05,1831.80 ,1837.60 ,1843.50 ,1826.20 ,17.30 ,0.00 
2023-10-04,1834.80 ,1838.70 ,1846.80 ,1831.60 ,15.20 ,0.00 
2023-10-03,1841.50 ,1844.90 ,1849.30 ,1830.90 ,18.40 ,0.00 
2023-10-02,1847.20 ,1864.40 ,1864.70 ,1842.70 ,22.00 ,-0.01 
2023-09-29,1866.10 ,1882.30 ,1896.70 ,1862.30 ,34.40 ,-0.01 
2023-09-28,1878.60 ,1893.30 ,1896.80 ,1874.50 ,22.30 ,-0.01 
2023-09-27,1890.90 ,1918.80 ,1921.70 ,1890.30 ,31.40 ,-0.02 
2023-09-26,1919.80 ,1935.10 ,1935.50 ,1917.20 ,18.30 ,-0.01 
2023-09-25,1936.60 ,1944.70 ,1946.80 ,1933.80 ,13.00 ,0.00 
2023-09-22,1945.60 ,1939.60 ,1949.10 ,1939.60 ,9.50 ,0.00 
2023-09-21,1939.60 ,1952.00 ,1952.20 ,1933.10 ,19.10 ,-0.01 
2023-09-20,1967.10 ,1953.00 ,1968.90 ,1948.60 ,20.30 ,0.01 
2023-09-19,1953.70 ,1955.30 ,1958.90 ,1950.90 ,8.00 ,0.00 
2023-09-18,1953.40 ,1945.70 ,1955.70 ,1943.80 ,11.90 ,0.00 
2023-09-15,1946.20 ,1932.50 ,1952.40 ,1931.20 ,21.20 ,0.01 
2023-09-14,1932.80 ,1930.70 ,1934.50 ,1921.70 ,12.80 ,0.00 
2023-09-13,1932.50 ,1935.20 ,1938.40 ,1927.20 ,11.20 ,0.00 
2023-09-12,1935.10 ,1945.60 ,1947.50 ,1929.90 ,17.60 ,-0.01 
2023-09-11,1947.20 ,1943.30 ,1954.60 ,1939.50 ,15.10 ,0.00 
2023-09-08,1942.70 ,1943.80 ,1954.00 ,1940.80 ,13.20 ,0.00 
2023-09-07,1942.50 ,1942.20 ,1947.90 ,1940.30 ,7.60 ,0.00 
2023-09-06,1944.20 ,1951.50 ,1954.50 ,1940.00 ,14.50 ,0.00 
2023-09-05,1952.60 ,1966.70 ,1972.60 ,1950.60 ,22.00 ,-0.01 
2023-09-04,1963.25 ,1966.60 ,1972.55 ,1962.55 ,10.00 ,0.00 
2023-09-03,1966.65 ,1966.40 ,1967.05 ,1965.50 ,1.55 ,0.00 
2023-09-01,1967.10 ,1966.40 ,1980.20 ,1960.70 ,19.50 ,0.00 
2023-08-31,1965.90 ,1970.20 ,1974.90 ,1965.50 ,9.40 ,0.00 
2023-08-30,1973.00 ,1966.00 ,1977.10 ,1962.80 ,14.30 ,0.00 
2023-08-29,1965.10 ,1948.10 ,1966.50 ,1941.70 ,24.80 ,0.01 
2023-08-28,1946.80 ,1944.00 ,1954.20 ,1940.10 ,14.10 ,0.00 
2023-08-25,1939.90 ,1944.90 ,1950.40 ,1931.00 ,19.40 ,0.00 
2023-08-24,1947.10 ,1944.90 ,1951.30 ,1939.20 ,12.10 ,0.00 
2023-08-23,1948.10 ,1926.80 ,1949.70 ,1926.20 ,23.50 ,0.01 
2023-08-22,1926.00 ,1924.00 ,1933.20 ,1917.50 ,15.70 ,0.00 
2023-08-21,1923.00 ,1918.40 ,1927.90 ,1913.60 ,14.30 ,0.00 
2023-08-18,1916.50 ,1919.20 ,1926.00 ,1915.90 ,10.10 ,0.00 
2023-08-17,1915.20 ,1922.40 ,1933.50 ,1914.20 ,19.30 ,-0.01 
2023-08-16,1928.30 ,1933.10 ,1938.20 ,1922.00 ,16.20 ,0.00 
2023-08-15,1935.20 ,1939.40 ,1944.30 ,1927.50 ,16.80 ,0.00 
2023-08-14,1944.00 ,1945.60 ,1948.20 ,1934.20 ,14.00 ,0.00 
2023-08-11,1946.60 ,1944.90 ,1953.60 ,1942.70 ,10.90 ,0.00 
2023-08-10,1948.90 ,1947.70 ,1963.50 ,1944.40 ,19.10 ,0.00 
2023-08-09,1950.60 ,1959.30 ,1966.10 ,1947.20 ,18.90 ,0.00 
2023-08-08,1959.90 ,1971.50 ,1972.80 ,1956.50 ,16.30 ,-0.01 
2023-08-07,1970.00 ,1977.60 ,1981.70 ,1966.10 ,15.60 ,0.00 
2023-08-04,1976.10 ,1969.60 ,1984.20 ,1954.50 ,29.70 ,0.00 
2023-08-03,1968.80 ,1970.80 ,1974.50 ,1964.50 ,10.00 ,0.00 
2023-08-02,1975.00 ,1988.90 ,1992.20 ,1969.10 ,23.10 ,0.00 
2023-08-01,1978.80 ,2004.20 ,2004.40 ,1978.30 ,26.10 ,-0.02 
2023-07-31,2009.20 ,1997.90 ,2010.90 ,1986.70 ,24.20 ,0.00 
2023-07-28,1999.90 ,1985.30 ,2002.00 ,1983.90 ,18.10 ,0.02 
2023-07-27,1965.30 ,1991.80 ,2002.00 ,1961.40 ,40.60 ,-0.01 
2023-07-26,1989.70 ,1985.90 ,1999.30 ,1982.80 ,16.50 ,0.00 
2023-07-25,1983.10 ,1976.10 ,1986.20 ,1971.10 ,15.10 ,0.00 
2023-07-24,1981.60 ,1983.20 ,1988.70 ,1974.70 ,14.00 ,0.01 
2023-07-21,1966.60 ,1972.10 ,1975.90 ,1958.80 ,17.10 ,0.00 
2023-07-20,1970.90 ,1980.00 ,1989.80 ,1967.70 ,22.10 ,-0.01 
2023-07-19,1980.80 ,1982.50 ,1984.60 ,1973.30 ,11.30 ,0.00 
2023-07-18,1980.80 ,1958.30 ,1988.30 ,1958.10 ,30.20 ,0.01 
2023-07-17,1956.40 ,1958.60 ,1963.60 ,1949.00 ,14.60 ,0.00 
2023-07-14,1964.40 ,1965.20 ,1967.80 ,1954.70 ,13.10 ,0.00 
2023-07-13,1963.80 ,1962.70 ,1968.50 ,1956.60 ,11.90 ,0.00 
2023-07-12,1961.70 ,1938.00 ,1965.10 ,1937.50 ,27.60 ,0.01 
2023-07-11,1937.10 ,1930.80 ,1944.50 ,1929.80 ,14.70 ,0.00 
2023-07-10,1931.00 ,1930.70 ,1933.70 ,1918.00 ,15.70 ,0.00 
2023-07-07,1932.50 ,1916.60 ,1941.10 ,1915.40 ,25.70 ,0.01 
2023-07-06,1915.40 ,1922.40 ,1934.00 ,1908.50 ,25.50 ,-0.01 
2023-07-05,1927.10 ,1929.10 ,1942.90 ,1922.10 ,20.80 ,0.00 
2023-07-04,1933.95 ,1928.85 ,1938.05 ,1927.75 ,10.30 ,0.00 
2023-07-03,1929.50 ,1927.80 ,1939.90 ,1917.70 ,22.20 ,0.00 
2023-06-30,1929.40 ,1916.40 ,1930.80 ,1908.10 ,22.70 ,0.01 
2023-06-29,1917.90 ,1916.50 ,1921.30 ,1900.60 ,20.70 ,0.00 
2023-06-28,1913.40 ,1915.20 ,1916.70 ,1903.60 ,13.10 ,0.00 
2023-06-27,1915.10 ,1927.40 ,1930.20 ,1912.30 ,17.90 ,-0.01 
2023-06-26,1925.10 ,1926.40 ,1934.50 ,1923.00 ,11.50 ,0.00 
2023-06-23,1921.00 ,1915.00 ,1939.30 ,1911.30 ,28.00 ,0.00 
2023-06-22,1915.00 ,1935.90 ,1935.90 ,1914.00 ,21.90 ,-0.01 
2023-06-21,1936.10 ,1939.50 ,1940.70 ,1922.20 ,18.50 ,0.00 
2023-06-20,1938.90 ,1961.70 ,1961.70 ,1932.40 ,29.30 ,-0.01 
2023-06-19,1964.05 ,1969.55 ,1970.85 ,1959.90 ,10.95 ,0.00 
2023-06-18,1969.45 ,1970.85 ,1971.70 ,1968.65 ,3.05 ,0.00 
2023-06-16,1962.20 ,1961.30 ,1970.60 ,1956.70 ,13.90 ,0.00 
2023-06-15,1961.80 ,1948.80 ,1963.70 ,1929.60 ,34.10 ,0.00 
2023-06-14,1968.90 ,1957.20 ,1973.90 ,1952.50 ,21.40 ,0.01 
2023-06-13,1958.60 ,1971.40 ,1985.90 ,1953.00 ,32.90 ,-0.01 
2023-06-12,1969.70 ,1975.60 ,1981.40 ,1963.10 ,18.30 ,0.00 
2023-06-09,1977.20 ,1980.50 ,1987.80 ,1971.00 ,16.80 ,0.00 
2023-06-08,1978.60 ,1956.20 ,1985.70 ,1955.20 ,30.50 ,0.01 
2023-06-07,1958.40 ,1980.00 ,1986.50 ,1955.40 ,31.10 ,-0.01 
2023-06-06,1981.50 ,1978.00 ,1982.90 ,1970.30 ,12.60 ,0.00 
2023-06-05,1974.30 ,1962.30 ,1980.40 ,1953.80 ,26.60 ,0.00 
2023-06-02,1969.60 ,1994.60 ,2000.50 ,1963.70 ,36.80 ,-0.01 
2023-06-01,1995.50 ,1981.30 ,2000.70 ,1970.10 ,30.60 ,0.01 
2023-05-31,1982.10 ,1977.50 ,1993.10 ,1971.80 ,21.30 ,0.00 
2023-05-30,1977.10 ,1961.30 ,1981.90 ,1949.60 ,32.30 ,0.01 
2023-05-29,1959.75 ,1961.45 ,1968.15 ,1958.10 ,10.05 ,0.00 
2023-05-28,1961.50 ,1964.55 ,1964.55 ,1960.05 ,4.50 ,0.00 
2023-05-26,1963.10 ,1961.80 ,1975.70 ,1954.70 ,21.00 ,0.01 
2023-05-25,1943.10 ,1959.50 ,1965.40 ,1939.00 ,26.40 ,-0.01 
2023-05-24,1962.80 ,1975.40 ,1975.40 ,1969.20 ,6.20 ,0.00 
2023-05-23,1972.40 ,1973.90 ,1980.00 ,1955.80 ,24.20 ,0.00 
2023-05-22,1974.80 ,1980.50 ,1980.50 ,1980.50 ,0.00 ,0.00 
2023-05-19,1978.70 ,1960.00 ,1976.70 ,1960.00 ,16.70 ,0.01 
2023-05-18,1956.50 ,1956.80 ,1956.80 ,1956.80 ,0.00 ,-0.01 
2023-05-17,1980.70 ,1983.60 ,1983.60 ,1983.60 ,0.00 ,0.00 
2023-05-16,1988.40 ,2021.30 ,2022.70 ,1989.10 ,33.60 ,-0.01 
2023-05-15,2018.00 ,2013.80 ,2017.10 ,2013.80 ,3.30 ,0.00 
2023-05-12,2019.80 ,2020.50 ,2027.80 ,2005.70 ,22.10 ,0.00 
2023-05-11,2020.50 ,2036.80 ,2047.60 ,2016.70 ,30.90 ,-0.01 
2023-05-10,2037.10 ,2041.60 ,2056.00 ,2028.30 ,27.70 ,0.00 
2023-05-09,2042.90 ,2028.40 ,2045.10 ,2026.40 ,18.70 ,0.00 
2023-05-08,2033.20 ,2024.60 ,2037.10 ,2022.00 ,15.10 ,0.00 
2023-05-05,2024.80 ,2058.00 ,2061.30 ,2007.00 ,54.30 ,-0.02 
2023-05-04,2055.70 ,2054.70 ,2085.40 ,2038.50 ,46.90 ,0.01 
2023-05-03,2037.00 ,2026.40 ,2050.00 ,2016.00 ,34.00 ,0.01 
2023-05-02,2023.30 ,1990.50 ,2028.80 ,1986.90 ,41.90 ,0.02 
2023-05-01,1992.20 ,2000.20 ,2015.40 ,1985.70 ,29.70 ,0.00 
2023-04-28,1999.10 ,1997.20 ,2004.10 ,1984.40 ,19.70 ,0.00 
2023-04-27,1999.00 ,1999.80 ,2013.30 ,1982.00 ,31.30 ,0.01 
2023-04-26,1986.90 ,2000.00 ,2009.80 ,1986.60 ,23.20 ,0.00 
2023-04-25,1995.10 ,1995.40 ,2005.00 ,1979.30 ,25.70 ,0.00 
2023-04-24,1990.60 ,1983.20 ,1991.00 ,1975.30 ,15.70 ,0.00 
2023-04-21,1981.30 ,2005.10 ,2007.00 ,1973.00 ,34.00 ,-0.01 
2023-04-20,2009.80 ,1996.50 ,2014.50 ,1994.20 ,20.30 ,0.01 
2023-04-19,1998.00 ,2008.50 ,2009.70 ,1971.90 ,37.80 ,-0.01 
2023-04-18,2010.30 ,1997.10 ,2013.40 ,1994.50 ,18.90 ,0.01 
2023-04-17,1994.20 ,2002.70 ,2007.60 ,1983.20 ,24.40 ,0.00 
2023-04-14,2002.20 ,2041.00 ,2047.80 ,1995.00 ,52.80 ,-0.02 
2023-04-13,2041.30 ,2015.60 ,2048.60 ,2015.60 ,33.00 ,0.02 
2023-04-12,2010.90 ,2005.20 ,2025.70 ,2005.20 ,20.50 ,0.00 
2023-04-11,2004.80 ,1991.40 ,2006.50 ,1991.40 ,15.10 ,0.01 
2023-04-10,1989.10 ,2000.00 ,2006.60 ,1984.00 ,22.60 ,-0.01 
2023-04-06,2011.90 ,2022.20 ,2023.30 ,2005.00 ,18.30 ,0.00 
2023-04-05,2020.90 ,2022.10 ,2033.80 ,2013.60 ,20.20 ,0.00 
2023-04-04,2022.20 ,1984.60 ,2027.10 ,1979.00 ,48.10 ,0.02 
2023-04-03,1983.90 ,1968.10 ,1991.70 ,1950.00 ,41.70 ,0.01 
2023-03-31,1969.00 ,1981.30 ,1986.80 ,1968.00 ,18.80 ,-0.01 
2023-03-30,1980.30 ,1965.90 ,1984.40 ,1954.90 ,29.50 ,0.01 
2023-03-29,1966.90 ,1975.40 ,1976.00 ,1959.50 ,16.50 ,0.00 
2023-03-28,1973.50 ,1957.80 ,1977.10 ,1949.90 ,27.20 ,0.00 
2023-03-27,1971.50 ,2000.30 ,2001.50 ,1962.70 ,38.80 ,-0.02 
2023-03-24,2001.70 ,2013.30 ,2023.90 ,1995.70 ,28.20 ,-0.01 
2023-03-23,2013.30 ,1992.50 ,2023.30 ,1984.40 ,38.90 ,0.02 
2023-03-22,1966.60 ,1959.70 ,1999.40 ,1953.70 ,45.70 ,0.00 
2023-03-21,1958.30 ,2000.70 ,2005.70 ,1955.90 ,49.80 ,-0.02 
2023-03-20,1999.70 ,2008.60 ,2031.70 ,1987.00 ,44.70 ,0.00 
2023-03-17,1990.20 ,1942.70 ,2010.40 ,1939.10 ,71.30 ,0.03 
2023-03-16,1939.70 ,1940.20 ,1954.60 ,1928.40 ,26.20 ,0.00 
2023-03-15,1948.10 ,1924.50 ,1959.10 ,1906.00 ,53.10 ,0.02 
2023-03-14,1910.90 ,1919.40 ,1919.40 ,1899.80 ,19.60 ,0.00 
2023-03-13,1916.50 ,1877.10 ,1919.50 ,1875.70 ,43.80 ,0.03 
2023-03-10,1867.20 ,1835.10 ,1874.30 ,1830.00 ,44.30 ,0.02 
2023-03-09,1834.60 ,1818.00 ,1839.40 ,1815.40 ,24.00 ,0.01 
2023-03-08,1818.60 ,1818.00 ,1828.70 ,1813.40 ,15.30 ,0.00 
2023-03-07,1820.00 ,1852.60 ,1856.90 ,1817.10 ,39.80 ,-0.02 
2023-03-06,1854.60 ,1861.00 ,1864.30 ,1850.60 ,13.70 ,0.00 
2023-03-03,1854.60 ,1842.10 ,1864.40 ,1842.00 ,22.40 ,0.01 
2023-03-02,1840.50 ,1843.80 ,1845.30 ,1835.90 ,9.40 ,0.00 
2023-03-01,1845.40 ,1834.00 ,1852.50 ,1829.60 ,22.90 ,0.00 
2023-02-28,1836.70 ,1823.90 ,1838.60 ,1810.80 ,27.80 ,0.01 
2023-02-27,1824.90 ,1818.00 ,1827.30 ,1812.00 ,15.30 ,0.01 
2023-02-24,1809.20 ,1825.20 ,1827.10 ,1808.80 ,18.30 ,-0.01 
2023-02-23,1818.80 ,1823.60 ,1832.70 ,1818.30 ,14.40 ,-0.01 
2023-02-22,1833.30 ,1837.00 ,1846.40 ,1825.10 ,21.30 ,-0.01 
2023-02-21,1842.50 ,1850.50 ,1856.40 ,1839.00 ,17.40 ,0.00 
2023-02-20,1850.50 ,1847.55 ,1856.35 ,1846.30 ,10.05 ,0.00 
2023-02-19,1847.75 ,1851.20 ,1852.15 ,1847.55 ,4.60 ,0.00 
2023-02-17,1840.40 ,1827.40 ,1842.20 ,1818.40 ,23.80 ,0.00 
2023-02-16,1842.00 ,1838.60 ,1843.70 ,1827.20 ,16.50 ,0.00 
2023-02-15,1834.20 ,1842.00 ,1842.00 ,1828.20 ,13.80 ,-0.01 
2023-02-14,1854.00 ,1854.10 ,1862.00 ,1846.20 ,15.80 ,0.00 
2023-02-13,1851.90 ,1859.00 ,1861.00 ,1850.00 ,11.00 ,-0.01 
2023-02-10,1862.80 ,1861.60 ,1863.50 ,1852.40 ,11.10 ,0.00 
2023-02-09,1866.20 ,1875.30 ,1884.60 ,1859.80 ,24.80 ,-0.01 
2023-02-08,1877.40 ,1872.10 ,1880.40 ,1872.10 ,8.30 ,0.00 
2023-02-07,1871.70 ,1870.00 ,1875.70 ,1868.00 ,7.70 ,0.00 
2023-02-06,1866.20 ,1865.60 ,1880.00 ,1863.40 ,16.60 ,0.00 
2023-02-03,1862.90 ,1912.40 ,1917.00 ,1861.50 ,55.50 ,-0.03 
2023-02-02,1916.30 ,1952.30 ,1959.10 ,1911.30 ,47.80 ,-0.01 
2023-02-01,1927.80 ,1927.20 ,1955.00 ,1922.00 ,33.00 ,0.00 
2023-01-31,1929.50 ,1923.00 ,1930.40 ,1900.60 ,29.80 ,0.00 
2023-01-30,1922.90 ,1928.30 ,1933.60 ,1920.30 ,13.30 ,-0.01 
2023-01-27,1936.60 ,1936.80 ,1943.00 ,1923.70 ,19.30 ,0.00 
2023-01-26,1937.60 ,1955.30 ,1957.00 ,1926.50 ,30.50 ,-0.01 
2023-01-25,1950.30 ,1946.00 ,1956.00 ,1928.70 ,27.30 ,0.00 
2023-01-24,1943.10 ,1940.50 ,1950.60 ,1926.30 ,24.30 ,0.00 
2023-01-23,1936.20 ,1936.10 ,1943.70 ,1920.10 ,23.60 ,0.00 
2023-01-20,1928.20 ,1933.70 ,1939.00 ,1922.00 ,17.00 ,0.00 
2023-01-19,1923.90 ,1907.00 ,1936.90 ,1902.00 ,34.90 ,0.01 
2023-01-18,1907.00 ,1911.10 ,1929.80 ,1898.60 ,31.20 ,0.00 
2023-01-17,1907.20 ,1920.10 ,1920.10 ,1905.20 ,14.90 ,0.00 
2023-01-16,1909.90 ,1923.80 ,1931.80 ,1906.20 ,25.60 ,-0.01 
2023-01-15,1919.90 ,1923.25 ,1923.60 ,1919.85 ,3.75 ,0.00 
2023-01-13,1921.70 ,1898.80 ,1925.30 ,1895.10 ,30.20 ,0.01 
2023-01-12,1898.80 ,1879.70 ,1906.50 ,1872.40 ,34.10 ,0.01 
2023-01-11,1878.90 ,1881.30 ,1890.90 ,1870.90 ,20.00 ,0.00 
2023-01-10,1876.50 ,1875.70 ,1885.20 ,1872.00 ,13.20 ,0.00 
2023-01-09,1877.80 ,1872.80 ,1886.40 ,1869.30 ,17.10 ,0.00 
2023-01-06,1869.70 ,1835.90 ,1875.20 ,1835.20 ,40.00 ,0.02 
2023-01-05,1840.60 ,1861.20 ,1864.30 ,1829.90 ,34.40 ,-0.01 
2023-01-04,1859.00 ,1845.20 ,1871.30 ,1842.00 ,29.30 ,0.01 
2023-01-03,1846.10 ,1831.80 ,1856.60 ,1831.30 ,25.30 ,0.01 
2023-01-02,1835.80 ,1834.55 ,1837.90 ,1831.40 ,6.50 ,0.01 
2022-12-30,1826.20 ,1821.80 ,1832.40 ,1819.80 ,12.60 ,0.00 
2022-12-29,1826.00 ,1812.30 ,1827.30 ,1811.20 ,16.10 ,0.01 
2022-12-28,1815.80 ,1822.40 ,1822.80 ,1804.20 ,18.60 ,0.00 
2022-12-27,1823.10 ,1808.20 ,1841.90 ,1808.00 ,33.90 ,0.01 
2022-12-26,1809.70 ,1805.80 ,1811.95 ,1805.55 ,6.40 ,0.00 
2022-12-23,1804.20 ,1801.00 ,1812.20 ,1798.90 ,13.30 ,0.01 
2022-12-22,1795.30 ,1823.80 ,1829.30 ,1792.70 ,36.60 ,-0.02 
2022-12-21,1825.40 ,1827.90 ,1833.80 ,1821.30 ,12.50 ,0.00 
2022-12-20,1825.40 ,1796.80 ,1832.40 ,1793.70 ,38.70 ,0.02 
2022-12-19,1797.70 ,1801.60 ,1808.60 ,1793.20 ,15.40 ,0.00 
2022-12-16,1800.20 ,1786.90 ,1804.20 ,1783.90 ,20.30 ,0.01 
2022-12-15,1787.80 ,1818.70 ,1819.70 ,1782.00 ,37.70 ,-0.02 
2022-12-14,1818.70 ,1822.60 ,1825.40 ,1806.20 ,19.20 ,0.00 
2022-12-13,1825.50 ,1792.30 ,1836.90 ,1791.80 ,45.10 ,0.02 
2022-12-12,1792.30 ,1808.00 ,1809.30 ,1789.00 ,20.30 ,-0.01 
2022-12-09,1810.70 ,1801.90 ,1819.00 ,1800.10 ,18.90 ,0.01 
2022-12-08,1801.50 ,1799.50 ,1806.90 ,1793.20 ,13.70 ,0.00 
2022-12-07,1798.00 ,1783.30 ,1803.20 ,1780.50 ,22.70 ,0.01 
2022-12-06,1782.40 ,1780.80 ,1793.20 ,1779.10 ,14.10 ,0.00 
2022-12-05,1781.30 ,1810.50 ,1822.90 ,1778.10 ,44.80 ,-0.02 
2022-12-02,1809.60 ,1817.00 ,1818.70 ,1791.80 ,26.90 ,0.00 
2022-12-01,1815.20 ,1783.10 ,1818.40 ,1782.90 ,35.50 ,0.03 
2022-11-30,1759.90 ,1763.40 ,1784.20 ,1758.20 ,26.00 ,0.00 
2022-11-29,1763.70 ,1754.60 ,1773.40 ,1752.90 ,20.50 ,0.01 
2022-11-28,1740.30 ,1755.00 ,1763.50 ,1738.20 ,25.30 ,-0.01 
2022-11-25,1754.00 ,1751.00 ,1761.20 ,1745.90 ,15.30 ,0.00 
2022-11-24,1754.00 ,1751.00 ,1761.20 ,1745.90 ,15.30 ,0.00 
2022-11-23,1745.60 ,1740.80 ,1754.90 ,1719.00 ,35.90 ,0.00 
2022-11-22,1739.90 ,1739.70 ,1751.00 ,1737.60 ,13.40 ,0.00 
2022-11-21,1739.60 ,1752.00 ,1755.00 ,1733.90 ,21.10 ,-0.01 
2022-11-18,1754.40 ,1763.10 ,1769.90 ,1749.20 ,20.70 ,0.00 
2022-11-17,1763.00 ,1777.00 ,1777.60 ,1756.60 ,21.00 ,-0.01 
2022-11-16,1775.80 ,1782.00 ,1788.20 ,1773.40 ,14.80 ,0.00 
2022-11-15,1776.80 ,1774.00 ,1791.80 ,1770.20 ,21.60 ,0.00 
2022-11-14,1776.90 ,1769.40 ,1778.40 ,1755.80 ,22.60 ,0.00 
2022-11-11,1769.40 ,1758.30 ,1775.60 ,1750.30 ,25.30 ,0.01 
2022-11-10,1753.70 ,1709.70 ,1760.60 ,1705.50 ,55.10 ,0.02 
2022-11-09,1713.70 ,1715.20 ,1725.80 ,1705.10 ,20.70 ,0.00 
2022-11-08,1716.00 ,1678.00 ,1720.40 ,1667.10 ,53.30 ,0.02 
2022-11-07,1680.50 ,1678.60 ,1685.60 ,1670.00 ,15.60 ,0.00 
2022-11-04,1676.60 ,1631.70 ,1686.40 ,1631.10 ,55.30 ,0.03 
2022-11-03,1630.90 ,1639.10 ,1643.20 ,1618.30 ,24.90 ,-0.01 
2022-11-02,1650.00 ,1651.40 ,1673.10 ,1637.40 ,35.70 ,0.00 
2022-11-01,1649.70 ,1636.10 ,1660.30 ,1633.60 ,26.70 ,0.01 
2022-10-31,1640.70 ,1647.20 ,1648.50 ,1634.50 ,14.00 ,0.00 
2022-10-28,1644.80 ,1667.20 ,1670.90 ,1640.70 ,30.20 ,-0.01 
2022-10-27,1665.60 ,1668.80 ,1674.80 ,1658.50 ,16.30 ,0.00 
2022-10-26,1669.20 ,1657.70 ,1679.40 ,1653.80 ,25.60 ,0.01 
2022-10-25,1658.00 ,1654.50 ,1666.80 ,1641.20 ,25.60 ,0.00 
2022-10-24,1654.10 ,1662.90 ,1675.50 ,1648.00 ,27.50 ,0.00 
2022-10-21,1656.30 ,1632.40 ,1663.10 ,1621.10 ,42.00 ,0.01 
2022-10-20,1636.80 ,1634.60 ,1650.30 ,1626.30 ,24.00 ,0.00 
2022-10-19,1634.20 ,1657.20 ,1659.80 ,1632.20 ,27.60 ,-0.01 
2022-10-18,1655.80 ,1655.90 ,1666.00 ,1650.60 ,15.40 ,0.00 
2022-10-17,1664.00 ,1649.90 ,1674.30 ,1649.10 ,25.20 ,0.01 
2022-10-14,1648.90 ,1672.80 ,1677.80 ,1645.60 ,32.20 ,-0.02 
2022-10-13,1677.00 ,1680.20 ,1688.90 ,1648.30 ,40.60 ,0.00 
2022-10-12,1677.50 ,1673.40 ,1685.10 ,1668.00 ,17.10 ,-0.01 
2022-10-11,1686.00 ,1675.60 ,1691.30 ,1667.50 ,23.80 ,0.01 
2022-10-10,1675.20 ,1703.40 ,1707.40 ,1672.50 ,34.90 ,-0.02 
2022-10-07,1709.30 ,1721.00 ,1722.80 ,1698.40 ,24.40 ,-0.01 
2022-10-06,1720.80 ,1725.50 ,1734.20 ,1714.80 ,19.40 ,0.00 
2022-10-05,1720.80 ,1734.40 ,1736.60 ,1708.80 ,27.80 ,-0.01 
2022-10-04,1730.50 ,1708.40 ,1738.70 ,1704.00 ,34.70 ,0.02 
2022-10-03,1702.00 ,1670.50 ,1710.40 ,1666.50 ,43.90 ,0.02 
2022-09-30,1672.00 ,1669.50 ,1684.40 ,1667.50 ,16.90 ,0.00 
2022-09-29,1668.60 ,1669.00 ,1673.10 ,1649.30 ,23.80 ,0.00 
2022-09-28,1670.00 ,1636.50 ,1671.60 ,1622.20 ,49.40 ,0.02 
2022-09-27,1636.20 ,1629.20 ,1650.10 ,1628.70 ,21.40 ,0.00 
2022-09-26,1633.40 ,1651.00 ,1657.20 ,1627.70 ,29.50 ,-0.01 
2022-09-23,1655.60 ,1680.10 ,1685.00 ,1646.60 ,38.40 ,-0.02 
2022-09-22,1681.10 ,1682.80 ,1693.50 ,1663.30 ,30.20 ,0.00 
2022-09-21,1675.70 ,1673.20 ,1696.90 ,1661.30 ,35.60 ,0.00 
2022-09-20,1671.10 ,1684.90 ,1688.80 ,1668.10 ,20.70 ,0.00 
2022-09-19,1678.20 ,1685.40 ,1688.80 ,1667.60 ,21.20 ,0.00 
2022-09-16,1683.50 ,1673.70 ,1689.90 ,1661.90 ,28.00 ,0.00 
2022-09-15,1677.30 ,1707.20 ,1707.80 ,1668.90 ,38.90 ,-0.02 
2022-09-14,1709.10 ,1711.60 ,1717.30 ,1703.30 ,14.00 ,0.00 
2022-09-13,1717.40 ,1736.00 ,1742.90 ,1706.70 ,36.20 ,-0.01 
2022-09-12,1740.60 ,1728.40 ,1746.40 ,1722.30 ,24.10 ,0.01 
2022-09-09,1728.60 ,1719.60 ,1740.50 ,1719.40 ,21.10 ,0.00 
2022-09-08,1720.20 ,1729.50 ,1739.40 ,1713.70 ,25.70 ,0.00 
2022-09-07,1727.80 ,1712.90 ,1731.20 ,1701.70 ,29.50 ,0.01 
2022-09-06,1707.90 ,1719.70 ,1719.70 ,1714.20 ,5.50 ,0.00 
2022-09-05,1712.90 ,1724.20 ,1737.40 ,1710.60 ,26.80 ,0.00 
2022-09-04,1718.65 ,1723.60 ,1723.75 ,1718.65 ,5.10 ,0.00 
2022-09-02,1722.60 ,1707.80 ,1729.50 ,1705.90 ,23.60 ,0.01 
2022-09-01,1709.30 ,1723.00 ,1723.00 ,1699.10 ,23.90 ,-0.01 
2022-08-31,1726.20 ,1735.50 ,1738.00 ,1720.60 ,17.40 ,-0.01 
2022-08-30,1736.30 ,1749.80 ,1752.80 ,1732.90 ,19.90 ,-0.01 
2022-08-29,1749.70 ,1748.40 ,1757.90 ,1731.40 ,26.50 ,0.00 
2022-08-26,1749.80 ,1771.80 ,1772.30 ,1746.20 ,26.10 ,-0.01 
2022-08-25,1771.40 ,1764.40 ,1778.80 ,1763.00 ,15.80 ,0.01 
2022-08-24,1761.50 ,1761.30 ,1769.50 ,1754.80 ,14.70 ,0.00 
2022-08-23,1761.20 ,1750.00 ,1767.50 ,1743.10 ,24.40 ,0.01 
2022-08-22,1748.40 ,1760.60 ,1762.10 ,1740.20 ,21.90 ,-0.01 
2022-08-19,1762.90 ,1773.10 ,1773.30 ,1759.10 ,14.20 ,0.00 
2022-08-18,1771.20 ,1777.10 ,1786.30 ,1768.80 ,17.50 ,0.00 
2022-08-17,1776.70 ,1790.80 ,1796.60 ,1773.90 ,22.70 ,-0.01 
2022-08-16,1789.70 ,1795.50 ,1798.00 ,1785.40 ,12.60 ,0.00 
2022-08-15,1798.10 ,1818.90 ,1818.90 ,1787.60 ,31.30 ,-0.01 
2022-08-12,1815.50 ,1805.20 ,1819.10 ,1799.60 ,19.50 ,0.00 
2022-08-11,1807.20 ,1807.90 ,1814.90 ,1798.60 ,16.30 ,0.00 
2022-08-10,1813.70 ,1811.50 ,1824.60 ,1803.30 ,21.30 ,0.00 
2022-08-09,1812.30 ,1805.50 ,1817.00 ,1799.40 ,17.60 ,0.00 
2022-08-08,1805.20 ,1790.30 ,1806.40 ,1786.90 ,19.50 ,0.01 
2022-08-05,1791.20 ,1807.70 ,1811.60 ,1780.20 ,31.40 ,-0.01 
2022-08-04,1806.90 ,1782.10 ,1812.00 ,1779.40 ,32.60 ,0.02 
2022-08-03,1776.40 ,1777.30 ,1789.40 ,1770.00 ,19.40 ,-0.01 
2022-08-02,1789.70 ,1789.20 ,1805.00 ,1776.00 ,29.00 ,0.00 
2022-08-01,1787.70 ,1782.50 ,1792.50 ,1774.30 ,18.20 ,0.00 
2022-07-29,1781.80 ,1773.10 ,1784.60 ,1768.40 ,16.20 ,0.01 
2022-07-28,1769.20 ,1751.40 ,1774.40 ,1750.40 ,24.00 ,0.03 
2022-07-27,1719.10 ,1715.20 ,1739.60 ,1709.10 ,30.50 ,0.00 
2022-07-26,1717.70 ,1717.90 ,1726.40 ,1711.50 ,14.90 ,0.00 
2022-07-25,1719.10 ,1726.30 ,1734.60 ,1712.90 ,21.70 ,0.00 
2022-07-22,1727.40 ,1717.20 ,1738.30 ,1711.70 ,26.60 ,0.01 
2022-07-21,1713.40 ,1693.70 ,1719.50 ,1678.40 ,41.10 ,0.01 
2022-07-20,1700.20 ,1709.50 ,1712.70 ,1690.10 ,22.60 ,-0.01 
2022-07-19,1710.70 ,1707.20 ,1716.50 ,1702.60 ,13.90 ,0.00 
2022-07-18,1710.20 ,1706.40 ,1722.00 ,1704.40 ,17.60 ,0.00 
2022-07-15,1703.60 ,1708.20 ,1714.20 ,1696.60 ,17.60 ,0.00 
2022-07-14,1705.80 ,1733.60 ,1734.80 ,1695.00 ,39.80 ,-0.02 
2022-07-13,1735.50 ,1723.60 ,1744.30 ,1704.50 ,39.80 ,0.01 
2022-07-12,1724.80 ,1731.30 ,1742.20 ,1721.60 ,20.60 ,0.00 
2022-07-11,1731.70 ,1741.50 ,1743.00 ,1729.00 ,14.00 ,-0.01 
2022-07-08,1742.30 ,1738.70 ,1751.70 ,1726.00 ,25.70 ,0.00 
2022-07-07,1739.70 ,1737.20 ,1748.20 ,1734.70 ,13.50 ,0.00 
2022-07-06,1736.50 ,1764.20 ,1771.50 ,1730.70 ,40.80 ,-0.02 
2022-07-05,1768.90 ,1817.00 ,1817.00 ,1768.90 ,48.10 ,0.00 
2022-07-04,1763.90 ,1814.40 ,1815.20 ,1763.00 ,52.20 ,-0.02 
2022-07-01,1801.50 ,1808.10 ,1813.60 ,1783.40 ,30.20 ,0.00 
2022-06-30,1807.30 ,1819.20 ,1826.80 ,1802.50 ,24.30 ,-0.01 
2022-06-29,1817.50 ,1821.40 ,1834.90 ,1810.70 ,24.20 ,0.00 
2022-06-28,1821.20 ,1823.60 ,1830.90 ,1819.10 ,11.80 ,0.00 
2022-06-27,1824.80 ,1839.60 ,1842.80 ,1821.80 ,21.00 ,0.00 
2022-06-24,1830.30 ,1824.20 ,1833.70 ,1817.70 ,16.00 ,0.00 
2022-06-23,1829.80 ,1839.70 ,1848.90 ,1823.50 ,25.40 ,0.00 
2022-06-22,1838.40 ,1834.90 ,1850.30 ,1824.50 ,25.80 ,0.00 
2022-06-21,1838.80 ,1840.60 ,1848.40 ,1830.70 ,17.70 ,0.00 
2022-06-20,1838.80 ,1840.60 ,1848.40 ,1830.70 ,17.70 ,0.00 
2022-06-17,1840.60 ,1859.30 ,1861.50 ,1836.10 ,25.40 ,-0.01 
2022-06-16,1849.90 ,1835.80 ,1860.20 ,1816.30 ,43.90 ,0.02 
2022-06-15,1819.60 ,1809.70 ,1845.40 ,1808.40 ,37.00 ,0.00 
2022-06-14,1813.50 ,1820.90 ,1833.30 ,1806.10 ,27.20 ,-0.01 
2022-06-13,1831.80 ,1879.00 ,1882.50 ,1819.00 ,63.50 ,-0.02 
2022-06-10,1875.50 ,1850.40 ,1879.60 ,1826.50 ,53.10 ,0.01 
2022-06-09,1852.80 ,1855.10 ,1857.80 ,1841.90 ,15.90 ,0.00 
2022-06-08,1856.50 ,1855.00 ,1862.40 ,1846.60 ,15.80 ,0.00 
2022-06-07,1852.10 ,1843.50 ,1858.20 ,1838.50 ,19.70 ,0.00 
2022-06-06,1843.70 ,1853.70 ,1861.20 ,1843.00 ,18.20 ,0.00 
2022-06-03,1850.20 ,1872.60 ,1878.60 ,1849.70 ,28.90 ,-0.01 
2022-06-02,1871.40 ,1849.90 ,1874.40 ,1846.50 ,27.90 ,0.01 
2022-06-01,1848.70 ,1840.00 ,1853.00 ,1830.20 ,22.80 ,0.00 
2022-05-31,1848.40 ,1856.50 ,1867.90 ,1837.60 ,30.30 ,0.00 
2022-05-30,1848.40 ,1856.50 ,1867.90 ,1837.60 ,30.30 ,0.00 
2022-05-27,1857.30 ,1855.10 ,1866.90 ,1851.90 ,15.00 ,0.01 
2022-05-26,1847.60 ,1851.80 ,1852.80 ,1836.30 ,16.50 ,0.00 
2022-05-25,1846.30 ,1865.40 ,1866.70 ,1838.70 ,28.00 ,-0.01 
2022-05-24,1865.40 ,1852.30 ,1869.10 ,1847.60 ,21.50 ,0.01 
2022-05-23,1847.80 ,1844.40 ,1864.30 ,1843.30 ,21.00 ,0.00 
2022-05-20,1842.10 ,1839.60 ,1847.80 ,1830.60 ,17.20 ,0.00 
2022-05-19,1841.20 ,1815.10 ,1848.20 ,1808.40 ,39.80 ,0.01 
2022-05-18,1815.90 ,1813.20 ,1822.90 ,1805.00 ,17.90 ,0.00 
2022-05-17,1818.90 ,1823.90 ,1834.80 ,1811.00 ,23.80 ,0.00 
2022-05-16,1814.00 ,1809.40 ,1826.00 ,1785.00 ,41.00 ,0.00 
2022-05-13,1808.20 ,1821.40 ,1827.60 ,1797.20 ,30.40 ,-0.01 
2022-05-12,1824.60 ,1852.30 ,1858.80 ,1820.10 ,38.70 ,-0.02 
2022-05-11,1853.70 ,1836.60 ,1857.80 ,1830.60 ,27.20 ,0.01 
2022-05-10,1841.00 ,1853.90 ,1864.70 ,1834.50 ,30.20 ,-0.01 
2022-05-09,1858.60 ,1883.70 ,1885.60 ,1851.00 ,34.60 ,-0.01 
2022-05-06,1882.80 ,1877.50 ,1894.00 ,1865.00 ,29.00 ,0.00 
2022-05-05,1875.70 ,1884.10 ,1910.70 ,1872.30 ,38.40 ,0.00 
2022-05-04,1868.80 ,1868.30 ,1892.00 ,1861.10 ,30.90 ,0.00 
2022-05-03,1870.60 ,1863.60 ,1878.40 ,1849.70 ,28.70 ,0.00 
2022-05-02,1863.60 ,1896.20 ,1900.40 ,1853.40 ,47.00 ,-0.03 
2022-04-29,1911.70 ,1895.80 ,1921.30 ,1893.50 ,27.80 ,0.01 
2022-04-28,1891.30 ,1886.80 ,1897.80 ,1870.90 ,26.90 ,0.00 
2022-04-27,1888.70 ,1907.40 ,1908.10 ,1881.60 ,26.50 ,-0.01 
2022-04-26,1904.10 ,1899.80 ,1912.20 ,1896.30 ,15.90 ,0.00 
2022-04-25,1896.00 ,1931.90 ,1935.50 ,1891.80 ,43.70 ,-0.02 
2022-04-22,1934.30 ,1953.10 ,1957.80 ,1928.00 ,29.80 ,-0.01 
2022-04-21,1948.20 ,1960.00 ,1960.10 ,1938.00 ,22.10 ,0.00 
2022-04-20,1955.60 ,1952.70 ,1960.90 ,1941.00 ,19.90 ,0.00 
2022-04-19,1959.00 ,1981.20 ,1985.10 ,1945.50 ,39.60 ,-0.01 
2022-04-18,1986.40 ,1978.50 ,2003.00 ,1974.40 ,28.60 ,0.01 
2022-04-14,1974.90 ,1981.60 ,1984.00 ,1962.70 ,21.30 ,0.00 
2022-04-13,1984.70 ,1970.50 ,1985.80 ,1966.30 ,19.50 ,0.00 
2022-04-12,1976.10 ,1957.40 ,1982.70 ,1953.00 ,29.70 ,0.01 
2022-04-11,1948.20 ,1949.60 ,1974.60 ,1942.90 ,31.70 ,0.00 
2022-04-08,1945.60 ,1934.30 ,1952.20 ,1930.40 ,21.80 ,0.00 
2022-04-07,1937.80 ,1928.10 ,1941.70 ,1923.30 ,18.40 ,0.01 
2022-04-06,1923.10 ,1927.60 ,1937.60 ,1916.20 ,21.40 ,0.00 
2022-04-05,1927.50 ,1937.30 ,1948.90 ,1920.90 ,28.00 ,0.00 
2022-04-04,1934.00 ,1927.10 ,1941.60 ,1918.20 ,23.40 ,0.01 
2022-04-01,1923.70 ,1942.40 ,1944.50 ,1921.40 ,23.10 ,-0.02 
2022-03-31,1954.00 ,1937.30 ,1955.00 ,1923.00 ,32.00 ,0.01 
2022-03-30,1939.00 ,1924.00 ,1943.40 ,1920.10 ,23.30 ,0.01 
2022-03-29,1912.20 ,1922.40 ,1929.40 ,1888.30 ,41.10 ,-0.01 
2022-03-28,1939.80 ,1958.70 ,1959.80 ,1915.70 ,44.10 ,-0.01 
2022-03-25,1954.20 ,1957.80 ,1965.10 ,1942.60 ,22.50 ,0.00 
2022-03-24,1962.20 ,1944.10 ,1967.20 ,1937.40 ,29.80 ,0.01 
2022-03-23,1937.30 ,1920.90 ,1948.80 ,1915.60 ,33.20 ,0.01 
2022-03-22,1921.50 ,1936.10 ,1939.50 ,1909.80 ,29.70 ,0.00 
2022-03-21,1929.50 ,1922.40 ,1941.80 ,1917.20 ,24.60 ,0.00 
2022-03-18,1929.30 ,1943.90 ,1946.20 ,1918.00 ,28.20 ,-0.01 
2022-03-17,1943.20 ,1928.40 ,1951.00 ,1924.00 ,27.00 ,0.02 
2022-03-16,1909.20 ,1920.10 ,1930.10 ,1895.20 ,34.90 ,-0.01 
2022-03-15,1929.70 ,1953.70 ,1956.90 ,1908.10 ,48.80 ,-0.02 
2022-03-14,1960.80 ,1988.70 ,1994.80 ,1952.00 ,42.80 ,-0.01 
2022-03-11,1985.00 ,2000.30 ,2004.00 ,1960.60 ,43.40 ,-0.01 
2022-03-10,2000.40 ,1992.80 ,2015.10 ,1975.00 ,40.10 ,0.01 
2022-03-09,1988.20 ,2060.20 ,2068.50 ,1981.00 ,87.50 ,-0.03 
2022-03-08,2043.30 ,2001.00 ,2078.80 ,1985.80 ,93.00 ,0.02 
2022-03-07,1995.90 ,1978.50 ,2007.50 ,1964.20 ,43.30 ,0.01 
2022-03-04,1966.60 ,1938.50 ,1974.90 ,1931.50 ,43.40 ,0.02 
2022-03-03,1935.90 ,1931.70 ,1944.60 ,1923.10 ,21.50 ,0.01 
2022-03-02,1922.30 ,1945.30 ,1951.40 ,1916.00 ,35.40 ,-0.01 
2022-03-01,1943.80 ,1908.40 ,1952.60 ,1903.00 ,49.60 ,0.02 
2022-02-28,1900.70 ,1921.00 ,1935.20 ,1892.20 ,43.00 ,0.01 
2022-02-25,1887.60 ,1906.50 ,1925.00 ,1884.40 ,40.60 ,-0.02 
2022-02-24,1926.30 ,1911.90 ,1976.50 ,1878.60 ,97.90 ,0.01 
2022-02-23,1910.40 ,1901.20 ,1912.90 ,1891.10 ,21.80 ,0.00 
2022-02-22,1907.40 ,1903.50 ,1918.30 ,1889.70 ,28.60 ,0.00 
2022-02-21,1907.40 ,1903.50 ,1918.30 ,1889.70 ,28.60 ,0.00 
2022-02-18,1899.80 ,1901.40 ,1905.00 ,1888.00 ,17.00 ,0.00 
2022-02-17,1902.00 ,1872.00 ,1904.00 ,1869.70 ,34.30 ,0.02 
2022-02-16,1871.50 ,1855.50 ,1874.60 ,1851.80 ,22.80 ,0.01 
2022-02-15,1856.20 ,1873.80 ,1881.60 ,1845.40 ,36.20 ,-0.01 
2022-02-14,1869.40 ,1862.20 ,1876.50 ,1851.90 ,24.60 ,0.01 
2022-02-11,1842.10 ,1827.00 ,1867.40 ,1821.10 ,46.30 ,0.00 
2022-02-10,1837.40 ,1834.00 ,1843.30 ,1821.80 ,21.50 ,0.00 
2022-02-09,1836.60 ,1827.00 ,1837.10 ,1825.50 ,11.60 ,0.00 
2022-02-08,1827.90 ,1821.50 ,1829.90 ,1816.00 ,13.90 ,0.00 
2022-02-07,1821.80 ,1808.00 ,1824.60 ,1807.50 ,17.10 ,0.01 
2022-02-04,1807.80 ,1805.40 ,1815.80 ,1792.10 ,23.70 ,0.00 
2022-02-03,1804.10 ,1807.40 ,1809.50 ,1788.50 ,21.00 ,0.00 
2022-02-02,1810.30 ,1800.80 ,1812.00 ,1794.60 ,17.40 ,0.00 
2022-02-01,1801.50 ,1798.90 ,1809.70 ,1796.20 ,13.50 ,0.00 
2022-01-31,1796.40 ,1792.80 ,1800.90 ,1785.80 ,15.10 ,0.01 
2022-01-28,1786.60 ,1799.60 ,1800.30 ,1780.60 ,19.70 ,0.00 
2022-01-27,1793.10 ,1819.00 ,1821.40 ,1790.60 ,30.80 ,-0.02 
2022-01-26,1829.70 ,1848.00 ,1850.20 ,1814.10 ,36.10 ,-0.01 
2022-01-25,1852.50 ,1843.60 ,1854.20 ,1834.40 ,19.80 ,0.01 
2022-01-24,1841.70 ,1835.20 ,1844.90 ,1829.30 ,15.60 ,0.01 
2022-01-21,1831.80 ,1840.60 ,1843.70 ,1828.40 ,15.30 ,-0.01 
2022-01-20,1842.60 ,1840.10 ,1848.50 ,1836.20 ,12.30 ,0.00 
2022-01-19,1843.20 ,1812.90 ,1843.90 ,1809.00 ,34.90 ,0.02 
2022-01-18,1814.10 ,1818.70 ,1824.20 ,1806.90 ,17.30 ,0.00 
2022-01-17,1812.40 ,1818.70 ,1822.90 ,1804.70 ,18.20 ,0.00 
2022-01-14,1816.50 ,1822.10 ,1829.30 ,1814.20 ,15.10 ,0.00 
2022-01-13,1821.40 ,1825.70 ,1828.30 ,1811.80 ,16.50 ,0.00 
2022-01-12,1827.30 ,1821.30 ,1828.20 ,1814.40 ,13.80 ,0.00 
2022-01-11,1818.50 ,1801.30 ,1823.10 ,1799.70 ,23.40 ,0.01 
2022-01-10,1798.80 ,1796.40 ,1802.00 ,1789.30 ,12.70 ,0.00 
2022-01-07,1797.40 ,1791.00 ,1798.40 ,1781.30 ,17.10 ,0.00 
2022-01-06,1789.20 ,1810.60 ,1811.60 ,1785.40 ,26.20 ,-0.02 
2022-01-05,1825.10 ,1815.20 ,1830.70 ,1808.20 ,22.50 ,0.01 
2022-01-04,1814.60 ,1801.10 ,1817.20 ,1798.10 ,19.10 ,0.01 
2022-01-03,1800.10 ,1830.10 ,1833.00 ,1798.20 ,34.80 ,-0.02 
2021-12-31,1828.60 ,1817.00 ,1831.40 ,1815.40 ,16.00 ,0.01 
2021-12-30,1814.10 ,1805.60 ,1818.10 ,1796.20 ,21.90 ,0.00 
2021-12-29,1805.80 ,1806.60 ,1808.00 ,1789.10 ,18.90 ,0.00 
2021-12-28,1810.90 ,1812.10 ,1821.60 ,1805.50 ,16.10 ,0.00 
2021-12-27,1808.80 ,1810.20 ,1814.60 ,1803.60 ,11.00 ,0.00 
2021-12-23,1811.70 ,1805.60 ,1812.00 ,1799.00 ,13.00 ,0.01 
2021-12-22,1802.20 ,1789.40 ,1806.30 ,1785.80 ,20.50 ,0.01 
2021-12-21,1788.70 ,1791.40 ,1801.70 ,1785.00 ,16.70 ,0.00 
2021-12-20,1794.60 ,1800.20 ,1804.60 ,1789.00 ,15.60 ,-0.01 
2021-12-17,1804.90 ,1801.50 ,1815.70 ,1796.50 ,19.20 ,0.00 
2021-12-16,1798.20 ,1777.90 ,1800.70 ,1775.70 ,25.00 ,0.02 
2021-12-15,1764.50 ,1771.90 ,1781.30 ,1753.00 ,28.30 ,0.00 
2021-12-14,1772.30 ,1787.60 ,1789.80 ,1766.10 ,23.70 ,-0.01 
2021-12-13,1788.30 ,1784.20 ,1792.80 ,1782.20 ,10.60 ,0.00 
2021-12-10,1784.80 ,1776.30 ,1791.00 ,1770.40 ,20.60 ,0.00 
2021-12-09,1776.70 ,1784.30 ,1788.40 ,1773.30 ,15.10 ,0.00 
2021-12-08,1785.50 ,1785.10 ,1794.30 ,1780.10 ,14.20 ,0.00 
2021-12-07,1784.70 ,1779.50 ,1789.30 ,1772.40 ,16.90 ,0.00 
2021-12-06,1779.50 ,1787.70 ,1789.00 ,1776.40 ,12.60 ,0.00 
2021-12-03,1783.90 ,1769.40 ,1788.00 ,1766.00 ,22.00 ,0.01 
2021-12-02,1762.70 ,1783.80 ,1785.20 ,1762.20 ,23.00 ,-0.01 
2021-12-01,1784.30 ,1777.40 ,1795.70 ,1773.70 ,22.00 ,0.00 
2021-11-30,1776.50 ,1786.90 ,1811.40 ,1771.20 ,40.20 ,0.00 
2021-11-29,1785.20 ,1795.20 ,1801.50 ,1782.00 ,19.50 ,0.00 
2021-11-26,1786.90 ,1788.40 ,1817.70 ,1780.50 ,37.20 ,0.00 
2021-11-25,1788.10 ,1792.30 ,1819.30 ,1781.60 ,37.70 ,0.00 
2021-11-24,1784.30 ,1789.80 ,1796.20 ,1777.40 ,18.80 ,0.00 
2021-11-23,1783.80 ,1807.10 ,1812.50 ,1781.70 ,30.80 ,-0.01 
2021-11-22,1806.30 ,1848.30 ,1850.40 ,1802.40 ,48.00 ,-0.02 
2021-11-19,1851.60 ,1860.80 ,1868.10 ,1844.20 ,23.90 ,-0.01 
2021-11-18,1861.40 ,1869.50 ,1873.30 ,1856.60 ,16.70 ,0.00 
2021-11-17,1870.20 ,1851.60 ,1870.60 ,1851.10 ,19.50 ,0.01 
2021-11-16,1854.10 ,1864.90 ,1879.50 ,1851.00 ,28.50 ,-0.01 
2021-11-15,1866.60 ,1872.60 ,1873.00 ,1858.50 ,14.50 ,0.00 
2021-11-12,1868.50 ,1864.30 ,1871.40 ,1847.50 ,23.90 ,0.00 
2021-11-11,1863.90 ,1851.50 ,1868.70 ,1845.10 ,23.60 ,0.01 
2021-11-10,1848.30 ,1834.50 ,1870.60 ,1823.00 ,47.60 ,0.01 
2021-11-09,1830.80 ,1826.90 ,1834.80 ,1821.00 ,13.80 ,0.00 
2021-11-08,1828.00 ,1820.60 ,1828.30 ,1813.80 ,14.50 ,0.01 
2021-11-05,1816.80 ,1792.60 ,1820.10 ,1785.30 ,34.80 ,0.01 
2021-11-04,1793.50 ,1769.90 ,1800.30 ,1769.30 ,31.00 ,0.02 
2021-11-03,1763.90 ,1789.20 ,1789.30 ,1758.50 ,30.80 ,-0.01 
2021-11-02,1789.40 ,1794.80 ,1797.80 ,1787.40 ,10.40 ,0.00 
2021-11-01,1795.80 ,1785.30 ,1797.50 ,1780.20 ,17.30 ,0.01 
2021-10-29,1783.90 ,1801.50 ,1802.90 ,1772.40 ,30.50 ,-0.01 
2021-10-28,1802.60 ,1798.70 ,1812.70 ,1793.10 ,19.60 ,0.00 
2021-10-27,1798.80 ,1795.00 ,1801.00 ,1784.30 ,16.70 ,0.00 
2021-10-26,1793.40 ,1808.70 ,1809.80 ,1783.00 ,26.80 ,-0.01 
2021-10-25,1806.80 ,1794.20 ,1811.50 ,1793.00 ,18.50 ,0.01 
2021-10-22,1796.30 ,1783.70 ,1815.50 ,1783.40 ,32.10 ,0.01 
2021-10-21,1781.90 ,1782.50 ,1790.30 ,1776.80 ,13.50 ,0.00 
2021-10-20,1784.90 ,1769.40 ,1789.60 ,1767.10 ,22.50 ,0.01 
2021-10-19,1770.50 ,1764.80 ,1786.00 ,1763.40 ,22.60 ,0.00 
2021-10-18,1765.70 ,1767.50 ,1772.50 ,1760.30 ,12.20 ,0.00 
2021-10-15,1768.30 ,1797.30 ,1797.70 ,1765.10 ,32.60 ,-0.02 
2021-10-14,1797.90 ,1793.60 ,1801.90 ,1787.60 ,14.30 ,0.00 
2021-10-13,1794.70 ,1760.40 ,1797.40 ,1757.90 ,39.50 ,0.02 
2021-10-12,1759.30 ,1753.60 ,1770.00 ,1750.50 ,19.50 ,0.00 
2021-10-11,1755.70 ,1757.40 ,1761.10 ,1749.90 ,11.20 ,0.00 
2021-10-08,1757.40 ,1757.00 ,1782.40 ,1753.60 ,28.80 ,0.00 
2021-10-07,1759.20 ,1763.80 ,1767.70 ,1752.00 ,15.70 ,0.00 
2021-10-06,1761.80 ,1760.50 ,1765.90 ,1745.40 ,20.50 ,0.00 
2021-10-05,1760.90 ,1770.80 ,1771.10 ,1748.60 ,22.50 ,0.00 
2021-10-04,1767.60 ,1762.60 ,1771.50 ,1747.70 ,23.80 ,0.01 
2021-10-01,1758.40 ,1757.20 ,1765.20 ,1749.90 ,15.30 ,0.00 
2021-09-30,1757.00 ,1726.00 ,1765.00 ,1721.80 ,43.20 ,0.02 
2021-09-29,1722.90 ,1734.00 ,1746.00 ,1721.10 ,24.90 ,-0.01 
2021-09-28,1737.50 ,1750.00 ,1754.30 ,1727.80 ,26.50 ,-0.01 
2021-09-27,1752.00 ,1751.80 ,1760.90 ,1744.70 ,16.20 ,0.00 
2021-09-24,1751.70 ,1743.70 ,1758.00 ,1740.20 ,17.80 ,0.00 
2021-09-23,1749.80 ,1769.20 ,1777.10 ,1737.50 ,39.60 ,-0.02 
2021-09-22,1778.80 ,1775.00 ,1788.40 ,1764.60 ,23.80 ,0.00 
2021-09-21,1778.20 ,1765.50 ,1782.80 ,1758.30 ,24.50 ,0.01 
2021-09-20,1763.80 ,1754.20 ,1768.40 ,1742.30 ,26.10 ,0.01 
2021-09-17,1751.40 ,1754.60 ,1767.80 ,1747.10 ,20.70 ,0.00 
2021-09-16,1756.70 ,1795.50 ,1797.30 ,1745.50 ,51.80 ,-0.02 
2021-09-15,1794.80 ,1806.60 ,1808.50 ,1791.70 ,16.80 ,-0.01 
2021-09-14,1807.10 ,1794.80 ,1810.60 ,1780.60 ,30.00 ,0.01 
2021-09-13,1794.40 ,1789.80 ,1800.20 ,1784.40 ,15.80 ,0.00 
2021-09-10,1792.10 ,1796.20 ,1806.00 ,1788.20 ,17.80 ,0.00 
2021-09-09,1800.00 ,1790.90 ,1803.40 ,1785.10 ,18.30 ,0.00 
2021-09-08,1793.50 ,1796.10 ,1804.40 ,1783.10 ,21.30 ,0.00 
2021-09-07,1797.40 ,1824.00 ,1824.40 ,1792.80 ,31.60 ,0.00 
2021-09-06,1798.50 ,1833.50 ,1833.50 ,1793.70 ,39.80 ,-0.02 
2021-09-03,1833.70 ,1811.50 ,1836.90 ,1810.90 ,26.00 ,0.01 
2021-09-02,1811.50 ,1816.20 ,1819.60 ,1806.50 ,13.10 ,0.00 
2021-09-01,1816.00 ,1816.70 ,1822.70 ,1810.60 ,12.10 ,0.00 
2021-08-31,1818.10 ,1812.20 ,1821.90 ,1803.40 ,18.50 ,0.00 
2021-08-30,1812.20 ,1821.60 ,1826.50 ,1810.00 ,16.50 ,0.00 
2021-08-27,1819.50 ,1795.20 ,1821.90 ,1785.20 ,36.70 ,0.01 
2021-08-26,1795.20 ,1793.00 ,1800.40 ,1781.30 ,19.10 ,0.00 
2021-08-25,1791.00 ,1805.10 ,1805.30 ,1784.00 ,21.30 ,-0.01 
2021-08-24,1808.50 ,1807.60 ,1812.20 ,1802.60 ,9.60 ,0.00 
2021-08-23,1806.30 ,1781.20 ,1809.10 ,1778.00 ,31.10 ,0.01 
2021-08-20,1784.00 ,1782.80 ,1791.00 ,1780.00 ,11.00 ,0.00 
2021-08-19,1783.10 ,1789.50 ,1795.00 ,1774.60 ,20.40 ,0.00 
2021-08-18,1784.40 ,1787.80 ,1795.70 ,1778.80 ,16.90 ,0.00 
2021-08-17,1787.80 ,1789.10 ,1797.60 ,1782.10 ,15.50 ,0.00 
2021-08-16,1789.80 ,1780.70 ,1791.30 ,1772.00 ,19.30 ,0.01 
2021-08-13,1778.20 ,1754.40 ,1781.90 ,1753.00 ,28.90 ,0.02 
2021-08-12,1751.80 ,1752.90 ,1759.60 ,1742.60 ,17.00 ,0.00 
2021-08-11,1753.30 ,1730.40 ,1756.70 ,1724.60 ,32.10 ,0.01 
2021-08-10,1731.70 ,1732.00 ,1739.40 ,1718.50 ,20.90 ,0.00 
2021-08-09,1726.50 ,1765.00 ,1765.70 ,1677.90 ,87.80 ,-0.02 
2021-08-06,1763.10 ,1806.70 ,1807.00 ,1759.50 ,47.50 ,-0.03 
2021-08-05,1808.90 ,1814.90 ,1817.90 ,1799.70 ,18.20 ,0.00 
2021-08-04,1814.50 ,1813.70 ,1835.90 ,1808.30 ,27.60 ,0.00 
2021-08-03,1814.10 ,1816.80 ,1818.20 ,1809.50 ,8.70 ,0.00 
2021-08-02,1822.20 ,1817.00 ,1823.20 ,1808.20 ,15.00 ,0.00 
2021-07-30,1817.20 ,1832.50 ,1835.50 ,1813.10 ,22.40 ,-0.01 
2021-07-29,1835.80 ,1811.50 ,1837.50 ,1810.90 ,26.60 ,0.02 
2021-07-28,1799.70 ,1798.60 ,1809.00 ,1790.70 ,18.30 ,0.00 
2021-07-27,1799.80 ,1797.10 ,1805.40 ,1792.80 ,12.60 ,0.00 
2021-07-26,1799.20 ,1802.30 ,1812.00 ,1796.00 ,16.00 ,0.00 
2021-07-23,1801.80 ,1807.70 ,1810.70 ,1789.10 ,21.60 ,0.00 
2021-07-22,1805.40 ,1803.90 ,1808.40 ,1791.90 ,16.50 ,0.00 
2021-07-21,1803.40 ,1810.60 ,1814.40 ,1794.30 ,20.10 ,0.00 
2021-07-20,1811.40 ,1813.50 ,1825.90 ,1805.20 ,20.70 ,0.00 
2021-07-19,1809.20 ,1811.60 ,1818.00 ,1795.00 ,23.00 ,0.00 
2021-07-16,1815.00 ,1830.70 ,1832.70 ,1809.50 ,23.20 ,-0.01 
2021-07-15,1829.00 ,1828.70 ,1835.00 ,1820.60 ,14.40 ,0.00 
2021-07-14,1825.00 ,1808.30 ,1831.10 ,1804.90 ,26.20 ,0.01 
2021-07-13,1809.90 ,1806.70 ,1818.00 ,1798.70 ,19.30 ,0.00 
2021-07-12,1805.90 ,1808.50 ,1811.00 ,1791.00 ,20.00 ,0.00 
2021-07-09,1810.60 ,1803.20 ,1813.00 ,1796.60 ,16.40 ,0.01 
2021-07-08,1800.20 ,1803.80 ,1819.50 ,1793.50 ,26.00 ,0.00 
2021-07-07,1802.10 ,1797.00 ,1810.20 ,1794.10 ,16.10 ,0.00 
2021-07-06,1795.00 ,1790.70 ,1814.80 ,1790.10 ,24.70 ,0.00 
2021-07-05,1794.20 ,1787.50 ,1815.70 ,1784.70 ,31.00 ,0.01 
2021-07-02,1783.30 ,1777.50 ,1795.90 ,1774.40 ,21.50 ,0.00 
2021-07-01,1776.80 ,1770.80 ,1783.40 ,1765.90 ,17.50 ,0.00 
2021-06-30,1771.60 ,1761.90 ,1774.70 ,1753.20 ,21.50 ,0.00 
2021-06-29,1763.60 ,1778.80 ,1779.20 ,1750.10 ,29.10 ,-0.01 
2021-06-28,1780.70 ,1782.00 ,1786.10 ,1770.40 ,15.70 ,0.00 
2021-06-25,1777.80 ,1775.70 ,1791.00 ,1773.60 ,17.40 ,0.00 
2021-06-24,1776.70 ,1778.20 ,1788.60 ,1772.70 ,15.90 ,0.00 
2021-06-23,1783.40 ,1779.10 ,1795.60 ,1773.10 ,22.50 ,0.00 
2021-06-22,1777.40 ,1783.20 ,1790.10 ,1771.20 ,18.90 ,0.00 
2021-06-21,1782.90 ,1764.30 ,1786.90 ,1764.10 ,22.80 ,0.01 
2021-06-18,1769.00 ,1773.90 ,1797.90 ,1761.20 ,36.70 ,0.00 
2021-06-17,1774.80 ,1812.30 ,1826.40 ,1767.90 ,58.50 ,-0.05 
2021-06-16,1861.40 ,1861.00 ,1866.00 ,1804.40 ,61.60 ,0.00 
2021-06-15,1856.40 ,1867.80 ,1870.90 ,1853.00 ,17.90 ,-0.01 
2021-06-14,1865.90 ,1879.60 ,1879.70 ,1845.70 ,34.00 ,-0.01 
2021-06-11,1879.60 ,1901.90 ,1906.20 ,1876.10 ,30.10 ,-0.01 
2021-06-10,1896.40 ,1891.40 ,1903.00 ,1871.80 ,31.20 ,0.00 
2021-06-09,1895.50 ,1894.40 ,1901.70 ,1889.30 ,12.40 ,0.00 
2021-06-08,1894.40 ,1901.60 ,1906.90 ,1885.70 ,21.20 ,0.00 
2021-06-07,1898.80 ,1894.30 ,1902.90 ,1883.70 ,19.20 ,0.00 
2021-06-04,1892.00 ,1872.70 ,1899.00 ,1855.60 ,43.40 ,0.01 
2021-06-03,1873.30 ,1910.50 ,1912.30 ,1866.70 ,45.60 ,-0.02 
2021-06-02,1909.90 ,1903.00 ,1911.80 ,1896.40 ,15.40 ,0.00 
2021-06-01,1905.00 ,1906.80 ,1919.20 ,1894.50 ,24.70 ,0.00 
2021-05-31,1905.00 ,1906.80 ,1919.20 ,1894.50 ,24.70 ,0.00 
2021-05-28,1905.30 ,1899.80 ,1908.80 ,1884.30 ,24.50 ,0.01 
2021-05-27,1895.70 ,1896.80 ,1903.90 ,1888.20 ,15.70 ,0.00 
2021-05-26,1901.20 ,1900.00 ,1913.30 ,1890.70 ,22.60 ,0.00 
2021-05-25,1898.00 ,1881.20 ,1901.20 ,1873.20 ,28.00 ,0.01 
2021-05-24,1884.50 ,1883.50 ,1887.90 ,1875.70 ,12.20 ,0.00 
2021-05-21,1876.70 ,1878.10 ,1890.30 ,1870.30 ,20.00 ,0.00 
2021-05-20,1881.90 ,1869.90 ,1885.30 ,1864.20 ,21.10 ,0.00 
2021-05-19,1881.50 ,1870.20 ,1891.30 ,1852.20 ,39.10 ,0.01 
2021-05-18,1868.00 ,1867.30 ,1875.90 ,1863.50 ,12.40 ,0.00 
2021-05-17,1867.60 ,1845.90 ,1869.30 ,1841.10 ,28.20 ,0.02 
2021-05-14,1838.10 ,1826.40 ,1847.10 ,1819.00 ,28.10 ,0.01 
2021-05-13,1824.00 ,1816.20 ,1829.10 ,1808.40 ,20.70 ,0.00 
2021-05-12,1822.80 ,1838.20 ,1844.70 ,1813.00 ,31.70 ,-0.01 
2021-05-11,1836.10 ,1836.20 ,1842.50 ,1817.80 ,24.70 ,0.00 
2021-05-10,1837.60 ,1835.40 ,1846.30 ,1830.50 ,15.80 ,0.00 
2021-05-07,1831.30 ,1815.40 ,1844.60 ,1813.40 ,31.20 ,0.01 
2021-05-06,1815.70 ,1787.00 ,1818.60 ,1781.80 ,36.80 ,0.02 
2021-05-05,1784.30 ,1778.40 ,1788.10 ,1769.30 ,18.80 ,0.00 
2021-05-04,1776.00 ,1793.20 ,1799.50 ,1769.20 ,30.30 ,-0.01 
2021-05-03,1791.80 ,1768.10 ,1798.90 ,1765.60 ,33.30 ,0.01 
2021-04-30,1767.70 ,1772.40 ,1773.30 ,1763.30 ,10.00 ,0.00 
2021-04-29,1768.30 ,1781.90 ,1789.90 ,1754.60 ,35.30 ,0.00 
2021-04-28,1773.90 ,1776.40 ,1782.70 ,1761.80 ,20.90 ,0.00 
2021-04-27,1778.80 ,1781.10 ,1785.90 ,1773.90 ,12.00 ,0.00 
2021-04-26,1780.10 ,1776.10 ,1783.10 ,1768.20 ,14.90 ,0.00 
2021-04-23,1777.80 ,1784.00 ,1796.30 ,1769.50 ,26.80 ,0.00 
2021-04-22,1782.00 ,1794.50 ,1798.10 ,1777.10 ,21.00 ,-0.01 
2021-04-21,1793.10 ,1779.10 ,1798.40 ,1776.60 ,21.80 ,0.01 
2021-04-20,1778.40 ,1770.50 ,1780.80 ,1763.50 ,17.30 ,0.00 
2021-04-19,1770.60 ,1778.80 ,1790.40 ,1766.60 ,23.80 ,-0.01 
2021-04-16,1780.20 ,1764.80 ,1784.70 ,1760.30 ,24.40 ,0.01 
2021-04-15,1766.80 ,1736.60 ,1770.60 ,1734.40 ,36.20 ,0.02 
2021-04-14,1736.30 ,1746.40 ,1750.70 ,1732.30 ,18.40 ,-0.01 
2021-04-13,1747.60 ,1732.20 ,1749.50 ,1723.20 ,26.30 ,0.01 
2021-04-12,1732.70 ,1744.50 ,1746.20 ,1727.00 ,19.20 ,-0.01 
2021-04-09,1744.80 ,1756.50 ,1758.20 ,1730.80 ,27.40 ,-0.01 
2021-04-08,1758.20 ,1738.60 ,1759.40 ,1733.60 ,25.80 ,0.01 
2021-04-07,1741.60 ,1744.40 ,1745.40 ,1731.20 ,14.20 ,0.00 
2021-04-06,1743.00 ,1729.20 ,1746.70 ,1728.20 ,18.50 ,0.01 
2021-04-05,1728.80 ,1730.00 ,1734.40 ,1721.60 ,12.80 ,0.00 
2021-04-01,1728.40 ,1709.00 ,1732.00 ,1706.40 ,25.60 ,0.01 
2021-03-31,1715.60 ,1685.90 ,1716.30 ,1677.30 ,39.00 ,0.02 
2021-03-30,1686.00 ,1713.00 ,1714.80 ,1678.30 ,36.50 ,-0.02 
2021-03-29,1712.20 ,1731.50 ,1732.60 ,1703.30 ,29.30 ,-0.01 
2021-03-26,1732.30 ,1725.50 ,1735.50 ,1718.80 ,16.70 ,0.00 
2021-03-25,1725.10 ,1733.20 ,1744.80 ,1720.30 ,24.50 ,0.00 
2021-03-24,1733.20 ,1725.90 ,1737.70 ,1722.30 ,15.40 ,0.00 
2021-03-23,1725.10 ,1738.50 ,1742.00 ,1722.70 ,19.30 ,-0.01 
2021-03-22,1738.10 ,1745.60 ,1747.00 ,1726.40 ,20.60 ,0.00 
2021-03-19,1741.70 ,1733.70 ,1746.10 ,1727.10 ,19.00 ,0.01 
2021-03-18,1732.50 ,1744.00 ,1754.20 ,1716.60 ,37.60 ,0.00 
2021-03-17,1727.10 ,1730.00 ,1750.60 ,1722.00 ,28.60 ,0.00 
2021-03-16,1730.90 ,1730.70 ,1740.50 ,1724.40 ,16.10 ,0.00 
2021-03-15,1729.20 ,1726.50 ,1733.20 ,1719.20 ,14.00 ,0.01 
2021-03-12,1719.80 ,1720.50 ,1728.00 ,1696.60 ,31.40 ,0.00 
2021-03-11,1722.60 ,1725.00 ,1738.00 ,1716.80 ,21.20 ,0.00 
2021-03-10,1721.80 ,1714.50 ,1725.30 ,1705.60 ,19.70 ,0.00 
2021-03-09,1716.90 ,1679.30 ,1718.70 ,1676.70 ,42.00 ,0.02 
2021-03-08,1678.00 ,1701.60 ,1712.00 ,1673.30 ,38.70 ,-0.01 
2021-03-05,1698.50 ,1695.30 ,1705.70 ,1683.00 ,22.70 ,0.00 
2021-03-04,1700.70 ,1708.40 ,1721.60 ,1687.60 ,34.00 ,-0.01 
2021-03-03,1715.80 ,1736.50 ,1739.10 ,1699.40 ,39.70 ,-0.01 
2021-03-02,1733.60 ,1722.80 ,1737.80 ,1704.60 ,33.20 ,0.01 
2021-03-01,1723.00 ,1732.80 ,1757.40 ,1717.20 ,40.20 ,0.00 
2021-02-26,1728.80 ,1770.90 ,1773.80 ,1714.90 ,58.90 ,-0.03 
2021-02-25,1775.40 ,1804.90 ,1805.00 ,1763.90 ,41.10 ,-0.01 
2021-02-24,1797.90 ,1805.00 ,1813.00 ,1782.20 ,30.80 ,0.00 
2021-02-23,1805.90 ,1809.30 ,1815.20 ,1794.50 ,20.70 ,0.00 
2021-02-22,1808.40 ,1782.00 ,1812.40 ,1778.60 ,33.80 ,0.02 
2021-02-19,1777.40 ,1774.60 ,1790.90 ,1759.00 ,31.90 ,0.00 
2021-02-18,1775.00 ,1776.00 ,1788.80 ,1766.60 ,22.20 ,0.00 
2021-02-17,1772.80 ,1793.10 ,1794.20 ,1767.90 ,26.30 ,-0.01 
2021-02-16,1799.00 ,1826.00 ,1827.10 ,1788.10 ,39.00 ,0.00 
2021-02-15,1799.00 ,1826.00 ,1827.10 ,1788.10 ,39.00 ,-0.01 
2021-02-12,1823.20 ,1825.40 ,1831.50 ,1810.10 ,21.40 ,0.00 
2021-02-11,1826.80 ,1844.30 ,1848.60 ,1821.70 ,26.90 ,-0.01 
2021-02-10,1842.70 ,1838.30 ,1856.60 ,1834.00 ,22.60 ,0.00 
2021-02-09,1837.50 ,1832.40 ,1849.50 ,1830.30 ,19.20 ,0.00 
2021-02-08,1834.20 ,1818.10 ,1840.60 ,1807.30 ,33.30 ,0.01 
2021-02-05,1813.00 ,1794.30 ,1816.00 ,1792.20 ,23.80 ,0.01 
2021-02-04,1791.20 ,1834.50 ,1835.70 ,1784.60 ,51.10 ,-0.02 
2021-02-03,1835.10 ,1838.50 ,1845.90 ,1830.10 ,15.80 ,0.00 
2021-02-02,1833.40 ,1863.60 ,1866.30 ,1830.40 ,35.90 ,-0.02 
2021-02-01,1863.90 ,1865.00 ,1876.00 ,1851.70 ,24.30 ,0.01 
2021-01-29,1850.30 ,1845.60 ,1878.90 ,1841.20 ,37.70 ,0.00 
2021-01-28,1841.20 ,1847.20 ,1867.00 ,1835.60 ,31.40 ,0.00 
2021-01-27,1844.90 ,1849.70 ,1851.50 ,1828.40 ,23.10 ,0.00 
2021-01-26,1850.90 ,1854.90 ,1860.80 ,1847.20 ,13.60 ,0.00 
2021-01-25,1855.20 ,1855.30 ,1867.40 ,1846.20 ,21.20 ,0.00 
2021-01-22,1856.20 ,1870.10 ,1870.80 ,1836.30 ,34.50 ,-0.01 
2021-01-21,1865.90 ,1871.00 ,1874.60 ,1857.50 ,17.10 ,0.00 
2021-01-20,1866.50 ,1839.90 ,1872.00 ,1831.10 ,40.90 ,0.01 
2021-01-19,1842.00 ,1830.60 ,1846.00 ,1804.20 ,41.80 ,0.00 
2021-01-18,1840.20 ,1828.80 ,1845.00 ,1800.80 ,44.20 ,0.01 
2021-01-15,1829.90 ,1847.30 ,1856.60 ,1822.10 ,34.50 ,-0.01 
2021-01-14,1851.40 ,1845.60 ,1857.60 ,1826.60 ,31.00 ,0.00 
2021-01-13,1854.90 ,1855.00 ,1863.00 ,1841.60 ,21.40 ,0.01 
2021-01-12,1844.20 ,1845.40 ,1864.00 ,1835.80 ,28.20 ,0.00 
2021-01-11,1850.80 ,1849.40 ,1856.00 ,1817.10 ,38.90 ,0.01 
2021-01-08,1835.40 ,1915.20 ,1918.40 ,1827.80 ,90.60 ,-0.04 
2021-01-07,1913.60 ,1921.50 ,1929.60 ,1907.50 ,22.10 ,0.00 
2021-01-06,1908.60 ,1952.80 ,1962.50 ,1902.60 ,59.90 ,-0.02 
2021-01-05,1954.40 ,1946.00 ,1957.00 ,1938.40 ,18.60 ,0.00 
2021-01-04,1946.60 ,1908.20 ,1948.70 ,1906.10 ,42.60 ,0.03 
2020-12-31,1895.10 ,1899.00 ,1904.90 ,1889.10 ,15.80 ,0.00 
2020-12-30,1893.40 ,1881.80 ,1899.00 ,1879.50 ,19.50 ,0.01 
2020-12-29,1882.90 ,1878.00 ,1891.30 ,1875.60 ,15.70 ,0.00 
2020-12-28,1880.40 ,1887.00 ,1904.10 ,1873.00 ,31.10 ,0.00 
2020-12-24,1883.20 ,1877.30 ,1887.40 ,1873.10 ,14.30 ,0.00 
2020-12-23,1878.10 ,1865.60 ,1883.70 ,1860.90 ,22.80 ,0.00 
2020-12-22,1870.30 ,1883.00 ,1889.40 ,1863.70 ,25.70 ,-0.01 
2020-12-21,1882.80 ,1892.90 ,1912.00 ,1859.00 ,53.00 ,0.00 
2020-12-18,1888.90 ,1891.30 ,1895.70 ,1881.90 ,13.80 ,0.00 
2020-12-17,1890.40 ,1868.40 ,1902.00 ,1865.90 ,36.10 ,0.02 
2020-12-16,1859.10 ,1857.70 ,1870.00 ,1848.20 ,21.80 ,0.00 
2020-12-15,1855.30 ,1830.50 ,1859.30 ,1828.50 ,30.80 ,0.01 
2020-12-14,1832.10 ,1845.00 ,1845.60 ,1820.00 ,25.60 ,-0.01 
2020-12-11,1843.60 ,1840.00 ,1851.80 ,1826.80 ,25.00 ,0.00 
2020-12-10,1837.40 ,1843.00 ,1854.20 ,1831.50 ,22.70 ,0.00 
2020-12-09,1838.50 ,1875.40 ,1875.90 ,1828.20 ,47.70 ,-0.02 
2020-12-08,1874.90 ,1866.10 ,1879.80 ,1863.90 ,15.90 ,0.00 
2020-12-07,1866.00 ,1841.10 ,1873.00 ,1824.80 ,48.20 ,0.01 
2020-12-04,1840.00 ,1844.70 ,1852.70 ,1832.00 ,20.70 ,0.00 
2020-12-03,1841.10 ,1833.90 ,1847.40 ,1826.70 ,20.70 ,0.01 
2020-12-02,1830.20 ,1819.10 ,1835.70 ,1810.50 ,25.20 ,0.01 
2020-12-01,1818.90 ,1780.30 ,1821.10 ,1778.40 ,42.70 ,0.02 
2020-11-30,1780.90 ,1790.80 ,1793.30 ,1767.20 ,26.10 ,0.00 
2020-11-27,1788.10 ,1812.10 ,1822.60 ,1776.50 ,46.10 ,0.00 
2020-11-26,1788.10 ,1812.10 ,1822.60 ,1776.50 ,46.10 ,-0.01 
2020-11-25,1805.50 ,1805.20 ,1816.30 ,1798.60 ,17.70 ,0.00 
2020-11-24,1804.60 ,1835.70 ,1836.90 ,1797.10 ,39.80 ,-0.02 
2020-11-23,1837.80 ,1869.80 ,1875.00 ,1828.00 ,47.00 ,-0.02 
2020-11-20,1872.40 ,1864.80 ,1879.20 ,1859.10 ,20.10 ,0.01 
2020-11-19,1861.50 ,1872.00 ,1872.60 ,1850.00 ,22.60 ,-0.01 
2020-11-18,1873.90 ,1879.50 ,1884.20 ,1860.30 ,23.90 ,-0.01 
2020-11-17,1885.10 ,1888.20 ,1892.70 ,1876.30 ,16.40 ,0.00 
2020-11-16,1887.80 ,1886.60 ,1898.00 ,1861.50 ,36.50 ,0.00 
2020-11-13,1886.20 ,1875.60 ,1895.80 ,1872.10 ,23.70 ,0.01 
2020-11-12,1873.30 ,1863.90 ,1883.00 ,1860.70 ,22.30 ,0.01 
2020-11-11,1861.60 ,1876.10 ,1882.50 ,1853.90 ,28.60 ,-0.01 
2020-11-10,1876.40 ,1864.10 ,1888.90 ,1858.90 ,30.00 ,0.01 
2020-11-09,1854.40 ,1956.00 ,1966.10 ,1848.00 ,118.10 ,-0.05 
2020-11-06,1951.70 ,1950.00 ,1961.80 ,1937.20 ,24.60 ,0.00 
2020-11-05,1946.80 ,1903.40 ,1954.30 ,1902.20 ,52.10 ,0.03 
2020-11-04,1896.20 ,1910.30 ,1917.90 ,1881.80 ,36.10 ,-0.01 
2020-11-03,1910.40 ,1896.40 ,1912.20 ,1887.60 ,24.60 ,0.01 
2020-11-02,1892.50 ,1877.00 ,1897.10 ,1873.30 ,23.80 ,0.01 
2020-10-30,1879.90 ,1867.90 ,1890.90 ,1863.30 ,27.60 ,0.01 
2020-10-29,1868.00 ,1877.50 ,1885.10 ,1859.20 ,25.90 ,-0.01 
2020-10-28,1879.20 ,1909.80 ,1912.60 ,1869.10 ,43.50 ,-0.02 
2020-10-27,1911.90 ,1904.40 ,1913.80 ,1898.70 ,15.10 ,0.00 
2020-10-26,1905.70 ,1906.00 ,1911.10 ,1892.50 ,18.60 ,0.00 
2020-10-23,1905.20 ,1906.50 ,1917.30 ,1895.20 ,22.10 ,0.00 
2020-10-22,1904.60 ,1927.40 ,1929.40 ,1894.20 ,35.20 ,-0.01 
2020-10-21,1929.50 ,1911.60 ,1936.00 ,1911.60 ,24.40 ,0.01 
2020-10-20,1915.40 ,1906.40 ,1917.60 ,1896.60 ,21.00 ,0.00 
2020-10-19,1911.70 ,1903.20 ,1923.40 ,1900.20 ,23.20 ,0.00 
2020-10-16,1906.40 ,1912.70 ,1918.70 ,1901.10 ,17.60 ,0.00 
2020-10-15,1908.90 ,1906.00 ,1913.20 ,1892.70 ,20.50 ,0.00 
2020-10-14,1907.30 ,1895.40 ,1917.50 ,1885.00 ,32.50 ,0.01 
2020-10-13,1894.60 ,1927.30 ,1930.60 ,1889.30 ,41.30 ,-0.02 
2020-10-12,1928.90 ,1935.00 ,1939.40 ,1923.80 ,15.60 ,0.00 
2020-10-09,1926.20 ,1898.40 ,1936.80 ,1898.00 ,38.80 ,0.02 
2020-10-08,1895.10 ,1890.60 ,1905.30 ,1885.30 ,20.00 ,0.00 
2020-10-07,1890.80 ,1882.60 ,1902.40 ,1877.10 ,25.30 ,-0.01 
2020-10-06,1908.80 ,1917.80 ,1927.00 ,1878.20 ,48.80 ,-0.01 
2020-10-05,1920.10 ,1910.90 ,1924.90 ,1891.20 ,33.70 ,0.01 
2020-10-02,1907.60 ,1911.00 ,1923.60 ,1895.20 ,28.40 ,0.00 
2020-10-01,1916.30 ,1891.20 ,1917.90 ,1890.00 ,27.90 ,0.01 
2020-09-30,1895.50 ,1903.20 ,1908.20 ,1885.80 ,22.40 ,0.00 
2020-09-29,1903.20 ,1886.40 ,1904.80 ,1880.80 ,24.00 ,0.01 
2020-09-28,1882.30 ,1862.70 ,1888.20 ,1851.10 ,37.10 ,0.01 
2020-09-25,1866.30 ,1872.70 ,1879.30 ,1854.10 ,25.20 ,-0.01 
2020-09-24,1876.90 ,1866.90 ,1880.90 ,1851.00 ,29.90 ,0.00 
2020-09-23,1868.40 ,1905.10 ,1909.90 ,1856.00 ,53.90 ,-0.02 
2020-09-22,1907.60 ,1918.10 ,1925.50 ,1898.90 ,26.60 ,0.00 
2020-09-21,1910.60 ,1957.30 ,1962.90 ,1885.40 ,77.50 ,-0.03 
2020-09-18,1962.10 ,1951.10 ,1968.20 ,1951.10 ,17.10 ,0.01 
2020-09-17,1949.90 ,1967.60 ,1969.30 ,1938.20 ,31.10 ,-0.01 
2020-09-16,1970.50 ,1961.40 ,1983.80 ,1957.20 ,26.60 ,0.00 
2020-09-15,1966.20 ,1966.20 ,1982.40 ,1955.60 ,26.80 ,0.00 
2020-09-14,1963.70 ,1948.90 ,1972.50 ,1945.20 ,27.30 ,0.01 
2020-09-11,1947.90 ,1953.80 ,1963.40 ,1944.00 ,19.40 ,-0.01 
2020-09-10,1964.30 ,1955.30 ,1975.20 ,1948.60 ,26.60 ,0.00 
2020-09-09,1954.90 ,1939.40 ,1959.70 ,1926.30 ,33.40 ,0.01 
2020-09-08,1939.50 ,1937.40 ,1937.40 ,1909.00 ,28.40 ,0.00 
2020-09-07,1943.20 ,1938.00 ,1948.30 ,1911.70 ,36.60 ,0.00 
2020-09-04,1934.30 ,1938.00 ,1956.60 ,1921.60 ,35.00 ,0.00 
2020-09-03,1937.80 ,1948.90 ,1956.60 ,1927.20 ,29.40 ,0.00 
2020-09-02,1944.70 ,1976.80 ,1980.40 ,1938.90 ,41.50 ,-0.02 
2020-09-01,1978.90 ,1973.70 ,2001.20 ,1969.20 ,32.00 ,0.00 
2020-08-31,1978.60 ,1973.90 ,1985.80 ,1962.30 ,23.50 ,0.00 
2020-08-28,1974.90 ,1937.50 ,1983.00 ,1928.20 ,54.80 ,0.02 
2020-08-27,1932.60 ,1963.00 ,1987.00 ,1914.70 ,72.30 ,-0.01 
2020-08-26,1952.50 ,1939.00 ,1963.40 ,1908.40 ,55.00 ,0.02 
2020-08-25,1923.10 ,1935.90 ,1944.10 ,1919.10 ,25.00 ,-0.01 
2020-08-24,1939.20 ,1947.90 ,1970.30 ,1930.80 ,39.50 ,0.00 
2020-08-21,1947.00 ,1955.60 ,1963.10 ,1916.60 ,46.50 ,0.00 
2020-08-20,1946.50 ,1934.40 ,1963.10 ,1928.90 ,34.20 ,-0.01 
2020-08-19,1970.30 ,2010.50 ,2015.60 ,1930.50 ,85.10 ,-0.02 
2020-08-18,2013.10 ,1993.60 ,2024.60 ,1985.20 ,39.40 ,0.01 
2020-08-17,1998.70 ,1956.40 ,2000.80 ,1939.10 ,61.70 ,0.03 
2020-08-14,1949.80 ,1963.80 ,1970.00 ,1939.10 ,30.90 ,-0.01 
2020-08-13,1970.40 ,1927.30 ,1974.80 ,1923.00 ,51.80 ,0.01 
2020-08-12,1949.00 ,1921.60 ,1961.00 ,1874.20 ,86.80 ,0.00 
2020-08-11,1946.30 ,2038.40 ,2040.50 ,1911.30 ,129.20 ,-0.05 
2020-08-10,2039.70 ,2044.80 ,2060.80 ,2027.80 ,33.00 ,0.01 
2020-08-07,2028.00 ,2076.40 ,2089.20 ,2024.80 ,64.40 ,-0.02 
2020-08-06,2069.40 ,2055.00 ,2081.80 ,2049.00 ,32.80 ,0.01 
2020-08-05,2049.30 ,2037.00 ,2070.30 ,2027.50 ,42.80 ,0.01 
2020-08-04,2021.00 ,1993.50 ,2037.70 ,1982.60 ,55.10 ,0.02 
2020-08-03,1986.30 ,1997.40 ,2009.50 ,1975.20 ,34.30 ,0.00 
2020-07-31,1985.90 ,1973.60 ,2005.40 ,1971.40 ,34.00 ,0.01 
2020-07-30,1966.80 ,1986.40 ,1987.30 ,1952.30 ,35.00 ,0.01 
2020-07-29,1953.40 ,1950.60 ,1974.90 ,1935.20 ,39.70 ,0.00 
2020-07-28,1944.60 ,1937.10 ,1974.70 ,1900.20 ,74.50 ,0.01 
2020-07-27,1931.00 ,1901.20 ,1941.90 ,1899.00 ,42.90 ,0.02 
2020-07-24,1897.50 ,1884.90 ,1904.60 ,1880.50 ,24.10 ,0.00 
2020-07-23,1890.00 ,1871.60 ,1897.70 ,1863.10 ,34.60 ,0.01 
2020-07-22,1865.10 ,1842.80 ,1871.80 ,1842.10 ,29.70 ,0.01 
2020-07-21,1843.90 ,1819.60 ,1844.90 ,1817.20 ,27.70 ,0.01 
2020-07-20,1817.40 ,1812.30 ,1823.40 ,1806.60 ,16.80 ,0.00 
2020-07-17,1810.00 ,1796.90 ,1813.90 ,1795.20 ,18.70 ,0.01 
2020-07-16,1800.30 ,1813.10 ,1816.20 ,1794.10 ,22.10 ,-0.01 
2020-07-15,1813.80 ,1811.10 ,1819.50 ,1804.00 ,15.50 ,0.00 
2020-07-14,1813.40 ,1805.20 ,1815.00 ,1791.10 ,23.90 ,0.00 
2020-07-13,1814.10 ,1803.40 ,1818.80 ,1802.10 ,16.70 ,0.01 
2020-07-10,1801.90 ,1808.40 ,1817.00 ,1796.50 ,20.50 ,0.00 
2020-07-09,1803.80 ,1818.80 ,1825.50 ,1799.60 ,25.90 ,-0.01 
2020-07-08,1820.60 ,1807.90 ,1829.80 ,1803.80 ,26.00 ,0.01 
2020-07-07,1809.90 ,1793.90 ,1810.80 ,1781.20 ,29.60 ,0.01 
2020-07-06,1799.00 ,1793.70 ,1801.60 ,1788.60 ,13.00 ,0.00 
2020-07-03,1793.50 ,1787.90 ,1799.00 ,1779.20 ,19.80 ,0.00 
2020-07-02,1790.00 ,1779.00 ,1791.70 ,1766.30 ,25.40 ,0.01 
2020-07-01,1779.90 ,1798.90 ,1807.70 ,1767.90 ,39.80 ,-0.01 
2020-06-30,1800.50 ,1784.20 ,1804.00 ,1774.80 ,29.20 ,0.01 
2020-06-29,1781.20 ,1789.20 ,1790.40 ,1776.50 ,13.90 ,0.00 
2020-06-26,1780.30 ,1774.80 ,1786.20 ,1754.00 ,32.20 ,0.01 
2020-06-25,1770.60 ,1772.30 ,1779.60 ,1764.10 ,15.50 ,0.00 
2020-06-24,1775.10 ,1784.40 ,1796.10 ,1770.60 ,25.50 ,0.00 
2020-06-23,1782.00 ,1764.90 ,1786.80 ,1758.30 ,28.50 ,0.01 
2020-06-22,1766.40 ,1765.80 ,1779.00 ,1753.50 ,25.50 ,0.01 
2020-06-19,1753.00 ,1729.80 ,1760.90 ,1728.30 ,32.60 ,0.01 
2020-06-18,1731.10 ,1735.50 ,1749.20 ,1722.70 ,26.50 ,0.00 
2020-06-17,1735.60 ,1735.30 ,1739.30 ,1717.30 ,22.00 ,0.00 
2020-06-16,1736.50 ,1732.30 ,1741.30 ,1721.80 ,19.50 ,0.01 
2020-06-15,1727.20 ,1740.70 ,1743.80 ,1706.20 ,37.60 ,-0.01 
2020-06-12,1737.30 ,1733.60 ,1753.00 ,1728.20 ,24.80 ,0.00 
2020-06-11,1739.80 ,1746.60 ,1754.90 ,1727.50 ,27.40 ,0.01 
2020-06-10,1720.70 ,1718.90 ,1749.40 ,1714.10 ,35.30 ,0.00 
2020-06-09,1721.90 ,1703.90 ,1729.40 ,1697.60 ,31.80 ,0.01 
2020-06-08,1705.10 ,1686.70 ,1707.60 ,1680.70 ,26.90 ,0.01 
2020-06-05,1683.00 ,1720.80 ,1723.20 ,1671.70 ,51.50 ,-0.03 
2020-06-04,1727.40 ,1702.80 ,1729.00 ,1698.90 ,30.10 ,0.01 
2020-06-03,1704.80 ,1733.70 ,1738.90 ,1690.30 ,48.60 ,-0.02 
2020-06-02,1734.00 ,1750.30 ,1757.00 ,1728.00 ,29.00 ,-0.01 
2020-06-01,1750.30 ,1749.80 ,1761.00 ,1737.60 ,23.40 ,0.00 
2020-05-29,1751.70 ,1732.70 ,1754.50 ,1725.30 ,29.20 ,0.01 
2020-05-28,1728.30 ,1725.00 ,1743.70 ,1720.00 ,23.70 ,0.01 
2020-05-27,1710.70 ,1703.10 ,1713.20 ,1684.20 ,29.00 ,0.00 
2020-05-26,1717.30 ,1739.80 ,1745.60 ,1711.30 ,34.30 ,0.01 
2020-05-25,1705.60 ,1734.80 ,1737.20 ,1700.00 ,37.20 ,-0.02 
2020-05-22,1735.50 ,1726.00 ,1742.00 ,1722.50 ,19.50 ,0.01 
2020-05-21,1721.90 ,1751.70 ,1751.70 ,1715.30 ,36.40 ,-0.02 
2020-05-20,1752.10 ,1749.20 ,1757.60 ,1744.00 ,13.60 ,0.00 
2020-05-19,1745.60 ,1734.80 ,1751.60 ,1727.20 ,24.40 ,0.01 
2020-05-18,1734.40 ,1757.50 ,1775.80 ,1729.30 ,46.50 ,-0.01 
2020-05-15,1756.30 ,1738.50 ,1761.20 ,1736.80 ,24.40 ,0.01 
2020-05-14,1740.90 ,1723.10 ,1746.50 ,1716.00 ,30.50 ,0.01 
2020-05-13,1716.40 ,1705.00 ,1726.50 ,1701.60 ,24.90 ,0.01 
2020-05-12,1706.80 ,1700.00 ,1716.70 ,1693.50 ,23.20 ,0.01 
2020-05-11,1698.00 ,1706.00 ,1713.80 ,1692.10 ,21.70 ,-0.01 
2020-05-08,1713.90 ,1727.20 ,1735.50 ,1703.10 ,32.40 ,-0.01 
2020-05-07,1725.80 ,1686.00 ,1733.20 ,1683.90 ,49.30 ,0.02 
2020-05-06,1688.50 ,1714.10 ,1716.60 ,1683.00 ,33.60 ,-0.01 
2020-05-05,1710.60 ,1711.00 ,1717.80 ,1695.40 ,22.40 ,0.00 
2020-05-04,1713.30 ,1711.20 ,1726.00 ,1700.30 ,25.70 ,0.01 
2020-05-01,1700.90 ,1693.50 ,1714.40 ,1676.00 ,38.40 ,0.00 
2020-04-30,1694.20 ,1729.60 ,1737.00 ,1687.50 ,49.50 ,-0.01 
2020-04-29,1713.40 ,1724.80 ,1733.50 ,1708.20 ,25.30 ,-0.01 
2020-04-28,1722.20 ,1724.40 ,1731.90 ,1704.10 ,27.80 ,0.00 
2020-04-27,1723.80 ,1745.00 ,1745.80 ,1720.00 ,25.80 ,-0.01 
2020-04-24,1735.60 ,1753.00 ,1760.20 ,1725.40 ,34.80 ,-0.01 
2020-04-23,1745.40 ,1736.50 ,1764.20 ,1730.60 ,33.60 ,0.00 
2020-04-22,1738.30 ,1703.10 ,1742.40 ,1695.40 ,47.00 ,0.03 
2020-04-21,1687.80 ,1713.30 ,1718.00 ,1666.20 ,51.80 ,-0.01 
2020-04-20,1711.20 ,1693.00 ,1718.40 ,1685.00 ,33.40 ,0.01 
2020-04-17,1698.80 ,1738.50 ,1738.80 ,1691.20 ,47.60 ,-0.02 
2020-04-16,1731.70 ,1743.50 ,1768.00 ,1722.60 ,45.40 ,0.00 
2020-04-15,1740.20 ,1758.10 ,1759.80 ,1731.60 ,28.20 ,-0.02 
2020-04-14,1768.90 ,1761.50 ,1788.80 ,1747.10 ,41.70 ,0.00 
2020-04-13,1761.40 ,1742.30 ,1772.80 ,1724.20 ,48.60 ,0.00 
2020-04-09,1752.80 ,1680.50 ,1754.50 ,1676.50 ,78.00 ,0.04 
2020-04-08,1684.30 ,1678.70 ,1695.80 ,1670.70 ,25.10 ,0.00 
2020-04-07,1683.70 ,1707.10 ,1742.60 ,1672.00 ,70.60 ,-0.01 
2020-04-06,1693.90 ,1647.70 ,1715.80 ,1638.20 ,77.60 ,0.03 
2020-04-03,1645.70 ,1635.30 ,1652.80 ,1624.40 ,28.40 ,0.00 
2020-04-02,1637.70 ,1602.40 ,1645.60 ,1595.20 ,50.40 ,0.03 
2020-04-01,1591.40 ,1589.40 ,1612.40 ,1576.00 ,36.40 ,0.00 
2020-03-31,1596.60 ,1643.40 ,1645.60 ,1588.20 ,57.40 ,-0.03 
2020-03-30,1643.20 ,1663.40 ,1673.60 ,1632.00 ,41.60 ,-0.01 
2020-03-27,1654.10 ,1653.40 ,1661.00 ,1630.70 ,30.30 ,0.00 
2020-03-26,1651.20 ,1642.50 ,1672.50 ,1611.00 ,61.50 ,0.01 
2020-03-25,1633.40 ,1666.20 ,1699.30 ,1615.20 ,84.10 ,-0.02 
2020-03-24,1660.80 ,1563.80 ,1698.00 ,1560.50 ,137.50 ,0.06 
2020-03-23,1567.60 ,1505.00 ,1569.30 ,1484.60 ,84.70 ,0.06 
2020-03-20,1484.60 ,1471.60 ,1519.40 ,1457.50 ,61.90 ,0.00 
2020-03-19,1479.30 ,1487.20 ,1502.80 ,1460.10 ,42.70 ,0.00 
2020-03-18,1477.90 ,1527.60 ,1547.00 ,1473.30 ,73.70 ,-0.03 
2020-03-17,1525.80 ,1512.80 ,1554.30 ,1465.60 ,88.70 ,0.03 
2020-03-16,1486.50 ,1563.80 ,1574.80 ,1450.90 ,123.90 ,-0.02 
2020-03-13,1516.70 ,1582.70 ,1597.90 ,1504.00 ,93.90 ,-0.05 
2020-03-12,1590.30 ,1633.10 ,1651.00 ,1560.40 ,90.60 ,-0.03 
2020-03-11,1642.30 ,1649.30 ,1671.80 ,1632.40 ,39.40 ,-0.01 
2020-03-10,1660.30 ,1679.60 ,1681.30 ,1641.10 ,40.20 ,-0.01 
2020-03-09,1675.70 ,1692.60 ,1704.30 ,1658.00 ,46.30 ,0.00 
2020-03-06,1672.40 ,1673.10 ,1692.80 ,1642.40 ,50.40 ,0.00 
2020-03-05,1668.00 ,1638.20 ,1675.50 ,1635.60 ,39.90 ,0.02 
2020-03-04,1643.00 ,1640.10 ,1654.30 ,1632.60 ,21.70 ,0.00 
2020-03-03,1644.40 ,1586.00 ,1650.50 ,1585.90 ,64.60 ,0.03 
2020-03-02,1594.80 ,1592.80 ,1612.10 ,1576.30 ,35.80 ,0.02 
2020-02-28,1566.70 ,1646.10 ,1651.00 ,1564.00 ,87.00 ,-0.05 
2020-02-27,1642.50 ,1643.00 ,1662.50 ,1636.70 ,25.80 ,0.00 
2020-02-26,1643.10 ,1637.30 ,1657.10 ,1626.60 ,30.50 ,0.00 
2020-02-25,1650.00 ,1661.80 ,1666.70 ,1627.00 ,39.70 ,-0.02 
2020-02-24,1676.60 ,1656.00 ,1691.70 ,1652.80 ,38.90 ,0.02 
2020-02-21,1648.80 ,1623.60 ,1652.10 ,1621.60 ,30.50 ,0.02 
2020-02-20,1620.50 ,1615.00 ,1626.50 ,1606.60 ,19.90 ,0.01 
2020-02-19,1611.80 ,1604.80 ,1615.90 ,1602.40 ,13.50 ,0.01 
2020-02-18,1603.60 ,1585.10 ,1608.20 ,1581.80 ,26.40 ,0.00 
2020-02-17,1603.60 ,1585.10 ,1608.20 ,1581.80 ,26.40 ,0.01 
2020-02-14,1586.40 ,1579.00 ,1588.20 ,1576.00 ,12.20 ,0.00 
2020-02-13,1578.80 ,1569.80 ,1581.70 ,1568.50 ,13.20 ,0.00 
2020-02-12,1571.60 ,1571.20 ,1573.60 ,1564.40 ,9.20 ,0.00 
2020-02-11,1570.10 ,1575.50 ,1577.50 ,1565.20 ,12.30 ,-0.01 
2020-02-10,1579.50 ,1575.80 ,1580.50 ,1571.50 ,9.00 ,0.00 
2020-02-07,1573.40 ,1570.70 ,1577.80 ,1563.50 ,14.30 ,0.00 
2020-02-06,1570.00 ,1560.00 ,1571.90 ,1556.00 ,15.90 ,0.00 
2020-02-05,1562.80 ,1556.10 ,1566.20 ,1551.10 ,15.10 ,0.00 
2020-02-04,1555.50 ,1581.50 ,1584.50 ,1552.80 ,31.70 ,-0.02 
2020-02-03,1582.40 ,1597.80 ,1598.50 ,1573.20 ,25.30 ,0.00 
2020-01-31,1587.90 ,1578.40 ,1595.50 ,1575.00 ,20.50 ,0.00 
2020-01-30,1589.20 ,1582.40 ,1590.70 ,1576.80 ,13.90 ,0.01 
2020-01-29,1570.40 ,1566.30 ,1577.70 ,1562.00 ,15.70 ,0.00 
2020-01-28,1569.80 ,1580.60 ,1582.20 ,1564.60 ,17.60 ,0.00 
2020-01-27,1577.40 ,1580.50 ,1588.40 ,1575.30 ,13.10 ,0.00 
2020-01-24,1571.90 ,1562.90 ,1575.50 ,1555.80 ,19.70 ,0.00 
2020-01-23,1565.40 ,1558.90 ,1567.50 ,1551.30 ,16.20 ,0.01 
2020-01-22,1556.70 ,1558.90 ,1559.80 ,1550.00 ,9.80 ,0.00 
2020-01-21,1560.80 ,1567.00 ,1571.40 ,1549.20 ,22.20 ,0.00 
2020-01-20,1557.90 ,1557.30 ,1568.80 ,1546.00 ,22.80 ,0.00 
2020-01-17,1560.30 ,1553.00 ,1561.40 ,1549.30 ,12.10 ,0.01 
2020-01-16,1550.50 ,1556.60 ,1558.20 ,1548.00 ,10.20 ,0.00 
2020-01-15,1554.00 ,1546.80 ,1558.80 ,1546.50 ,12.30 ,0.01 
2020-01-14,1544.60 ,1548.60 ,1549.50 ,1536.40 ,13.10 ,0.00 
2020-01-13,1550.60 ,1563.00 ,1563.10 ,1547.00 ,16.10 ,-0.01 
2020-01-10,1560.10 ,1553.40 ,1564.10 ,1546.70 ,17.40 ,0.00 
2020-01-09,1554.30 ,1557.70 ,1562.40 ,1541.00 ,21.40 ,0.00 
2020-01-08,1560.20 ,1578.80 ,1613.30 ,1553.40 ,59.90 ,-0.01 
2020-01-07,1574.30 ,1567.40 ,1579.20 ,1557.00 ,22.20 ,0.00 
2020-01-06,1568.80 ,1562.70 ,1590.90 ,1562.30 ,28.60 ,0.01 
2020-01-03,1552.40 ,1531.70 ,1556.60 ,1530.40 ,26.20 ,0.02 
2020-01-02,1528.10 ,1521.00 ,1534.00 ,1519.70 ,14.30 ,0.00 
2019-12-31,1523.10 ,1517.70 ,1529.00 ,1517.50 ,11.50 ,0.00 
2019-12-30,1518.60 ,1515.90 ,1519.10 ,1513.50 ,5.60 ,0.00 
2019-12-27,1518.10 ,1516.50 ,1519.90 ,1512.10 ,7.80 ,0.00 
2019-12-26,1514.40 ,1503.90 ,1517.40 ,1502.10 ,15.30 ,0.01 
2019-12-24,1504.80 ,1489.80 ,1505.00 ,1488.10 ,16.90 ,0.01 
2019-12-23,1488.70 ,1482.40 ,1490.10 ,1481.20 ,8.90 ,0.01 
2019-12-20,1480.90 ,1482.70 ,1484.80 ,1479.50 ,5.30 ,0.00 
2019-12-19,1484.40 ,1479.40 ,1485.80 ,1477.10 ,8.70 ,0.00 
2019-12-18,1478.70 ,1480.40 ,1483.60 ,1474.30 ,9.30 ,0.00 
2019-12-17,1480.60 ,1480.60 ,1484.90 ,1478.40 ,6.50 ,0.00 
2019-12-16,1480.50 ,1480.00 ,1484.50 ,1477.40 ,7.10 ,0.00 
2019-12-13,1481.20 ,1470.80 ,1482.50 ,1465.50 ,17.00 ,0.01 
2019-12-12,1472.30 ,1479.20 ,1491.60 ,1468.20 ,23.40 ,0.00 
2019-12-11,1475.00 ,1468.50 ,1483.50 ,1466.90 ,16.60 ,0.00 
2019-12-10,1468.10 ,1466.30 ,1473.70 ,1464.20 ,9.50 ,0.00 
2019-12-09,1464.90 ,1464.10 ,1469.80 ,1463.00 ,6.80 ,0.00 
2019-12-06,1465.10 ,1481.00 ,1485.30 ,1463.30 ,22.00 ,-0.01 
2019-12-05,1483.10 ,1480.00 ,1485.70 ,1478.00 ,7.70 ,0.00 
2019-12-04,1480.20 ,1483.20 ,1489.90 ,1476.70 ,13.20 ,0.00 
2019-12-03,1484.40 ,1468.00 ,1487.70 ,1465.40 ,22.30 ,0.01 
2019-12-02,1469.20 ,1470.30 ,1471.70 ,1459.80 ,11.90 ,0.00 
2019-11-29,1472.70 ,1461.20 ,1472.90 ,1459.10 ,13.80 ,0.00 
2019-11-28,1472.70 ,1461.20 ,1472.90 ,1459.10 ,13.80 ,0.01 
2019-11-27,1453.40 ,1461.10 ,1461.90 ,1452.00 ,9.90 ,0.00 
2019-11-26,1460.30 ,1455.10 ,1462.90 ,1449.60 ,13.30 ,0.00 
2019-11-25,1456.90 ,1461.00 ,1462.00 ,1453.90 ,8.10 ,0.00 
2019-11-22,1463.60 ,1464.30 ,1473.40 ,1461.20 ,12.20 ,0.00 
2019-11-21,1463.60 ,1475.10 ,1475.90 ,1462.40 ,13.50 ,-0.01 
2019-11-20,1474.20 ,1472.70 ,1479.20 ,1466.10 ,13.10 ,0.00 
2019-11-19,1474.30 ,1471.90 ,1475.80 ,1465.10 ,10.70 ,0.00 
2019-11-18,1471.90 ,1467.80 ,1474.40 ,1456.60 ,17.80 ,0.00 
2019-11-15,1468.50 ,1471.90 ,1472.10 ,1462.80 ,9.30 ,0.00 
2019-11-14,1473.40 ,1464.00 ,1475.50 ,1461.70 ,13.80 ,0.01 
2019-11-13,1463.30 ,1456.50 ,1467.90 ,1456.40 ,11.50 ,0.01 
2019-11-12,1453.70 ,1455.90 ,1461.30 ,1446.20 ,15.10 ,0.00 
2019-11-11,1457.10 ,1460.00 ,1467.40 ,1448.90 ,18.50 ,0.00 
2019-11-08,1462.90 ,1469.00 ,1473.90 ,1457.00 ,16.90 ,0.00 
2019-11-07,1466.40 ,1492.10 ,1493.60 ,1461.40 ,32.20 ,-0.02 
2019-11-06,1493.10 ,1484.30 ,1495.90 ,1483.80 ,12.10 ,0.01 
2019-11-05,1483.70 ,1511.60 ,1511.90 ,1480.70 ,31.20 ,-0.02 
2019-11-04,1511.10 ,1516.40 ,1517.10 ,1506.50 ,10.60 ,0.00 
2019-11-01,1511.40 ,1515.10 ,1519.00 ,1505.40 ,13.60 ,0.00 
2019-10-31,1514.80 ,1498.80 ,1516.70 ,1496.00 ,20.70 ,0.01 
2019-10-30,1496.70 ,1490.50 ,1499.30 ,1483.10 ,16.20 ,0.00 
2019-10-29,1490.70 ,1494.30 ,1497.10 ,1485.60 ,11.50 ,0.00 
2019-10-28,1495.80 ,1507.40 ,1510.80 ,1492.30 ,18.50 ,-0.01 
2019-10-25,1505.30 ,1506.40 ,1520.90 ,1503.10 ,17.80 ,0.00 
2019-10-24,1504.70 ,1495.10 ,1506.90 ,1490.40 ,16.50 ,0.01 
2019-10-23,1495.70 ,1491.10 ,1499.40 ,1490.70 ,8.70 ,0.01 
2019-10-22,1487.50 ,1487.50 ,1492.10 ,1484.00 ,8.10 ,0.00 
2019-10-21,1488.10 ,1495.60 ,1498.70 ,1484.80 ,13.90 ,0.00 
2019-10-18,1494.10 ,1495.60 ,1497.90 ,1488.30 ,9.60 ,0.00 
2019-10-17,1498.30 ,1494.20 ,1501.10 ,1487.00 ,14.10 ,0.00 
2019-10-16,1494.00 ,1484.80 ,1495.50 ,1480.60 ,14.90 ,0.01 
2019-10-15,1483.50 ,1497.70 ,1503.00 ,1480.80 ,22.20 ,-0.01 
2019-10-14,1497.60 ,1492.00 ,1501.50 ,1487.10 ,14.40 ,0.01 
2019-10-11,1488.70 ,1498.30 ,1508.00 ,1478.00 ,30.00 ,-0.01 
2019-10-10,1500.90 ,1510.80 ,1522.30 ,1495.70 ,26.60 ,-0.01 
2019-10-09,1512.80 ,1510.90 ,1518.00 ,1505.10 ,12.90 ,0.01 
2019-10-08,1503.90 ,1498.70 ,1515.30 ,1492.10 ,23.20 ,0.00 
2019-10-07,1504.40 ,1518.60 ,1518.80 ,1493.30 ,25.50 ,-0.01 
2019-10-04,1512.90 ,1511.60 ,1522.20 ,1501.40 ,20.80 ,0.00 
2019-10-03,1513.80 ,1505.60 ,1525.80 ,1501.70 ,24.10 ,0.00 
2019-10-02,1507.90 ,1485.40 ,1511.40 ,1480.50 ,30.90 ,0.01 
2019-10-01,1489.00 ,1478.00 ,1493.50 ,1465.00 ,28.50 ,0.01 
2019-09-30,1472.90 ,1501.70 ,1507.20 ,1470.50 ,36.70 ,-0.02 
2019-09-27,1506.40 ,1511.80 ,1514.40 ,1493.30 ,21.10 ,-0.01 
2019-09-26,1515.20 ,1510.90 ,1519.50 ,1507.10 ,12.40 ,0.00 
2019-09-25,1512.30 ,1539.80 ,1542.80 ,1507.40 ,35.40 ,-0.02 
2019-09-24,1540.20 ,1529.80 ,1543.30 ,1522.80 ,20.50 ,0.01 
2019-09-23,1531.50 ,1521.50 ,1534.40 ,1517.90 ,16.50 ,0.01 
2019-09-20,1515.10 ,1506.80 ,1524.50 ,1505.30 ,19.20 ,0.01 
2019-09-19,1506.20 ,1502.00 ,1512.10 ,1496.30 ,15.80 ,-0.01 
2019-09-18,1515.80 ,1509.70 ,1519.50 ,1490.70 ,28.80 ,0.00 
2019-09-17,1513.40 ,1506.50 ,1515.00 ,1500.90 ,14.10 ,0.00 
2019-09-16,1511.50 ,1513.10 ,1519.70 ,1503.40 ,16.30 ,0.01 
2019-09-13,1499.50 ,1506.50 ,1516.60 ,1493.10 ,23.50 ,-0.01 
2019-09-12,1507.40 ,1504.90 ,1532.20 ,1496.80 ,35.40 ,0.00 
2019-09-11,1503.20 ,1493.90 ,1506.20 ,1492.90 ,13.30 ,0.00 
2019-09-10,1499.20 ,1507.00 ,1509.10 ,1492.10 ,17.00 ,-0.01 
2019-09-09,1511.10 ,1516.40 ,1523.80 ,1505.50 ,18.30 ,0.00 
2019-09-06,1515.50 ,1525.60 ,1536.20 ,1510.70 ,25.50 ,-0.01 
2019-09-05,1525.50 ,1561.40 ,1561.90 ,1514.30 ,47.60 ,-0.02 
2019-09-04,1560.40 ,1556.00 ,1566.20 ,1542.60 ,23.60 ,0.00 
2019-09-03,1552.80 ,1531.90 ,1532.90 ,1525.30 ,7.60 ,0.00 
2019-09-02,1555.90 ,1535.20 ,1558.90 ,1528.00 ,30.90 ,0.02 
2019-08-30,1529.40 ,1536.90 ,1541.90 ,1525.60 ,16.30 ,0.00 
2019-08-29,1536.90 ,1549.40 ,1559.80 ,1528.60 ,31.20 ,-0.01 
2019-08-28,1549.10 ,1551.80 ,1556.60 ,1541.40 ,15.20 ,0.00 
2019-08-27,1551.80 ,1537.30 ,1554.50 ,1535.30 ,19.20 ,0.01 
2019-08-26,1537.20 ,1545.40 ,1565.00 ,1534.80 ,30.20 ,0.00 
2019-08-23,1537.60 ,1508.80 ,1540.30 ,1503.00 ,37.30 ,0.02 
2019-08-22,1508.50 ,1512.40 ,1514.60 ,1502.10 ,12.50 ,0.00 
2019-08-21,1515.70 ,1518.40 ,1518.40 ,1506.50 ,11.90 ,0.00 
2019-08-20,1515.70 ,1506.30 ,1518.80 ,1503.00 ,15.80 ,0.00 
2019-08-19,1511.60 ,1523.00 ,1523.60 ,1503.30 ,20.30 ,-0.01 
2019-08-16,1523.60 ,1533.90 ,1538.60 ,1513.90 ,24.70 ,-0.01 
2019-08-15,1531.20 ,1526.60 ,1537.70 ,1518.30 ,19.40 ,0.00 
2019-08-14,1527.80 ,1513.00 ,1534.90 ,1504.50 ,30.40 ,0.01 
2019-08-13,1514.10 ,1522.30 ,1546.10 ,1488.90 ,57.20 ,0.00 
2019-08-12,1517.20 ,1509.20 ,1531.50 ,1498.60 ,32.90 ,0.01 
2019-08-09,1508.50 ,1515.90 ,1521.10 ,1506.20 ,14.90 ,0.00 
2019-08-08,1509.50 ,1512.10 ,1521.30 ,1501.60 ,19.70 ,-0.01 
2019-08-07,1519.60 ,1486.70 ,1522.70 ,1484.30 ,38.40 ,0.02 
2019-08-06,1484.20 ,1481.10 ,1486.80 ,1468.20 ,18.60 ,0.01 
2019-08-05,1476.50 ,1451.20 ,1481.80 ,1448.80 ,33.00 ,0.01 
2019-08-02,1457.50 ,1457.50 ,1461.90 ,1442.50 ,19.40 ,0.02 
2019-08-01,1432.40 ,1425.60 ,1458.20 ,1412.10 ,46.10 ,0.00 
2019-07-31,1437.80 ,1443.70 ,1447.80 ,1422.30 ,25.50 ,0.00 
2019-07-30,1441.80 ,1439.50 ,1445.70 ,1434.80 ,10.90 ,0.02 
2019-07-29,1420.40 ,1419.00 ,1428.00 ,1414.40 ,13.60 ,0.00 
2019-07-26,1419.30 ,1414.90 ,1424.80 ,1412.90 ,11.90 ,0.00 
2019-07-25,1414.70 ,1426.80 ,1434.10 ,1411.10 ,23.00 ,-0.01 
2019-07-24,1423.60 ,1418.60 ,1430.00 ,1416.70 ,13.30 ,0.00 
2019-07-23,1421.70 ,1426.00 ,1431.40 ,1414.60 ,16.80 ,0.00 
2019-07-22,1426.90 ,1428.50 ,1430.80 ,1423.00 ,7.80 ,0.00 
2019-07-19,1426.70 ,1448.30 ,1454.40 ,1421.10 ,33.30 ,0.00 
2019-07-18,1428.10 ,1428.50 ,1449.70 ,1415.60 ,34.10 ,0.00 
2019-07-17,1423.30 ,1407.90 ,1428.40 ,1401.30 ,27.10 ,0.01 
2019-07-16,1411.20 ,1416.40 ,1420.00 ,1402.10 ,17.90 ,0.00 
2019-07-15,1413.50 ,1417.70 ,1421.60 ,1409.30 ,12.30 ,0.00 
2019-07-12,1412.20 ,1406.20 ,1418.90 ,1404.50 ,14.40 ,0.00 
2019-07-11,1406.70 ,1421.10 ,1429.40 ,1402.70 ,26.70 ,0.00 
2019-07-10,1412.50 ,1400.00 ,1421.10 ,1391.80 ,29.30 ,0.01 
2019-07-09,1400.50 ,1397.90 ,1402.40 ,1387.50 ,14.90 ,0.00 
2019-07-08,1400.00 ,1401.00 ,1409.90 ,1393.80 ,16.10 ,0.00 
2019-07-05,1403.40 ,1426.50 ,1427.90 ,1393.00 ,34.90 ,0.00 
2019-07-04,1400.10 ,1421.60 ,1426.80 ,1388.60 ,38.20 ,-0.01 
2019-07-03,1420.90 ,1424.70 ,1441.00 ,1414.70 ,26.30 ,0.01 
2019-07-02,1408.00 ,1386.20 ,1424.00 ,1386.20 ,37.80 ,0.01 
2019-07-01,1389.30 ,1401.80 ,1401.90 ,1384.70 ,17.20 ,-0.02 
2019-06-28,1413.70 ,1413.30 ,1427.80 ,1408.60 ,19.20 ,0.00 
2019-06-27,1412.00 ,1412.70 ,1415.30 ,1401.40 ,13.90 ,0.00 
2019-06-26,1415.40 ,1427.20 ,1427.90 ,1405.00 ,22.90 ,0.00 
2019-06-25,1418.70 ,1423.40 ,1442.90 ,1415.10 ,27.80 ,0.00 
2019-06-24,1418.20 ,1403.90 ,1425.10 ,1403.60 ,21.50 ,0.01 
2019-06-21,1400.10 ,1391.20 ,1415.40 ,1386.10 ,29.30 ,0.00 
2019-06-20,1396.90 ,1364.50 ,1397.70 ,1361.30 ,36.40 ,0.04 
2019-06-19,1348.80 ,1350.40 ,1366.60 ,1344.80 ,21.80 ,0.00 
2019-06-18,1350.70 ,1343.90 ,1358.50 ,1342.10 ,16.40 ,0.01 
2019-06-17,1342.90 ,1345.50 ,1347.10 ,1336.60 ,10.50 ,0.00 
2019-06-14,1344.50 ,1346.50 ,1362.20 ,1341.40 ,20.80 ,0.00 
2019-06-13,1343.70 ,1337.80 ,1347.00 ,1335.90 ,11.10 ,0.01 
2019-06-12,1336.80 ,1330.60 ,1342.30 ,1329.80 ,12.50 ,0.00 
2019-06-11,1331.20 ,1331.80 ,1333.80 ,1323.60 ,10.20 ,0.00 
2019-06-10,1329.30 ,1341.20 ,1341.70 ,1329.00 ,12.70 ,-0.01 
2019-06-07,1346.10 ,1339.70 ,1352.70 ,1334.30 ,18.40 ,0.00 
2019-06-06,1342.70 ,1336.10 ,1344.20 ,1331.30 ,12.90 ,0.01 
2019-06-05,1333.60 ,1330.20 ,1348.90 ,1329.30 ,19.60 ,0.00 
2019-06-04,1328.70 ,1329.70 ,1334.10 ,1324.70 ,9.40 ,0.00 
2019-06-03,1327.90 ,1312.50 ,1333.00 ,1310.90 ,22.10 ,0.01 
2019-05-31,1311.10 ,1293.20 ,1311.90 ,1292.50 ,19.40 ,0.01 
2019-05-30,1292.40 ,1285.10 ,1293.90 ,1279.20 ,14.70 ,0.01 
2019-05-29,1281.00 ,1278.90 ,1285.20 ,1278.40 ,6.80 ,0.00 
2019-05-28,1280.10 ,1287.20 ,1289.60 ,1278.50 ,11.10 ,0.00 
2019-05-27,1277.10 ,1283.50 ,1286.90 ,1275.10 ,11.80 ,-0.01 
2019-05-24,1283.60 ,1283.20 ,1284.70 ,1280.10 ,4.60 ,0.00 
2019-05-23,1285.40 ,1273.60 ,1287.10 ,1272.10 ,15.00 ,0.01 
2019-05-22,1274.20 ,1274.40 ,1277.10 ,1272.00 ,5.10 ,0.00 
2019-05-21,1273.20 ,1277.70 ,1277.70 ,1269.00 ,8.70 ,0.00 
2019-05-20,1277.30 ,1277.60 ,1278.80 ,1273.30 ,5.50 ,0.00 
2019-05-17,1275.70 ,1287.20 ,1289.00 ,1274.60 ,14.40 ,-0.01 
2019-05-16,1286.20 ,1296.90 ,1299.30 ,1284.20 ,15.10 ,-0.01 
2019-05-15,1297.80 ,1298.30 ,1301.70 ,1293.60 ,8.10 ,0.00 
2019-05-14,1296.30 ,1302.00 ,1302.60 ,1294.30 ,8.30 ,0.00 
2019-05-13,1301.80 ,1288.40 ,1302.20 ,1282.40 ,19.80 ,0.01 
2019-05-10,1287.40 ,1285.10 ,1290.30 ,1284.00 ,6.30 ,0.00 
2019-05-09,1285.20 ,1282.90 ,1289.20 ,1280.40 ,8.80 ,0.00 
2019-05-08,1281.40 ,1287.40 ,1292.80 ,1280.20 ,12.60 ,0.00 
2019-05-07,1285.60 ,1284.10 ,1287.30 ,1279.10 ,8.20 ,0.00 
2019-05-06,1283.80 ,1286.40 ,1286.40 ,1278.10 ,8.30 ,0.00 
2019-05-03,1281.30 ,1272.90 ,1283.90 ,1269.00 ,14.90 ,0.01 
2019-05-02,1272.00 ,1278.20 ,1278.40 ,1267.30 ,11.10 ,-0.01 
2019-05-01,1284.20 ,1284.20 ,1289.40 ,1274.50 ,14.90 ,0.00 
2019-04-30,1285.70 ,1283.50 ,1288.20 ,1281.60 ,6.60 ,0.00 
2019-04-29,1281.50 ,1287.00 ,1288.60 ,1279.90 ,8.70 ,-0.01 
2019-04-26,1288.80 ,1280.10 ,1290.90 ,1276.00 ,14.90 ,0.01 
2019-04-25,1279.70 ,1276.30 ,1284.80 ,1275.40 ,9.40 ,0.00 
2019-04-24,1279.40 ,1272.30 ,1280.70 ,1270.50 ,10.20 ,0.00 
2019-04-23,1273.20 ,1277.20 ,1278.50 ,1267.90 ,10.60 ,0.00 
2019-04-22,1277.60 ,1277.90 ,1281.90 ,1275.70 ,6.20 ,0.00 
2019-04-18,1276.00 ,1276.30 ,1279.70 ,1273.00 ,6.70 ,0.00 
2019-04-17,1276.80 ,1278.70 ,1282.10 ,1275.20 ,6.90 ,0.00 
2019-04-16,1277.20 ,1290.00 ,1290.30 ,1275.50 ,14.80 ,-0.01 
2019-04-15,1291.30 ,1293.20 ,1293.50 ,1285.30 ,8.20 ,0.00 
2019-04-12,1295.20 ,1296.80 ,1299.10 ,1293.20 ,5.90 ,0.00 
2019-04-11,1293.30 ,1311.40 ,1312.10 ,1292.90 ,19.20 ,-0.02 
2019-04-10,1313.90 ,1307.60 ,1314.70 ,1304.70 ,10.00 ,0.00 
2019-04-09,1308.30 ,1303.20 ,1310.40 ,1301.10 ,9.30 ,0.00 
2019-04-08,1301.90 ,1297.60 ,1307.90 ,1297.00 ,10.90 ,0.00 
2019-04-05,1295.60 ,1295.80 ,1297.40 ,1288.30 ,9.10 ,0.00 
2019-04-04,1294.30 ,1296.30 ,1298.70 ,1284.90 ,13.80 ,0.00 
2019-04-03,1295.30 ,1295.60 ,1299.00 ,1292.70 ,6.30 ,0.00 
2019-04-02,1295.40 ,1292.70 ,1297.10 ,1289.50 ,7.60 ,0.00 
2019-04-01,1294.20 ,1295.90 ,1301.70 ,1291.00 ,10.70 ,0.00 
2019-03-29,1298.50 ,1296.30 ,1304.60 ,1291.30 ,13.30 ,0.00 
2019-03-28,1295.30 ,1315.90 ,1317.60 ,1293.30 ,24.30 ,-0.01 
2019-03-27,1310.40 ,1316.70 ,1318.80 ,1307.30 ,11.50 ,0.00 
2019-03-26,1315.00 ,1320.50 ,1321.90 ,1312.10 ,9.80 ,-0.01 
2019-03-25,1322.60 ,1313.20 ,1324.50 ,1312.60 ,11.90 ,0.01 
2019-03-22,1312.30 ,1308.20 ,1314.70 ,1307.00 ,7.70 ,0.00 
2019-03-21,1307.30 ,1316.10 ,1320.20 ,1302.80 ,17.40 ,0.00 
2019-03-20,1301.70 ,1304.30 ,1317.20 ,1298.10 ,19.10 ,0.00 
2019-03-19,1306.50 ,1304.80 ,1310.80 ,1303.40 ,7.40 ,0.00 
2019-03-18,1301.50 ,1299.30 ,1306.70 ,1298.00 ,8.70 ,0.00 
2019-03-15,1302.90 ,1295.40 ,1306.30 ,1293.70 ,12.60 ,0.01 
2019-03-14,1295.10 ,1308.10 ,1308.60 ,1292.50 ,16.10 ,-0.01 
2019-03-13,1309.30 ,1303.70 ,1311.60 ,1303.40 ,8.20 ,0.01 
2019-03-12,1298.10 ,1293.10 ,1302.60 ,1292.90 ,9.70 ,0.01 
2019-03-11,1291.10 ,1298.50 ,1299.20 ,1290.60 ,8.60 ,-0.01 
2019-03-08,1299.30 ,1286.80 ,1301.30 ,1286.50 ,14.80 ,0.01 
2019-03-07,1286.10 ,1288.60 ,1289.60 ,1280.80 ,8.80 ,0.00 
2019-03-06,1287.60 ,1288.50 ,1291.80 ,1284.30 ,7.50 ,0.00 
2019-03-05,1284.70 ,1288.50 ,1290.60 ,1282.00 ,8.60 ,0.00 
2019-03-04,1287.50 ,1297.40 ,1298.10 ,1283.80 ,14.30 ,-0.01 
2019-03-01,1299.20 ,1315.90 ,1315.90 ,1291.30 ,24.60 ,-0.01 
2019-02-28,1316.10 ,1319.60 ,1328.90 ,1314.00 ,14.90 ,0.00 
2019-02-27,1321.20 ,1331.00 ,1331.10 ,1318.40 ,12.70 ,-0.01 
2019-02-26,1328.50 ,1329.90 ,1332.40 ,1325.50 ,6.90 ,0.00 
2019-02-25,1329.50 ,1332.70 ,1334.90 ,1327.30 ,7.60 ,0.00 
2019-02-22,1332.80 ,1327.20 ,1335.60 ,1323.80 ,11.80 ,0.00 
2019-02-21,1327.80 ,1340.50 ,1343.70 ,1323.30 ,20.40 ,-0.01 
2019-02-20,1347.90 ,1347.80 ,1349.80 ,1339.80 ,10.00 ,0.00 
2019-02-19,1344.80 ,1325.00 ,1345.00 ,1323.80 ,21.20 ,0.00 
2019-02-18,1344.80 ,1327.90 ,1345.00 ,1324.40 ,20.60 ,0.02 
2019-02-15,1322.10 ,1314.70 ,1325.80 ,1314.30 ,11.50 ,0.01 
2019-02-14,1313.90 ,1311.80 ,1317.40 ,1304.70 ,12.70 ,0.00 
2019-02-13,1315.10 ,1315.20 ,1321.70 ,1308.10 ,13.60 ,0.00 
2019-02-12,1314.00 ,1311.40 ,1318.30 ,1310.70 ,7.60 ,0.00 
2019-02-11,1311.90 ,1318.10 ,1318.70 ,1307.10 ,11.60 ,-0.01 
2019-02-08,1318.50 ,1313.20 ,1319.50 ,1311.50 ,8.00 ,0.00 
2019-02-07,1314.20 ,1308.10 ,1315.80 ,1306.40 ,9.40 ,0.00 
2019-02-06,1314.40 ,1317.60 ,1319.70 ,1309.60 ,10.10 ,0.00 
2019-02-05,1319.20 ,1317.10 ,1321.00 ,1314.80 ,6.20 ,0.00 
2019-02-04,1319.30 ,1319.60 ,1320.10 ,1312.70 ,7.40 ,0.00 
2019-02-01,1322.10 ,1323.00 ,1328.20 ,1320.60 ,7.60 ,0.00 
2019-01-31,1325.20 ,1323.00 ,1331.10 ,1322.60 ,8.50 ,0.01 
2019-01-30,1315.50 ,1318.40 ,1328.60 ,1313.50 ,15.10 ,0.01 
2019-01-29,1308.90 ,1302.20 ,1310.80 ,1302.00 ,8.80 ,0.00 
2019-01-28,1303.10 ,1301.00 ,1303.70 ,1296.50 ,7.20 ,0.00 
2019-01-25,1298.10 ,1279.20 ,1303.40 ,1278.90 ,24.50 ,0.01 
2019-01-24,1279.80 ,1283.60 ,1283.60 ,1275.30 ,8.30 ,0.00 
2019-01-23,1284.00 ,1284.40 ,1286.00 ,1277.70 ,8.30 ,0.00 
2019-01-22,1285.80 ,1284.50 ,1287.20 ,1279.00 ,8.20 ,0.00 
2019-01-21,1283.40 ,1282.40 ,1285.00 ,1276.00 ,9.00 ,0.00 
2019-01-18,1282.60 ,1290.40 ,1292.00 ,1280.10 ,11.90 ,-0.01 
2019-01-17,1292.30 ,1294.60 ,1295.00 ,1288.30 ,6.70 ,0.00 
2019-01-16,1293.80 ,1289.10 ,1295.40 ,1287.60 ,7.80 ,0.00 
2019-01-15,1288.40 ,1293.10 ,1294.80 ,1286.50 ,8.30 ,0.00 
2019-01-14,1291.30 ,1292.70 ,1296.60 ,1288.60 ,8.00 ,0.00 
2019-01-11,1289.50 ,1290.20 ,1295.70 ,1287.20 ,8.50 ,0.00 
2019-01-10,1287.40 ,1293.60 ,1298.00 ,1286.70 ,11.30 ,0.00 
2019-01-09,1292.00 ,1287.00 ,1295.00 ,1280.90 ,14.10 ,0.00 
2019-01-08,1285.90 ,1287.40 ,1288.40 ,1280.20 ,8.20 ,0.00 
2019-01-07,1289.90 ,1290.20 ,1297.00 ,1287.30 ,9.70 ,0.00 
2019-01-04,1285.80 ,1298.90 ,1300.00 ,1278.10 ,21.90 ,-0.01 
2019-01-03,1294.80 ,1290.40 ,1296.90 ,1286.40 ,10.50 ,0.01 
2019-01-02,1284.10 ,1285.00 ,1291.00 ,1280.60 ,10.40 ,0.00 
2018-12-31,1281.30 ,1280.90 ,1286.50 ,1279.70 ,6.80 ,0.00 
2018-12-28,1283.00 ,1280.10 ,1284.70 ,1278.20 ,6.50 ,0.00 
2018-12-27,1281.10 ,1273.20 ,1281.60 ,1269.10 ,12.50 ,0.01 
2018-12-26,1273.00 ,1273.50 ,1282.30 ,1267.40 ,14.90 ,0.00 
2018-12-24,1271.80 ,1264.20 ,1273.90 ,1262.10 ,11.80 ,0.01 
2018-12-21,1258.10 ,1264.60 ,1266.20 ,1257.10 ,9.10 ,-0.01 
2018-12-20,1267.90 ,1248.50 ,1270.30 ,1247.10 ,23.20 ,0.01 
2018-12-19,1256.40 ,1253.00 ,1262.20 ,1245.30 ,16.90 ,0.00 
2018-12-18,1253.60 ,1251.10 ,1254.50 ,1249.00 ,5.50 ,0.00 
2018-12-17,1251.80 ,1241.50 ,1252.20 ,1240.00 ,12.20 ,0.01 
2018-12-14,1241.40 ,1246.90 ,1246.90 ,1236.50 ,10.40 ,0.00 
2018-12-13,1247.40 ,1250.00 ,1251.50 ,1244.40 ,7.10 ,0.00 
2018-12-12,1250.00 ,1250.60 ,1252.60 ,1247.10 ,5.50 ,0.00 
2018-12-11,1247.20 ,1251.10 ,1255.10 ,1245.80 ,9.30 ,0.00 
2018-12-10,1249.40 ,1254.90 ,1255.80 ,1246.90 ,8.90 ,0.00 
2018-12-07,1252.60 ,1244.30 ,1255.80 ,1243.30 ,12.50 ,0.01 
2018-12-06,1243.60 ,1245.70 ,1249.90 ,1240.00 ,9.90 ,0.00 
2018-12-05,1242.60 ,1241.50 ,1244.60 ,1238.70 ,5.90 ,0.00 
2018-12-04,1246.60 ,1240.40 ,1247.50 ,1239.60 ,7.90 ,0.01 
2018-12-03,1239.60 ,1228.60 ,1240.40 ,1228.50 ,11.90 ,0.01 
2018-11-30,1226.00 ,1229.90 ,1231.10 ,1221.80 ,9.30 ,0.00 
2018-11-29,1230.40 ,1227.10 ,1234.90 ,1226.70 ,8.20 ,0.01 
2018-11-28,1223.60 ,1214.30 ,1227.70 ,1210.50 ,17.20 ,0.01 
2018-11-27,1213.40 ,1222.60 ,1225.20 ,1211.40 ,13.80 ,-0.01 
2018-11-26,1222.40 ,1223.90 ,1228.60 ,1221.70 ,6.90 ,0.00 
2018-11-23,1226.60 ,1231.30 ,1232.60 ,1224.20 ,8.40 ,0.00 
2018-11-22,1223.20 ,1227.80 ,1229.20 ,1220.30 ,8.90 ,0.00 
2018-11-21,1228.00 ,1222.40 ,1230.90 ,1220.10 ,10.80 ,0.01 
2018-11-20,1221.20 ,1224.60 ,1229.50 ,1220.30 ,9.20 ,0.00 
2018-11-19,1225.30 ,1222.60 ,1226.50 ,1218.50 ,8.00 ,0.00 
2018-11-16,1223.00 ,1214.40 ,1226.00 ,1213.70 ,12.30 ,0.01 
2018-11-15,1215.00 ,1211.80 ,1217.00 ,1207.10 ,9.90 ,0.00 
2018-11-14,1210.10 ,1202.80 ,1217.20 ,1198.10 ,19.10 ,0.01 
2018-11-13,1201.40 ,1201.10 ,1205.50 ,1196.60 ,8.90 ,0.00 
2018-11-12,1203.50 ,1210.30 ,1212.00 ,1200.60 ,11.40 ,0.00 
2018-11-09,1208.60 ,1224.30 ,1224.60 ,1207.20 ,17.40 ,-0.01 
2018-11-08,1225.10 ,1227.70 ,1228.50 ,1220.80 ,7.70 ,0.00 
2018-11-07,1228.70 ,1228.90 ,1238.40 ,1224.20 ,14.20 ,0.00 
2018-11-06,1226.30 ,1233.40 ,1237.80 ,1224.90 ,12.90 ,0.00 
2018-11-05,1232.30 ,1234.50 ,1236.80 ,1228.40 ,8.40 ,0.00 
2018-11-02,1233.30 ,1235.30 ,1238.40 ,1231.30 ,7.10 ,0.00 
2018-11-01,1238.60 ,1216.60 ,1239.30 ,1216.10 ,23.20 ,0.02 
2018-10-31,1215.00 ,1224.70 ,1225.00 ,1213.40 ,11.60 ,-0.01 
2018-10-30,1225.30 ,1231.90 ,1232.50 ,1221.40 ,11.10 ,0.00 
2018-10-29,1227.60 ,1236.40 ,1237.60 ,1226.10 ,11.50 ,-0.01 
2018-10-26,1235.80 ,1234.70 ,1246.00 ,1232.50 ,13.50 ,0.00 
2018-10-25,1232.40 ,1236.60 ,1242.00 ,1230.50 ,11.50 ,0.00 
2018-10-24,1231.10 ,1233.80 ,1238.00 ,1228.30 ,9.70 ,0.00 
2018-10-23,1236.80 ,1225.10 ,1243.00 ,1224.50 ,18.50 ,0.01 
2018-10-22,1224.60 ,1230.50 ,1232.60 ,1222.80 ,9.80 ,0.00 
2018-10-19,1228.70 ,1228.60 ,1234.10 ,1226.20 ,7.90 ,0.00 
2018-10-18,1230.10 ,1225.50 ,1233.60 ,1221.70 ,11.90 ,0.00 
2018-10-17,1227.40 ,1228.00 ,1232.90 ,1223.70 ,9.20 ,0.00 
2018-10-16,1231.00 ,1230.50 ,1235.90 ,1226.30 ,9.60 ,0.00 
2018-10-15,1230.30 ,1221.20 ,1236.90 ,1220.40 ,16.50 ,0.01 
2018-10-12,1222.00 ,1227.70 ,1228.10 ,1219.30 ,8.80 ,0.00 
2018-10-11,1227.60 ,1197.90 ,1230.00 ,1194.70 ,35.30 ,0.03 
2018-10-10,1193.40 ,1192.70 ,1198.60 ,1188.50 ,10.10 ,0.00 
2018-10-09,1191.50 ,1192.20 ,1195.80 ,1186.60 ,9.20 ,0.00 
2018-10-08,1188.60 ,1206.70 ,1208.00 ,1186.00 ,22.00 ,-0.01 
2018-10-05,1205.60 ,1203.70 ,1209.80 ,1200.90 ,8.90 ,0.00 
2018-10-04,1201.60 ,1201.40 ,1210.70 ,1199.60 ,11.10 ,0.00 
2018-10-03,1202.90 ,1207.00 ,1212.30 ,1200.40 ,11.90 ,0.00 
2018-10-02,1207.00 ,1192.70 ,1212.30 ,1192.20 ,20.10 ,0.01 
2018-10-01,1191.70 ,1196.10 ,1196.50 ,1188.10 ,8.40 ,0.00 
2018-09-28,1196.20 ,1186.80 ,1198.00 ,1184.30 ,13.70 ,0.01 
2018-09-27,1187.40 ,1198.90 ,1202.60 ,1185.60 ,17.00 ,-0.01 
2018-09-26,1199.10 ,1205.50 ,1206.90 ,1194.60 ,12.30 ,-0.01 
2018-09-25,1205.10 ,1203.10 ,1207.90 ,1201.30 ,6.60 ,0.00 
2018-09-24,1204.40 ,1204.00 ,1208.80 ,1198.60 ,10.20 ,0.00 
2018-09-21,1201.30 ,1212.10 ,1215.80 ,1196.00 ,19.80 ,-0.01 
2018-09-20,1211.30 ,1208.80 ,1213.20 ,1205.10 ,8.10 ,0.00 
2018-09-19,1208.30 ,1202.80 ,1211.00 ,1202.20 ,8.80 ,0.00 
2018-09-18,1202.90 ,1206.40 ,1208.20 ,1200.30 ,7.90 ,0.00 
2018-09-17,1205.80 ,1199.80 ,1209.70 ,1197.50 ,12.20 ,0.00 
2018-09-14,1201.10 ,1206.60 ,1213.80 ,1197.70 ,16.10 ,-0.01 
2018-09-13,1208.20 ,1212.40 ,1218.00 ,1205.00 ,13.00 ,0.00 
2018-09-12,1210.90 ,1203.50 ,1213.90 ,1197.60 ,16.30 ,0.01 
2018-09-11,1202.20 ,1200.40 ,1204.80 ,1192.70 ,12.10 ,0.00 
2018-09-10,1199.80 ,1200.70 ,1203.80 ,1196.20 ,7.60 ,0.00 
2018-09-07,1200.40 ,1205.60 ,1209.00 ,1198.70 ,10.30 ,0.00 
2018-09-06,1204.30 ,1202.50 ,1212.70 ,1200.50 ,12.20 ,0.00 
2018-09-05,1201.30 ,1197.20 ,1204.20 ,1196.40 ,7.80 ,0.00 
2018-09-04,1196.60 ,1201.80 ,1204.80 ,1193.30 ,11.50 ,0.00 
2018-09-03,1199.10 ,1207.00 ,1207.60 ,1195.10 ,12.50 ,-0.01 
2018-08-31,1206.70 ,1206.30 ,1214.90 ,1204.10 ,10.80 ,0.00 
2018-08-30,1205.00 ,1212.60 ,1214.00 ,1202.10 ,11.90 ,-0.01 
2018-08-29,1211.50 ,1206.60 ,1213.70 ,1206.60 ,7.10 ,0.00 
2018-08-28,1214.40 ,1217.70 ,1220.70 ,1205.80 ,14.90 ,0.00 
2018-08-27,1216.00 ,1214.50 ,1218.80 ,1209.30 ,9.50 ,0.00 
2018-08-24,1213.30 ,1191.60 ,1215.40 ,1189.50 ,25.90 ,0.02 
2018-08-23,1194.00 ,1202.80 ,1203.40 ,1190.20 ,13.20 ,-0.01 
2018-08-22,1203.30 ,1203.00 ,1208.40 ,1199.20 ,9.20 ,0.00 
2018-08-21,1200.00 ,1197.30 ,1204.30 ,1194.30 ,10.00 ,0.00 
2018-08-20,1194.60 ,1190.40 ,1197.70 ,1189.60 ,8.10 ,0.01 
2018-08-17,1184.20 ,1180.70 ,1192.00 ,1178.50 ,13.50 ,0.00 
2018-08-16,1184.00 ,1183.00 ,1189.00 ,1167.10 ,21.90 ,0.00 
2018-08-15,1185.00 ,1201.50 ,1202.00 ,1180.00 ,22.00 ,-0.01 
2018-08-14,1200.70 ,1201.10 ,1205.80 ,1198.90 ,6.90 ,0.00 
2018-08-13,1198.90 ,1218.40 ,1221.40 ,1198.60 ,22.80 ,-0.02 
2018-08-10,1219.00 ,1220.00 ,1224.90 ,1213.10 ,11.80 ,0.00 
2018-08-09,1219.90 ,1222.00 ,1225.60 ,1218.40 ,7.20 ,0.00 
2018-08-08,1221.00 ,1218.70 ,1223.80 ,1213.60 ,10.20 ,0.00 
2018-08-07,1218.30 ,1215.80 ,1224.30 ,1215.60 ,8.70 ,0.00 
2018-08-06,1217.70 ,1222.00 ,1226.00 ,1214.40 ,11.60 ,0.00 
2018-08-03,1223.20 ,1216.00 ,1228.50 ,1212.50 ,16.00 ,0.00 
2018-08-02,1220.10 ,1224.70 ,1230.00 ,1215.30 ,14.70 ,-0.01 
2018-08-01,1227.60 ,1232.70 ,1233.70 ,1224.40 ,9.30 ,0.00 
2018-07-31,1233.60 ,1230.50 ,1237.80 ,1222.60 ,15.20 ,0.00 
2018-07-30,1231.50 ,1231.10 ,1234.10 ,1227.80 ,6.30 ,0.00 
2018-07-27,1232.70 ,1231.40 ,1236.50 ,1226.30 ,10.20 ,0.01 
2018-07-26,1225.70 ,1231.70 ,1235.30 ,1221.70 ,13.60 ,-0.01 
2018-07-25,1231.80 ,1224.20 ,1234.30 ,1223.20 ,11.10 ,0.01 
2018-07-24,1225.50 ,1224.40 ,1229.70 ,1218.10 ,11.60 ,0.00 
2018-07-23,1225.60 ,1231.70 ,1235.20 ,1222.20 ,13.00 ,0.00 
2018-07-20,1231.10 ,1222.90 ,1232.40 ,1215.30 ,17.10 ,0.01 
2018-07-19,1224.00 ,1227.30 ,1229.60 ,1210.70 ,18.90 ,0.00 
2018-07-18,1227.90 ,1227.00 ,1229.10 ,1220.90 ,8.20 ,0.00 
2018-07-17,1227.30 ,1240.80 ,1245.10 ,1225.90 ,19.20 ,-0.01 
2018-07-16,1239.70 ,1241.00 ,1245.80 ,1238.30 ,7.50 ,0.00 
2018-07-13,1241.20 ,1247.70 ,1248.50 ,1236.20 ,12.30 ,0.00 
2018-07-12,1246.60 ,1242.30 ,1248.80 ,1241.40 ,7.40 ,0.00 
2018-07-11,1244.40 ,1256.70 ,1257.30 ,1241.70 ,15.60 ,-0.01 
2018-07-10,1255.40 ,1258.50 ,1261.00 ,1247.70 ,13.30 ,0.00 
2018-07-09,1259.60 ,1255.70 ,1266.90 ,1255.70 ,11.20 ,0.00 
2018-07-06,1255.80 ,1258.40 ,1260.20 ,1253.70 ,6.50 ,0.00 
2018-07-05,1261.70 ,1257.80 ,1263.60 ,1256.90 ,6.70 ,0.00 
2018-07-04,1258.80 ,1257.70 ,1261.00 ,1252.20 ,8.80 ,0.00 
2018-07-03,1253.50 ,1242.90 ,1258.50 ,1238.80 ,19.70 ,0.01 
2018-07-02,1241.70 ,1253.40 ,1255.60 ,1240.60 ,15.00 ,-0.01 
2018-06-29,1254.50 ,1249.50 ,1257.10 ,1246.90 ,10.20 ,0.00 
2018-06-28,1251.00 ,1253.60 ,1255.80 ,1247.20 ,8.60 ,0.00 
2018-06-27,1256.10 ,1260.50 ,1261.90 ,1252.20 ,9.70 ,0.00 
2018-06-26,1259.90 ,1267.30 ,1269.40 ,1256.40 ,13.00 ,-0.01 
2018-06-25,1268.90 ,1272.20 ,1274.40 ,1265.50 ,8.90 ,0.00 
2018-06-22,1270.70 ,1268.60 ,1273.10 ,1268.40 ,4.70 ,0.00 
2018-06-21,1270.50 ,1269.70 ,1272.30 ,1262.40 ,9.90 ,0.00 
2018-06-20,1274.50 ,1277.30 ,1278.60 ,1269.60 ,9.00 ,0.00 
2018-06-19,1278.60 ,1280.70 ,1286.80 ,1272.60 ,14.20 ,0.00 
2018-06-18,1280.10 ,1281.10 ,1284.90 ,1279.50 ,5.40 ,0.00 
2018-06-15,1278.50 ,1303.10 ,1313.00 ,1277.90 ,35.10 ,-0.02 
2018-06-14,1308.30 ,1303.10 ,1313.00 ,1301.00 ,12.00 ,0.01 
2018-06-13,1301.30 ,1299.60 ,1305.20 ,1294.50 ,10.70 ,0.00 
2018-06-12,1299.40 ,1304.50 ,1304.80 ,1296.30 ,8.50 ,0.00 
2018-06-11,1303.20 ,1303.50 ,1307.00 ,1297.80 ,9.20 ,0.00 
2018-06-08,1302.70 ,1301.30 ,1304.80 ,1296.00 ,8.80 ,0.00 
2018-06-07,1303.00 ,1300.90 ,1307.80 ,1299.00 ,8.80 ,0.00 
2018-06-06,1301.40 ,1300.60 ,1306.10 ,1297.70 ,8.40 ,0.00 
2018-06-05,1302.20 ,1296.40 ,1304.80 ,1293.50 ,11.30 ,0.00 
2018-06-04,1297.30 ,1296.70 ,1302.30 ,1293.80 ,8.50 ,0.00 
2018-06-01,1299.30 ,1303.00 ,1304.80 ,1293.10 ,11.70 ,0.00 
2018-05-31,1304.70 ,1306.00 ,1311.50 ,1301.00 ,10.50 ,0.00 
2018-05-30,1306.50 ,1303.10 ,1308.80 ,1300.00 ,8.80 ,0.00 
2018-05-29,1301.60 ,1302.80 ,1309.00 ,1294.70 ,14.30 ,0.00 
2018-05-28,1299.00 ,1297.20 ,1306.10 ,1291.40 ,14.70 ,0.00 
2018-05-25,1303.70 ,1304.00 ,1307.20 ,1299.40 ,7.80 ,0.00 
2018-05-24,1304.40 ,1293.30 ,1306.40 ,1292.20 ,14.20 ,0.01 
2018-05-23,1289.60 ,1290.60 ,1298.40 ,1286.70 ,11.70 ,0.00 
2018-05-22,1292.00 ,1292.30 ,1296.00 ,1287.20 ,8.80 ,0.00 
2018-05-21,1290.90 ,1290.30 ,1292.70 ,1281.20 ,11.50 ,0.00 
2018-05-18,1291.30 ,1290.00 ,1293.70 ,1285.10 ,8.60 ,0.00 
2018-05-17,1289.40 ,1290.20 ,1294.00 ,1284.00 ,10.00 ,0.00 
2018-05-16,1291.50 ,1290.10 ,1296.40 ,1285.70 ,10.70 ,0.00 
2018-05-15,1290.30 ,1313.20 ,1314.70 ,1288.20 ,26.50 ,-0.02 
2018-05-14,1318.20 ,1318.30 ,1322.40 ,1312.80 ,9.60 ,0.00 
2018-05-11,1320.70 ,1321.80 ,1326.30 ,1317.00 ,9.30 ,0.00 
2018-05-10,1322.30 ,1312.80 ,1323.40 ,1310.60 ,12.80 ,0.01 
2018-05-09,1313.00 ,1315.30 ,1317.80 ,1304.20 ,13.60 ,0.00 
2018-05-08,1313.70 ,1314.10 ,1318.50 ,1306.20 ,12.30 ,0.00 
2018-05-07,1314.10 ,1316.30 ,1320.10 ,1310.60 ,9.50 ,0.00 
2018-05-04,1314.70 ,1312.80 ,1316.90 ,1308.50 ,8.40 ,0.00 
2018-05-03,1312.70 ,1305.50 ,1319.00 ,1305.20 ,13.80 ,0.01 
2018-05-02,1305.60 ,1304.40 ,1314.90 ,1304.30 ,10.60 ,0.00 
2018-05-01,1306.80 ,1316.00 ,1317.40 ,1302.30 ,15.10 ,-0.01 
2018-04-30,1319.20 ,1324.00 ,1325.90 ,1310.70 ,15.20 ,0.00 
2018-04-27,1323.40 ,1318.00 ,1326.40 ,1315.80 ,10.60 ,0.00 
2018-04-26,1317.90 ,1324.20 ,1328.00 ,1316.20 ,11.80 ,0.00 
2018-04-25,1322.80 ,1332.00 ,1333.80 ,1320.20 ,13.60 ,-0.01 
2018-04-24,1333.00 ,1326.10 ,1334.50 ,1323.60 ,10.90 ,0.01 
2018-04-23,1324.00 ,1336.20 ,1337.60 ,1323.80 ,13.80 ,-0.01 
2018-04-20,1338.30 ,1348.50 ,1348.90 ,1337.00 ,11.90 ,-0.01 
2018-04-19,1348.80 ,1352.40 ,1357.70 ,1343.20 ,14.50 ,0.00 
2018-04-18,1353.50 ,1350.40 ,1359.00 ,1345.00 ,14.00 ,0.00 
2018-04-17,1349.50 ,1349.10 ,1352.20 ,1340.20 ,12.00 ,0.00 
2018-04-16,1350.70 ,1349.80 ,1353.50 ,1342.80 ,10.70 ,0.00 
2018-04-13,1347.90 ,1337.60 ,1350.30 ,1335.50 ,14.80 ,0.00 
2018-04-12,1341.90 ,1356.30 ,1356.70 ,1336.70 ,20.00 ,-0.01 
2018-04-11,1360.00 ,1343.10 ,1369.40 ,1342.50 ,26.90 ,0.01 
2018-04-10,1345.90 ,1339.80 ,1346.20 ,1334.20 ,12.00 ,0.00 
2018-04-09,1340.10 ,1338.00 ,1341.50 ,1330.10 ,11.40 ,0.00 
2018-04-06,1336.10 ,1329.70 ,1339.10 ,1322.60 ,16.50 ,0.01 
2018-04-05,1328.50 ,1337.10 ,1338.70 ,1326.00 ,12.70 ,-0.01 
2018-04-04,1340.20 ,1336.70 ,1352.50 ,1335.20 ,17.30 ,0.00 
2018-04-03,1337.30 ,1345.00 ,1346.60 ,1332.70 ,13.90 ,-0.01 
2018-04-02,1346.90 ,1330.70 ,1349.20 ,1329.00 ,20.20 ,0.01 
2018-03-29,1327.30 ,1329.30 ,1332.60 ,1325.40 ,7.20 ,0.00 
2018-03-28,1324.20 ,1345.00 ,1346.40 ,1322.40 ,24.00 ,-0.01 
2018-03-27,1342.00 ,1353.60 ,1356.80 ,1339.60 ,17.20 ,-0.01 
2018-03-26,1355.00 ,1347.00 ,1356.00 ,1343.40 ,12.60 ,0.00 
2018-03-23,1349.90 ,1329.00 ,1350.40 ,1328.90 ,21.50 ,0.02 
2018-03-22,1327.40 ,1332.00 ,1335.00 ,1324.60 ,10.40 ,0.00 
2018-03-21,1321.50 ,1310.60 ,1336.90 ,1309.50 ,27.40 ,0.01 
2018-03-20,1311.90 ,1316.50 ,1318.10 ,1306.60 ,11.50 ,0.00 
2018-03-19,1317.80 ,1312.90 ,1319.60 ,1307.40 ,12.20 ,0.00 
2018-03-16,1312.30 ,1316.80 ,1321.80 ,1309.50 ,12.30 ,0.00 
2018-03-15,1317.80 ,1324.70 ,1328.10 ,1314.90 ,13.20 ,-0.01 
2018-03-14,1325.60 ,1326.70 ,1330.50 ,1321.70 ,8.80 ,0.00 
2018-03-13,1327.10 ,1323.30 ,1328.80 ,1313.80 ,15.00 ,0.00 
2018-03-12,1320.80 ,1324.10 ,1325.00 ,1315.30 ,9.70 ,0.00 
2018-03-09,1324.00 ,1322.70 ,1325.90 ,1313.20 ,12.70 ,0.00 
2018-03-08,1321.70 ,1326.20 ,1329.80 ,1319.60 ,10.20 ,0.00 
2018-03-07,1327.60 ,1339.50 ,1342.00 ,1323.00 ,19.00 ,-0.01 
2018-03-06,1335.20 ,1321.00 ,1339.90 ,1320.80 ,19.10 ,0.01 
2018-03-05,1319.90 ,1324.90 ,1328.90 ,1318.30 ,10.60 ,0.00 
2018-03-02,1323.40 ,1318.00 ,1326.60 ,1316.20 ,10.40 ,0.01 
2018-03-01,1305.20 ,1319.30 ,1322.30 ,1303.60 ,18.70 ,-0.01 
2018-02-28,1317.90 ,1318.90 ,1323.70 ,1316.70 ,7.00 ,0.00 
2018-02-27,1318.60 ,1334.70 ,1338.40 ,1314.40 ,24.00 ,-0.01 
2018-02-26,1332.80 ,1330.40 ,1342.90 ,1328.00 ,14.90 ,0.00 
2018-02-23,1330.30 ,1333.70 ,1334.20 ,1327.70 ,6.50 ,0.00 
2018-02-22,1332.70 ,1326.20 ,1334.40 ,1322.90 ,11.50 ,0.00 
2018-02-21,1332.10 ,1331.20 ,1338.50 ,1324.40 ,14.10 ,0.00 
2018-02-20,1331.20 ,1350.20 ,1354.00 ,1330.60 ,23.40 ,0.00 
2018-02-19,1331.20 ,1350.20 ,1354.00 ,1330.60 ,23.40 ,-0.02 
2018-02-16,1356.20 ,1356.60 ,1364.40 ,1347.30 ,17.10 ,0.00 
2018-02-15,1355.30 ,1353.00 ,1359.80 ,1350.80 ,9.00 ,0.00 
2018-02-14,1358.00 ,1331.90 ,1358.60 ,1319.10 ,39.50 ,0.02 
2018-02-13,1330.40 ,1325.00 ,1333.50 ,1323.70 ,9.80 ,0.00 
2018-02-12,1326.40 ,1317.10 ,1330.00 ,1316.30 ,13.70 ,0.01 
2018-02-09,1315.70 ,1321.00 ,1325.00 ,1313.20 ,11.80 ,0.00 
2018-02-08,1319.00 ,1320.70 ,1324.50 ,1309.00 ,15.50 ,0.00 
2018-02-07,1314.60 ,1326.60 ,1334.80 ,1313.50 ,21.30 ,-0.01 
2018-02-06,1329.50 ,1343.10 ,1349.30 ,1322.80 ,26.50 ,-0.01 
2018-02-05,1336.50 ,1334.60 ,1344.80 ,1331.60 ,13.20 ,0.00 
2018-02-02,1337.30 ,1352.20 ,1353.30 ,1330.10 ,23.20 ,-0.01 
2018-02-01,1347.90 ,1348.20 ,1354.30 ,1340.20 ,14.10 ,0.00 
2018-01-31,1343.10 ,1341.80 ,1351.00 ,1335.50 ,15.50 ,0.00 
2018-01-30,1340.00 ,1344.00 ,1352.50 ,1337.50 ,15.00 ,0.00 
2018-01-29,1340.30 ,1349.00 ,1351.40 ,1336.10 ,15.30 ,-0.01 
2018-01-26,1352.10 ,1346.40 ,1356.00 ,1343.70 ,12.30 ,-0.01 
2018-01-25,1362.90 ,1357.00 ,1365.40 ,1341.00 ,24.40 ,0.00 
2018-01-24,1356.30 ,1341.40 ,1361.60 ,1339.10 ,22.50 ,0.01 
2018-01-23,1336.70 ,1333.00 ,1341.50 ,1330.70 ,10.80 ,0.00 
2018-01-22,1331.90 ,1334.00 ,1335.80 ,1328.00 ,7.80 ,0.00 
2018-01-19,1333.10 ,1327.00 ,1338.20 ,1326.60 ,11.60 ,0.00 
2018-01-18,1327.20 ,1327.40 ,1333.30 ,1324.30 ,9.00 ,-0.01 
2018-01-17,1339.20 ,1339.00 ,1344.50 ,1326.60 ,17.90 ,0.00 
2018-01-16,1339.30 ,1339.20 ,1346.50 ,1335.00 ,11.50 ,0.00 
2018-01-15,1337.10 ,1337.30 ,1345.00 ,1332.10 ,12.90 ,0.00 
2018-01-12,1334.90 ,1323.60 ,1340.00 ,1320.80 ,19.20 ,0.01 
2018-01-11,1322.50 ,1317.50 ,1324.70 ,1316.10 ,8.60 ,0.00 
2018-01-10,1319.30 ,1313.30 ,1328.60 ,1308.90 ,19.70 ,0.00 
2018-01-09,1313.70 ,1321.20 ,1321.40 ,1309.50 ,11.90 ,-0.01 
2018-01-08,1320.40 ,1321.80 ,1323.00 ,1315.70 ,7.30 ,0.00 
2018-01-05,1322.30 ,1324.40 ,1324.70 ,1314.60 ,10.10 ,0.00 
2018-01-04,1321.60 ,1315.50 ,1327.30 ,1307.10 ,20.20 ,0.00 
2018-01-03,1318.50 ,1319.00 ,1323.00 ,1308.90 ,14.10 ,0.00 
2018-01-02,1316.10 ,1305.30 ,1320.40 ,1304.60 ,15.80 ,0.01 
