Date,Price,Open,High,Low,High-low,Change %
11/01/2023,558.30 ,556.88 ,559.30 ,554.75 ,4.55 ,0.00 
10/31/2023,556.25 ,568.25 ,568.50 ,554.50 ,14.00 ,(0.02)
10/30/2023,566.00 ,576.00 ,577.00 ,565.25 ,11.75 ,(0.02)
10/27/2023,575.50 ,580.25 ,582.50 ,571.00 ,11.50 ,(0.01)
10/26/2023,579.50 ,569.25 ,580.50 ,563.25 ,17.25 ,0.02 
10/25/2023,568.50 ,580.00 ,586.25 ,567.00 ,19.25 ,(0.02)
10/24/2023,580.50 ,587.75 ,588.00 ,572.75 ,15.25 ,(0.01)
10/23/2023,587.25 ,586.50 ,595.25 ,582.00 ,13.25 ,0.00 
10/20/2023,586.00 ,594.00 ,604.50 ,583.25 ,21.25 ,(0.01)
10/19/2023,594.00 ,579.75 ,594.50 ,576.50 ,18.00 ,0.02 
10/18/2023,580.25 ,572.50 ,584.00 ,571.25 ,12.75 ,0.02 
10/17/2023,570.50 ,577.00 ,582.25 ,568.50 ,13.75 ,(0.01)
10/16/2023,577.25 ,580.00 ,588.50 ,575.25 ,13.25 ,(0.00)
10/13/2023,579.75 ,572.00 ,586.25 ,569.50 ,16.75 ,0.01 
10/12/2023,571.50 ,557.25 ,574.50 ,547.25 ,27.25 ,0.03 
10/11/2023,556.00 ,559.00 ,560.75 ,551.00 ,9.75 ,(0.00)
10/10/2023,558.50 ,573.75 ,574.75 ,555.50 ,19.25 ,(0.02)
10/09/2023,572.75 ,573.25 ,581.50 ,570.00 ,11.50 ,0.01 
10/06/2023,568.25 ,576.00 ,580.25 ,566.50 ,13.75 ,(0.02)
10/05/2023,578.25 ,559.75 ,580.25 ,559.00 ,21.25 ,0.03 
10/04/2023,560.00 ,567.50 ,569.75 ,551.75 ,18.00 ,(0.02)
10/03/2023,568.50 ,568.25 ,575.00 ,562.75 ,12.25 ,0.01 
10/02/2023,564.75 ,545.00 ,567.00 ,541.25 ,25.75 ,0.04 
09/29/2023,541.50 ,579.50 ,585.50 ,540.00 ,45.50 ,(0.06)
09/28/2023,578.75 ,580.50 ,583.50 ,575.25 ,8.25 ,(0.00)
09/27/2023,579.50 ,589.25 ,594.50 ,578.50 ,16.00 ,(0.02)
09/26/2023,589.00 ,589.00 ,596.75 ,583.25 ,13.50 ,0.00 
09/25/2023,589.00 ,577.00 ,590.00 ,573.75 ,16.25 ,0.02 
09/22/2023,579.50 ,576.50 ,582.50 ,572.75 ,9.75 ,0.01 
09/21/2023,575.75 ,589.00 ,590.25 ,575.00 ,15.25 ,(0.02)
09/20/2023,588.75 ,585.25 ,596.25 ,581.50 ,14.75 ,0.01 
09/19/2023,584.00 ,588.00 ,592.75 ,581.00 ,11.75 ,(0.01)
09/18/2023,591.25 ,604.00 ,604.25 ,587.00 ,17.25 ,(0.02)
09/15/2023,604.25 ,594.25 ,607.50 ,591.75 ,15.75 ,0.06 
09/14/2023,567.50 ,595.50 ,597.75 ,583.50 ,14.25 ,(0.00)
09/13/2023,569.00 ,562.50 ,565.50 ,562.50 ,3.00 ,0.02 
09/12/2023,560.25 ,557.25 ,557.25 ,548.00 ,9.25 ,0.01 
09/11/2023,556.00 ,561.50 ,561.50 ,558.00 ,3.50 ,(0.02)
09/08/2023,567.25 ,600.00 ,602.75 ,590.50 ,12.25 ,(0.01)
09/07/2023,571.50 ,578.25 ,585.00 ,578.25 ,6.75 ,(0.02)
09/06/2023,581.00 ,577.50 ,587.00 ,576.50 ,10.50 ,0.01 
09/05/2023,572.50 ,569.25 ,575.00 ,567.00 ,8.00 ,0.01 
09/01/2023,567.50 ,574.00 ,585.00 ,571.00 ,14.00 ,(0.01)
08/31/2023,573.00 ,574.00 ,582.75 ,566.00 ,16.75 ,(0.01)
08/30/2023,576.75 ,572.75 ,579.50 ,564.50 ,15.00 ,0.01 
08/29/2023,569.75 ,588.00 ,589.00 ,568.75 ,20.25 ,(0.03)
08/28/2023,588.00 ,593.50 ,599.25 ,584.00 ,15.25 ,(0.01)
08/25/2023,593.25 ,604.50 ,609.75 ,587.50 ,22.25 ,(0.02)
08/24/2023,604.00 ,614.75 ,615.00 ,598.25 ,16.75 ,(0.01)
08/23/2023,612.50 ,604.25 ,617.00 ,598.25 ,18.75 ,0.02 
08/22/2023,601.75 ,599.00 ,610.75 ,594.50 ,16.25 ,0.00 
08/21/2023,599.25 ,618.00 ,620.75 ,595.75 ,25.00 ,(0.02)
08/18/2023,613.25 ,589.00 ,615.75 ,588.50 ,27.25 ,0.04 
08/17/2023,589.50 ,599.75 ,601.25 ,586.25 ,15.00 ,(0.01)
08/16/2023,597.75 ,598.75 ,607.50 ,591.50 ,16.00 ,(0.00)
08/15/2023,598.50 ,618.50 ,619.00 ,595.75 ,23.25 ,(0.03)
08/14/2023,616.00 ,632.75 ,635.00 ,605.25 ,29.75 ,(0.02)
08/11/2023,626.75 ,638.00 ,639.75 ,624.25 ,15.50 ,(0.02)
08/10/2023,637.75 ,637.25 ,644.00 ,635.00 ,9.00 ,0.00 
08/09/2023,635.00 ,655.50 ,658.25 ,633.50 ,24.75 ,(0.03)
08/08/2023,656.25 ,657.50 ,662.25 ,643.00 ,19.25 ,(0.00)
08/07/2023,657.50 ,646.00 ,663.75 ,636.00 ,27.75 ,0.04 
08/04/2023,633.00 ,627.75 ,653.75 ,627.25 ,26.50 ,0.01 
08/03/2023,627.00 ,639.25 ,648.25 ,626.25 ,22.00 ,(0.02)
08/02/2023,640.00 ,654.50 ,684.00 ,636.00 ,48.00 ,(0.02)
08/01/2023,652.25 ,670.00 ,675.00 ,643.25 ,31.75 ,(0.02)
07/31/2023,665.75 ,702.50 ,703.00 ,660.25 ,42.75 ,(0.05)
07/28/2023,704.25 ,714.75 ,720.25 ,689.00 ,31.25 ,(0.01)
07/27/2023,712.75 ,723.25 ,740.00 ,711.75 ,28.25 ,(0.01)
07/26/2023,720.00 ,757.00 ,757.50 ,709.00 ,48.50 ,(0.05)
07/25/2023,760.25 ,754.25 ,777.25 ,736.50 ,40.75 ,0.00 
07/24/2023,757.50 ,702.00 ,757.50 ,698.75 ,58.75 ,0.09 
07/21/2023,697.50 ,724.75 ,733.25 ,693.50 ,39.75 ,(0.04)
07/20/2023,727.00 ,725.00 ,750.75 ,711.25 ,39.50 ,(0.00)
07/19/2023,727.75 ,669.00 ,730.75 ,664.00 ,66.75 ,0.09 
07/18/2023,670.75 ,649.25 ,675.00 ,642.25 ,32.75 ,0.03 
07/17/2023,653.75 ,666.00 ,689.25 ,651.00 ,38.25 ,0.02 
07/14/2023,641.50 ,639.50 ,663.25 ,637.75 ,25.50 ,0.02 
07/13/2023,627.50 ,614.25 ,625.00 ,614.25 ,10.75 ,0.01 
07/12/2023,621.25 ,645.00 ,645.00 ,625.00 ,20.00 ,(0.04)
07/11/2023,649.50 ,645.00 ,650.00 ,642.75 ,7.25 ,0.02 
07/10/2023,636.25 ,641.75 ,645.75 ,637.50 ,8.25 ,(0.01)
07/07/2023,639.50 ,642.75 ,646.75 ,642.75 ,4.00 ,(0.01)
07/06/2023,647.00 ,654.50 ,654.75 ,640.75 ,14.00 ,(0.02)
07/05/2023,662.00 ,640.00 ,658.00 ,635.00 ,23.00 ,0.05 
07/03/2023,628.50 ,630.00 ,642.25 ,628.25 ,14.00 ,(0.01)
06/30/2023,636.25 ,654.00 ,663.75 ,634.25 ,29.50 ,(0.03)
06/29/2023,653.00 ,655.50 ,663.75 ,650.75 ,13.00 ,(0.00)
06/28/2023,655.75 ,684.75 ,692.50 ,653.25 ,39.25 ,(0.04)
06/27/2023,685.00 ,724.25 ,725.75 ,681.50 ,44.25 ,(0.05)
06/26/2023,724.25 ,734.25 ,756.75 ,719.00 ,37.75 ,(0.01)
06/23/2023,733.25 ,737.00 ,737.75 ,718.75 ,19.00 ,(0.01)
06/22/2023,739.00 ,730.25 ,747.00 ,725.50 ,21.50 ,0.01 
06/21/2023,734.50 ,700.50 ,735.50 ,699.25 ,36.25 ,0.06 
06/20/2023,695.75 ,687.00 ,700.00 ,676.25 ,23.75 ,0.01 
06/16/2023,688.00 ,659.75 ,697.00 ,656.00 ,41.00 ,0.04 
06/15/2023,661.50 ,629.00 ,665.25 ,628.25 ,37.00 ,0.05 
06/14/2023,630.25 ,638.00 ,639.00 ,625.00 ,14.00 ,(0.01)
06/13/2023,636.25 ,634.50 ,649.25 ,626.75 ,22.50 ,0.00 
06/12/2023,633.75 ,629.75 ,638.75 ,622.25 ,16.50 ,0.01 
06/09/2023,630.25 ,624.50 ,632.25 ,618.50 ,13.75 ,0.01 
06/08/2023,626.25 ,616.00 ,629.00 ,611.25 ,17.75 ,0.02 
06/07/2023,616.75 ,626.50 ,635.50 ,613.25 ,22.25 ,(0.02)
06/06/2023,627.75 ,624.25 ,648.00 ,621.25 ,26.75 ,0.01 
06/05/2023,624.00 ,621.50 ,631.50 ,615.50 ,16.00 ,0.01 
06/02/2023,619.00 ,610.25 ,622.50 ,602.25 ,20.25 ,0.01 
06/01/2023,610.75 ,594.25 ,617.50 ,593.00 ,24.50 ,0.03 
05/31/2023,594.25 ,591.50 ,595.00 ,573.25 ,21.75 ,0.01 
05/30/2023,591.00 ,616.75 ,616.75 ,588.75 ,28.00 ,(0.04)
05/28/2023,616.88 ,616.88 ,616.88 ,616.88 ,0.00 ,0.00 
05/26/2023,616.00 ,606.00 ,618.50 ,602.50 ,16.00 ,0.02 
05/25/2023,604.25 ,607.00 ,616.50 ,599.00 ,17.50 ,(0.00)
05/24/2023,606.25 ,621.00 ,624.50 ,602.25 ,22.25 ,(0.03)
05/23/2023,622.25 ,607.50 ,624.75 ,594.25 ,30.50 ,0.03 
05/22/2023,606.25 ,607.75 ,613.75 ,596.25 ,17.50 ,0.00 
05/19/2023,605.00 ,611.00 ,620.75 ,602.00 ,18.75 ,(0.01)
05/18/2023,611.75 ,626.25 ,626.50 ,605.50 ,21.00 ,(0.02)
05/17/2023,625.50 ,646.75 ,654.25 ,616.00 ,38.25 ,(0.03)
05/16/2023,647.50 ,661.75 ,664.25 ,640.00 ,24.25 ,(0.02)
05/15/2023,660.75 ,635.00 ,663.75 ,632.50 ,31.25 ,0.06 
05/12/2023,624.50 ,628.00 ,654.00 ,626.00 ,28.00 ,0.02 
05/11/2023,614.25 ,617.50 ,617.50 ,617.50 ,0.00 ,(0.02)
05/10/2023,628.25 ,643.75 ,647.75 ,629.75 ,18.00 ,(0.02)
05/09/2023,643.50 ,653.25 ,653.75 ,633.00 ,20.75 ,(0.02)
05/08/2023,654.00 ,662.00 ,669.00 ,652.25 ,16.75 ,(0.01)
05/05/2023,660.25 ,646.00 ,663.50 ,643.75 ,19.75 ,0.02 
05/04/2023,645.00 ,642.00 ,650.75 ,629.25 ,21.50 ,0.01 
05/03/2023,639.75 ,609.25 ,642.25 ,603.75 ,38.50 ,0.05 
05/02/2023,609.25 ,620.00 ,626.50 ,607.50 ,19.00 ,(0.01)
05/01/2023,618.25 ,633.50 ,635.25 ,613.75 ,21.50 ,(0.02)
04/28/2023,633.75 ,630.50 ,639.00 ,624.25 ,14.75 ,0.01 
04/27/2023,629.25 ,643.75 ,645.50 ,625.50 ,20.00 ,(0.02)
04/26/2023,642.00 ,653.75 ,657.75 ,641.00 ,16.75 ,(0.02)
04/25/2023,653.00 ,657.00 ,660.50 ,642.50 ,18.00 ,(0.01)
04/24/2023,657.00 ,679.00 ,682.00 ,656.75 ,25.25 ,(0.02)
04/21/2023,673.00 ,681.25 ,685.75 ,669.00 ,16.75 ,(0.01)
04/20/2023,680.00 ,695.00 ,696.00 ,678.25 ,17.75 ,(0.02)
04/19/2023,692.75 ,709.25 ,710.00 ,692.00 ,18.00 ,(0.02)
04/18/2023,709.50 ,704.25 ,717.25 ,700.50 ,16.75 ,0.02 
04/17/2023,696.50 ,686.25 ,697.00 ,674.50 ,22.50 ,0.02 
04/14/2023,682.50 ,668.75 ,685.25 ,661.25 ,24.00 ,0.02 
04/13/2023,667.00 ,680.75 ,680.75 ,664.50 ,16.25 ,(0.02)
04/12/2023,679.50 ,673.00 ,683.75 ,673.00 ,10.75 ,0.01 
04/11/2023,674.00 ,680.25 ,686.00 ,666.25 ,19.75 ,(0.01)
04/10/2023,678.50 ,684.50 ,687.50 ,668.25 ,19.25 ,0.00 
04/07/2023,675.50 ,675.50 ,675.50 ,675.50 ,0.00 ,0.00 
04/06/2023,675.50 ,682.25 ,685.00 ,671.25 ,13.75 ,(0.01)
04/05/2023,682.00 ,693.00 ,693.25 ,675.00 ,18.25 ,(0.01)
04/04/2023,691.50 ,697.00 ,701.50 ,688.00 ,13.50 ,(0.00)
04/03/2023,693.50 ,697.00 ,710.00 ,691.50 ,18.50 ,0.00 
03/31/2023,692.25 ,692.50 ,701.25 ,681.00 ,20.25 ,0.00 
03/30/2023,692.25 ,705.25 ,710.00 ,690.25 ,19.75 ,(0.02)
03/29/2023,704.75 ,698.25 ,724.00 ,696.50 ,27.50 ,0.01 
03/28/2023,699.75 ,698.50 ,704.75 ,691.50 ,13.25 ,0.00 
03/27/2023,698.00 ,691.00 ,706.50 ,680.25 ,26.25 ,0.01 
03/24/2023,688.50 ,660.25 ,700.50 ,656.25 ,44.25 ,0.04 
03/23/2023,662.00 ,663.00 ,675.50 ,657.25 ,18.25 ,(0.00)
03/22/2023,663.50 ,682.50 ,684.00 ,654.00 ,30.00 ,(0.03)
03/21/2023,683.25 ,700.00 ,705.50 ,680.25 ,25.25 ,(0.03)
03/20/2023,700.75 ,708.50 ,708.50 ,695.25 ,13.25 ,(0.01)
03/17/2023,710.50 ,697.25 ,712.50 ,697.25 ,15.25 ,0.02 
03/16/2023,699.00 ,704.00 ,704.00 ,691.50 ,12.50 ,(0.01)
03/15/2023,702.75 ,697.25 ,706.00 ,692.75 ,13.25 ,0.02 
03/14/2023,686.50 ,683.00 ,699.75 ,677.50 ,22.25 ,0.02 
03/13/2023,672.25 ,660.50 ,660.75 ,660.50 ,0.25 ,0.01 
03/10/2023,666.75 ,662.25 ,662.25 ,662.25 ,0.00 ,0.00 
03/09/2023,665.75 ,689.00 ,691.50 ,664.25 ,27.25 ,(0.03)
03/08/2023,687.50 ,698.00 ,699.50 ,684.25 ,15.25 ,(0.02)
03/07/2023,698.00 ,696.50 ,703.50 ,689.50 ,14.00 ,0.00 
03/06/2023,695.25 ,711.00 ,711.00 ,693.75 ,17.25 ,(0.02)
03/03/2023,708.75 ,714.75 ,715.50 ,706.25 ,9.25 ,(0.01)
03/02/2023,712.75 ,713.00 ,721.75 ,708.50 ,13.25 ,0.00 
03/01/2023,710.00 ,708.00 ,714.50 ,701.75 ,12.75 ,0.01 
02/28/2023,705.50 ,710.00 ,715.00 ,702.50 ,12.50 ,(0.01)
02/27/2023,710.00 ,721.75 ,724.00 ,705.75 ,18.25 ,(0.02)
02/24/2023,721.75 ,752.25 ,753.50 ,717.00 ,36.50 ,(0.04)
02/23/2023,750.50 ,748.50 ,758.75 ,747.25 ,11.50 ,0.00 
02/22/2023,750.00 ,763.50 ,766.75 ,746.75 ,20.00 ,(0.00)
02/21/2023,750.50 ,765.75 ,773.25 ,749.50 ,23.75 ,(0.02)
02/20/2023,764.75 ,764.75 ,764.75 ,764.75 ,0.00 ,0.00 
02/19/2023,764.75 ,764.75 ,764.75 ,764.75 ,0.00 ,(0.00)
02/17/2023,765.50 ,765.00 ,771.50 ,759.50 ,12.00 ,0.00 
02/16/2023,765.00 ,767.50 ,771.50 ,762.25 ,9.25 ,(0.01)
02/15/2023,769.25 ,786.00 ,787.25 ,766.75 ,20.50 ,(0.02)
02/14/2023,786.00 ,790.00 ,797.50 ,783.50 ,14.00 ,(0.01)
02/13/2023,792.00 ,789.00 ,796.00 ,776.00 ,20.00 ,0.01 
02/10/2023,786.00 ,755.00 ,790.00 ,755.00 ,35.00 ,0.04 
02/09/2023,757.25 ,764.75 ,770.50 ,754.75 ,15.75 ,(0.01)
02/08/2023,764.75 ,750.00 ,766.00 ,747.75 ,18.25 ,0.02 
02/07/2023,749.75 ,750.00 ,757.00 ,744.25 ,12.75 ,(0.00)
02/06/2023,750.25 ,758.00 ,766.50 ,745.50 ,21.00 ,(0.01)
02/03/2023,756.75 ,759.75 ,776.50 ,750.75 ,25.75 ,(0.01)
02/02/2023,761.00 ,757.50 ,770.75 ,750.50 ,20.25 ,0.00 
02/01/2023,759.75 ,760.75 ,762.50 ,744.50 ,18.00 ,(0.00)
01/31/2023,761.25 ,752.50 ,766.75 ,742.00 ,24.75 ,0.01 
01/30/2023,752.50 ,753.00 ,762.50 ,743.50 ,19.00 ,0.00 
01/27/2023,750.00 ,752.25 ,753.25 ,744.25 ,9.00 ,(0.00)
01/26/2023,752.50 ,741.00 ,758.00 ,738.00 ,20.00 ,0.02 
01/25/2023,741.25 ,735.00 ,746.50 ,734.75 ,11.75 ,0.01 
01/24/2023,734.50 ,720.50 ,739.00 ,719.75 ,19.25 ,0.02 
01/23/2023,720.00 ,738.00 ,740.50 ,712.50 ,28.00 ,(0.03)
01/20/2023,741.50 ,735.00 ,743.00 ,727.75 ,15.25 ,0.01 
01/19/2023,734.50 ,741.75 ,748.75 ,733.50 ,15.25 ,(0.01)
01/18/2023,742.50 ,749.00 ,760.25 ,740.25 ,20.00 ,(0.01)
01/17/2023,751.75 ,742.50 ,755.75 ,728.75 ,27.00 ,0.01 
01/13/2023,743.75 ,743.50 ,748.50 ,737.25 ,11.25 ,0.00 
01/12/2023,742.75 ,739.00 ,747.25 ,723.00 ,24.25 ,0.00 
01/11/2023,740.00 ,730.25 ,742.25 ,724.50 ,17.75 ,0.01 
01/10/2023,731.00 ,741.25 ,742.50 ,720.50 ,22.00 ,(0.01)
01/09/2023,741.50 ,748.00 ,758.00 ,740.25 ,17.75 ,(0.00)
01/06/2023,743.50 ,748.50 ,756.75 ,742.50 ,14.25 ,(0.00)
01/05/2023,746.75 ,746.00 ,752.00 ,736.00 ,16.00 ,0.00 
01/04/2023,745.50 ,780.50 ,780.50 ,744.25 ,36.25 ,(0.04)
01/03/2023,775.50 ,786.00 ,794.50 ,769.75 ,24.75 ,(0.02)
12/30/2022,792.00 ,775.50 ,799.00 ,771.50 ,27.50 ,0.02 
12/29/2022,774.00 ,785.00 ,786.50 ,765.50 ,21.00 ,(0.01)
12/28/2022,785.50 ,774.50 ,787.50 ,770.75 ,16.75 ,0.01 
12/27/2022,774.50 ,781.25 ,784.50 ,769.00 ,15.50 ,(0.00)
12/23/2022,776.00 ,762.00 ,778.00 ,758.00 ,20.00 ,0.02 
12/22/2022,762.25 ,766.75 ,777.00 ,758.00 ,19.00 ,(0.01)
12/21/2022,767.75 ,750.00 ,774.50 ,748.75 ,25.75 ,0.02 
12/20/2022,750.50 ,747.25 ,761.50 ,744.75 ,16.75 ,0.00 
12/19/2022,748.50 ,755.00 ,759.75 ,738.75 ,21.00 ,(0.01)
12/16/2022,753.50 ,758.25 ,764.25 ,750.75 ,13.50 ,(0.01)
12/15/2022,757.25 ,749.75 ,767.00 ,745.00 ,22.00 ,0.04 
12/14/2022,728.25 ,750.00 ,751.75 ,737.75 ,14.00 ,(0.00)
12/13/2022,728.75 ,741.00 ,742.50 ,741.00 ,1.50 ,(0.01)
12/12/2022,733.00 ,741.75 ,760.00 ,738.25 ,21.75 ,0.03 
12/09/2022,712.75 ,749.75 ,752.50 ,730.75 ,21.75 ,(0.02)
12/08/2022,724.25 ,721.00 ,726.75 ,721.00 ,5.75 ,(0.00)
12/07/2022,727.00 ,727.25 ,728.75 ,727.25 ,1.50 ,0.03 
12/06/2022,705.50 ,715.75 ,715.75 ,702.50 ,13.25 ,(0.01)
12/05/2022,715.50 ,730.50 ,730.50 ,722.25 ,8.25 ,(0.03)
12/02/2022,737.25 ,750.00 ,750.00 ,738.50 ,11.50 ,(0.06)
12/01/2022,783.00 ,795.25 ,797.25 ,780.50 ,16.75 ,(0.02)
11/30/2022,795.50 ,784.00 ,799.25 ,781.50 ,17.75 ,0.02 
11/29/2022,781.50 ,780.25 ,792.00 ,777.50 ,14.50 ,0.00 
11/28/2022,780.75 ,793.25 ,796.25 ,773.25 ,23.00 ,(0.02)
11/25/2022,797.00 ,809.75 ,820.25 ,792.50 ,27.75 ,0.01 
11/24/2022,792.38 ,793.25 ,793.25 ,791.62 ,1.63 ,(0.03)
11/23/2022,813.50 ,811.75 ,817.00 ,800.25 ,16.75 ,0.00 
11/22/2022,810.50 ,816.50 ,825.00 ,809.00 ,16.00 ,0.01 
11/21/2022,799.25 ,805.25 ,808.75 ,786.00 ,22.75 ,(0.01)
11/18/2022,803.25 ,806.75 ,816.50 ,800.25 ,16.25 ,(0.00)
11/17/2022,806.75 ,818.25 ,818.25 ,793.75 ,24.50 ,(0.01)
11/16/2022,817.50 ,829.50 ,829.75 ,801.50 ,28.25 ,(0.01)
11/15/2022,828.25 ,818.50 ,843.00 ,799.25 ,43.75 ,0.01 
11/14/2022,818.50 ,813.00 ,828.75 ,804.75 ,24.00 ,0.01 
11/11/2022,813.75 ,804.25 ,819.50 ,799.50 ,20.00 ,0.01 
11/10/2022,803.50 ,806.75 ,815.75 ,795.50 ,20.25 ,(0.00)
11/09/2022,806.50 ,829.25 ,834.00 ,805.25 ,28.75 ,(0.03)
11/08/2022,827.75 ,847.75 ,855.00 ,824.75 ,30.25 ,(0.02)
11/07/2022,845.75 ,851.00 ,863.75 ,834.00 ,29.75 ,(0.00)
11/04/2022,847.75 ,842.00 ,855.50 ,834.00 ,21.50 ,0.01 
11/03/2022,840.50 ,844.75 ,849.00 ,827.75 ,21.25 ,(0.01)
11/02/2022,846.00 ,898.50 ,902.00 ,837.75 ,64.25 ,(0.06)
11/01/2022,902.50 ,878.50 ,904.00 ,867.75 ,36.25 ,0.02 
10/31/2022,882.25 ,884.50 ,893.25 ,853.75 ,39.50 ,0.06 
10/28/2022,829.25 ,839.75 ,840.25 ,822.50 ,17.75 ,(0.01)
10/27/2022,838.50 ,843.50 ,858.00 ,833.50 ,24.50 ,(0.00)
10/26/2022,840.50 ,836.25 ,846.50 ,824.00 ,22.50 ,0.01 
10/25/2022,834.75 ,840.00 ,844.75 ,826.75 ,18.00 ,(0.00)
10/24/2022,838.75 ,853.75 ,856.50 ,833.50 ,23.00 ,(0.01)
10/21/2022,850.75 ,850.25 ,863.00 ,833.00 ,30.00 ,0.00 
10/20/2022,849.25 ,844.50 ,855.75 ,836.75 ,19.00 ,0.01 
10/19/2022,841.25 ,847.00 ,862.75 ,835.50 ,27.25 ,(0.01)
10/18/2022,849.50 ,862.00 ,866.00 ,832.75 ,33.25 ,(0.01)
10/17/2022,861.00 ,860.00 ,877.75 ,855.25 ,22.50 ,0.00 
10/14/2022,859.75 ,894.25 ,898.75 ,857.25 ,41.50 ,(0.04)
10/13/2022,892.25 ,883.75 ,906.25 ,863.00 ,43.25 ,0.01 
10/12/2022,882.25 ,902.00 ,903.75 ,876.25 ,27.50 ,(0.02)
10/11/2022,901.00 ,934.00 ,936.75 ,898.00 ,38.75 ,(0.04)
10/10/2022,938.00 ,895.25 ,949.75 ,891.50 ,58.25 ,0.07 
10/07/2022,880.25 ,883.25 ,896.75 ,872.50 ,24.25 ,0.00 
10/06/2022,879.00 ,905.75 ,907.75 ,873.25 ,34.50 ,(0.03)
10/05/2022,902.00 ,903.25 ,919.75 ,894.25 ,25.50 ,(0.00)
10/04/2022,903.00 ,916.25 ,927.00 ,897.50 ,29.50 ,(0.01)
10/03/2022,912.00 ,930.00 ,938.75 ,908.50 ,30.25 ,(0.01)
09/30/2022,921.50 ,899.75 ,945.75 ,892.75 ,53.00 ,0.03 
09/29/2022,896.25 ,902.50 ,914.50 ,887.75 ,26.75 ,(0.01)
09/28/2022,903.25 ,874.25 ,905.00 ,862.00 ,43.00 ,0.04 
09/27/2022,871.50 ,857.50 ,894.50 ,857.00 ,37.50 ,0.02 
09/26/2022,858.00 ,877.00 ,890.75 ,854.25 ,36.50 ,(0.03)
09/23/2022,880.50 ,908.75 ,913.00 ,876.00 ,37.00 ,(0.03)
09/22/2022,910.75 ,896.50 ,922.50 ,891.00 ,31.50 ,0.01 
09/21/2022,903.75 ,886.50 ,919.50 ,873.00 ,46.50 ,0.01 
09/20/2022,893.75 ,827.75 ,896.75 ,825.50 ,71.25 ,0.08 
09/19/2022,830.50 ,857.25 ,861.25 ,819.25 ,42.00 ,(0.03)
09/16/2022,859.75 ,846.75 ,866.50 ,830.75 ,35.75 ,0.02 
09/15/2022,845.00 ,874.00 ,884.75 ,843.25 ,41.50 ,(0.01)
09/14/2022,853.75 ,862.50 ,874.75 ,849.25 ,25.50 ,0.01 
09/13/2022,842.75 ,850.00 ,850.00 ,839.00 ,11.00 ,(0.02)
09/12/2022,858.75 ,864.75 ,878.00 ,848.50 ,29.50 ,(0.01)
09/09/2022,869.50 ,829.00 ,872.50 ,826.00 ,46.50 ,0.05 
09/08/2022,829.00 ,837.00 ,857.25 ,818.00 ,39.25 ,(0.02)
09/07/2022,844.25 ,816.75 ,873.50 ,809.25 ,64.25 ,0.03 
09/06/2022,817.00 ,814.75 ,825.00 ,801.25 ,23.75 ,0.01 
09/05/2022,812.25 ,812.25 ,812.25 ,812.25 ,0.00 ,0.01 
09/04/2022,808.00 ,808.00 ,808.00 ,808.00 ,0.00 ,(0.00)
09/02/2022,811.00 ,797.75 ,819.50 ,796.25 ,23.25 ,0.02 
09/01/2022,797.75 ,827.00 ,834.90 ,791.25 ,43.65 ,(0.04)
08/31/2022,831.50 ,820.00 ,839.25 ,806.25 ,33.00 ,0.01 
08/30/2022,820.25 ,840.25 ,846.25 ,816.50 ,29.75 ,(0.03)
08/29/2022,842.75 ,806.00 ,849.00 ,794.25 ,54.75 ,0.07 
08/26/2022,784.75 ,764.50 ,792.25 ,764.00 ,28.25 ,0.02 
08/25/2022,769.75 ,794.75 ,803.50 ,766.50 ,37.00 ,(0.03)
08/24/2022,795.00 ,782.25 ,799.75 ,775.00 ,24.75 ,0.02 
08/23/2022,782.75 ,770.00 ,802.50 ,767.25 ,35.25 ,0.02 
08/22/2022,770.50 ,754.00 ,774.00 ,744.50 ,29.50 ,0.02 
08/19/2022,753.25 ,733.00 ,756.75 ,727.25 ,29.50 ,0.03 
08/18/2022,731.50 ,764.75 ,766.50 ,725.75 ,40.75 ,(0.04)
08/17/2022,763.25 ,785.25 ,797.00 ,759.50 ,37.50 ,(0.03)
08/16/2022,786.00 ,799.00 ,810.50 ,782.50 ,28.00 ,(0.02)
08/15/2022,800.75 ,802.00 ,804.50 ,778.00 ,26.50 ,(0.01)
08/12/2022,806.00 ,811.25 ,811.25 ,782.25 ,29.00 ,(0.01)
08/11/2022,810.75 ,800.00 ,820.75 ,794.50 ,26.25 ,0.01 
08/10/2022,799.75 ,781.50 ,808.50 ,780.25 ,28.25 ,0.02 
08/09/2022,781.50 ,785.75 ,801.25 ,772.75 ,28.50 ,0.00 
08/08/2022,779.75 ,776.50 ,793.75 ,760.75 ,33.00 ,0.01 
08/05/2022,775.75 ,782.00 ,796.75 ,769.75 ,27.00 ,(0.01)
08/04/2022,782.50 ,768.00 ,789.50 ,758.25 ,31.25 ,0.02 
08/03/2022,763.75 ,774.00 ,790.25 ,752.00 ,38.25 ,(0.01)
08/02/2022,774.75 ,795.00 ,795.75 ,772.75 ,23.00 ,(0.03)
08/01/2022,800.25 ,812.75 ,820.25 ,781.25 ,39.00 ,(0.01)
07/29/2022,807.75 ,817.00 ,845.75 ,801.00 ,44.75 ,(0.01)
07/28/2022,817.00 ,786.25 ,824.25 ,786.25 ,38.00 ,0.03 
07/27/2022,790.25 ,802.50 ,818.75 ,782.00 ,36.75 ,(0.02)
07/26/2022,803.75 ,773.00 ,806.00 ,772.25 ,33.75 ,0.04 
07/25/2022,770.00 ,787.00 ,793.50 ,760.50 ,33.00 ,0.01 
07/22/2022,759.00 ,803.25 ,807.25 ,754.00 ,53.25 ,(0.06)
07/21/2022,806.25 ,819.50 ,834.00 ,795.50 ,38.50 ,(0.02)
07/20/2022,819.50 ,810.25 ,843.50 ,801.00 ,42.50 ,0.01 
07/19/2022,812.25 ,808.50 ,822.25 ,792.50 ,29.75 ,(0.00)
07/18/2022,812.75 ,787.25 ,825.00 ,778.50 ,46.50 ,0.05 
07/15/2022,776.75 ,798.00 ,804.75 ,765.75 ,39.00 ,(0.02)
07/14/2022,794.25 ,812.75 ,829.50 ,792.00 ,37.50 ,(0.01)
07/13/2022,798.25 ,810.00 ,819.25 ,810.00 ,9.25 ,(0.00)
07/12/2022,801.50 ,835.00 ,839.25 ,807.25 ,32.00 ,(0.05)
07/11/2022,843.75 ,888.00 ,888.00 ,849.25 ,38.75 ,(0.05)
07/08/2022,891.50 ,838.25 ,894.75 ,838.25 ,56.50 ,0.07 
07/07/2022,836.50 ,807.75 ,846.00 ,807.75 ,38.25 ,0.04 
07/06/2022,804.50 ,807.00 ,838.50 ,785.25 ,53.25 ,(0.00)
07/05/2022,807.00 ,842.25 ,842.50 ,804.50 ,38.00 ,(0.05)
07/01/2022,846.00 ,890.00 ,896.25 ,840.50 ,55.75 ,(0.04)
06/30/2022,884.00 ,930.00 ,939.50 ,881.00 ,58.50 ,(0.05)
06/29/2022,930.00 ,936.00 ,956.00 ,929.00 ,27.00 ,(0.01)
06/28/2022,936.00 ,923.50 ,949.75 ,921.00 ,28.75 ,0.02 
06/27/2022,917.50 ,933.25 ,952.25 ,913.50 ,38.75 ,(0.01)
06/24/2022,923.75 ,936.25 ,962.50 ,921.75 ,40.75 ,(0.01)
06/23/2022,937.25 ,973.25 ,974.50 ,934.50 ,40.00 ,(0.04)
06/22/2022,976.50 ,977.25 ,1007.25 ,960.00 ,47.25 ,0.00 
06/21/2022,975.25 ,1032.00 ,1033.25 ,973.50 ,59.75 ,(0.06)
06/17/2022,1034.25 ,1078.25 ,1083.75 ,1030.25 ,53.50 ,(0.04)
06/16/2022,1078.25 ,1050.25 ,1084.75 ,1047.00 ,37.75 ,0.03 
06/15/2022,1050.00 ,1055.00 ,1058.75 ,1036.50 ,22.25 ,(0.00)
06/14/2022,1050.25 ,1071.00 ,1072.75 ,1046.50 ,26.25 ,(0.02)
06/13/2022,1071.00 ,1073.00 ,1093.50 ,1053.50 ,40.00 ,0.00 
06/10/2022,1070.75 ,1074.50 ,1081.25 ,1053.00 ,28.25 ,(0.00)
06/09/2022,1071.25 ,1076.25 ,1082.00 ,1044.25 ,37.75 ,(0.00)
06/08/2022,1074.75 ,1073.00 ,1089.00 ,1061.75 ,27.25 ,0.00 
06/07/2022,1071.75 ,1093.00 ,1101.00 ,1058.50 ,42.50 ,(0.02)
06/06/2022,1093.00 ,1060.00 ,1108.75 ,1060.00 ,48.75 ,0.05 
06/03/2022,1040.00 ,1061.50 ,1069.25 ,1036.25 ,33.00 ,(0.02)
06/02/2022,1058.25 ,1043.25 ,1075.00 ,1037.25 ,37.75 ,0.02 
06/01/2022,1041.25 ,1091.00 ,1098.00 ,1027.25 ,70.75 ,(0.04)
05/31/2022,1087.50 ,1157.00 ,1157.25 ,1087.50 ,69.75 ,(0.06)
05/30/2022,1155.38 ,1157.50 ,1157.50 ,1155.38 ,2.12 ,(0.00)
05/27/2022,1157.50 ,1143.25 ,1170.25 ,1133.50 ,36.75 ,0.01 
05/26/2022,1143.25 ,1133.00 ,1160.25 ,1115.00 ,45.25 ,(0.00)
05/25/2022,1148.25 ,1154.50 ,1158.50 ,1114.50 ,44.00 ,(0.01)
05/24/2022,1154.75 ,1196.00 ,1208.75 ,1138.00 ,70.75 ,(0.03)
05/23/2022,1190.00 ,1181.75 ,1196.75 ,1174.75 ,22.00 ,0.02 
05/20/2022,1168.75 ,1208.00 ,1208.00 ,1168.00 ,40.00 ,(0.03)
05/19/2022,1200.50 ,1222.00 ,1247.75 ,1193.50 ,54.25 ,(0.02)
05/18/2022,1230.75 ,1278.50 ,1280.00 ,1211.50 ,68.50 ,(0.04)
05/17/2022,1277.50 ,1268.00 ,1284.00 ,1200.75 ,83.25 ,0.02 
05/16/2022,1247.50 ,1234.25 ,1247.50 ,1222.25 ,25.25 ,0.07 
05/13/2022,1167.25 ,1172.75 ,1198.50 ,1158.50 ,40.00 ,(0.01)
05/12/2022,1174.50 ,1107.75 ,1128.75 ,1103.25 ,25.50 ,0.06 
05/11/2022,1108.75 ,1109.25 ,1115.00 ,1100.00 ,15.00 ,0.02 
05/10/2022,1083.25 ,1096.75 ,1098.50 ,1092.00 ,6.50 ,(0.01)
05/09/2022,1092.75 ,1120.75 ,1135.00 ,1090.00 ,45.00 ,(0.01)
05/06/2022,1108.50 ,1102.00 ,1127.50 ,1087.75 ,39.75 ,0.00 
05/05/2022,1106.50 ,1079.00 ,1121.75 ,1077.25 ,44.50 ,0.03 
05/04/2022,1076.50 ,1047.00 ,1089.00 ,1042.25 ,46.75 ,0.03 
05/03/2022,1047.00 ,1053.62 ,1068.80 ,1044.25 ,24.55 ,(0.01)
05/02/2022,1054.38 ,1045.25 ,1071.38 ,1034.25 ,37.13 ,(0.00)
04/29/2022,1055.75 ,1085.00 ,1102.50 ,1054.25 ,48.25 ,(0.03)
04/28/2022,1085.75 ,1088.00 ,1106.50 ,1081.00 ,25.50 ,(0.01)
04/27/2022,1091.25 ,1092.50 ,1097.50 ,1078.25 ,19.25 ,(0.00)
04/26/2022,1095.00 ,1081.00 ,1107.00 ,1077.00 ,30.00 ,0.01 
04/25/2022,1082.12 ,1087.50 ,1089.30 ,1056.12 ,33.18 ,(0.00)
04/24/2022,1082.50 ,1073.25 ,1084.25 ,1073.25 ,11.00 ,0.02 
04/22/2022,1065.50 ,1070.00 ,1076.00 ,1052.50 ,23.50 ,(0.00)
04/21/2022,1068.00 ,1094.25 ,1094.25 ,1052.50 ,41.75 ,(0.02)
04/20/2022,1088.00 ,1094.75 ,1109.75 ,1066.75 ,43.00 ,(0.01)
04/19/2022,1099.00 ,1123.25 ,1135.00 ,1096.00 ,39.00 ,(0.02)
04/18/2022,1120.50 ,1099.25 ,1134.75 ,1098.25 ,36.50 ,0.02 
04/15/2022,1095.75 ,1095.75 ,1095.75 ,1095.75 ,0.00 ,(0.00)
04/14/2022,1096.50 ,1113.00 ,1127.50 ,1094.25 ,33.25 ,(0.02)
04/13/2022,1113.50 ,1102.50 ,1124.25 ,1078.00 ,46.25 ,0.01 
04/12/2022,1103.75 ,1077.75 ,1117.50 ,1075.00 ,42.50 ,0.02 
04/11/2022,1081.25 ,1056.00 ,1091.75 ,1055.00 ,36.75 ,0.03 
04/08/2022,1051.50 ,1020.00 ,1054.25 ,1017.00 ,37.25 ,0.03 
04/07/2022,1020.00 ,1040.25 ,1044.50 ,1017.75 ,26.75 ,(0.02)
04/06/2022,1041.12 ,1049.40 ,1056.40 ,1024.25 ,32.15 ,(0.00)
04/05/2022,1045.25 ,1020.50 ,1074.00 ,1020.00 ,54.00 ,0.03 
04/04/2022,1010.25 ,989.50 ,1014.50 ,984.75 ,29.75 ,0.03 
04/01/2022,984.50 ,1007.25 ,1032.75 ,982.50 ,50.25 ,(0.02)
03/31/2022,1006.00 ,1030.25 ,1075.00 ,1003.50 ,71.50 ,(0.02)
03/30/2022,1027.25 ,1015.00 ,1041.75 ,1002.25 ,39.50 ,0.01 
03/29/2022,1014.25 ,1047.00 ,1068.25 ,972.00 ,96.25 ,(0.04)
03/28/2022,1057.00 ,1092.75 ,1096.00 ,1047.00 ,49.00 ,(0.04)
03/25/2022,1102.25 ,1089.50 ,1109.00 ,1064.75 ,44.25 ,0.02 
03/24/2022,1085.75 ,1105.75 ,1115.00 ,1080.50 ,34.50 ,(0.02)
03/23/2022,1105.75 ,1119.25 ,1139.00 ,1101.00 ,38.00 ,(0.01)
03/22/2022,1118.25 ,1119.25 ,1169.25 ,1102.25 ,67.00 ,(0.00)
03/21/2022,1119.25 ,1075.00 ,1148.75 ,1061.75 ,87.00 ,0.05 
03/18/2022,1063.75 ,1095.00 ,1106.00 ,1055.75 ,50.25 ,(0.03)
03/17/2022,1098.00 ,1051.00 ,1108.25 ,1031.75 ,76.50 ,0.03 
03/16/2022,1069.25 ,1157.25 ,1159.50 ,1069.25 ,90.25 ,(0.07)
03/15/2022,1154.25 ,1106.00 ,1160.75 ,1088.25 ,72.50 ,0.05 
03/14/2022,1099.75 ,1123.50 ,1147.30 ,1064.25 ,83.05 ,(0.02)
03/13/2022,1126.62 ,1127.38 ,1127.38 ,1126.62 ,0.76 ,0.03 
03/11/2022,1090.00 ,1035.75 ,1044.75 ,1030.75 ,14.00 ,0.02 
03/10/2022,1073.75 ,1142.50 ,1220.62 ,1080.10 ,140.52 ,(0.10)
03/09/2022,1199.50 ,1284.38 ,1284.38 ,1200.75 ,83.63 ,(0.06)
03/08/2022,1273.00 ,1319.25 ,1319.25 ,1275.50 ,43.75 ,(0.11)
03/07/2022,1425.25 ,1311.25 ,1311.25 ,1311.25 ,0.00 ,0.06 
03/04/2022,1348.00 ,1340.00 ,1340.00 ,1201.50 ,138.50 ,0.05 
03/03/2022,1289.00 ,1124.25 ,1221.00 ,1119.00 ,102.00 ,0.22 
03/02/2022,1058.50 ,1009.25 ,1132.00 ,997.50 ,134.50 ,0.06 
03/01/2022,1001.75 ,951.00 ,1004.50 ,951.00 ,53.50 ,0.08 
02/28/2022,928.00 ,920.25 ,930.50 ,885.50 ,45.00 ,0.10 
02/25/2022,843.00 ,923.25 ,951.25 ,841.50 ,109.75 ,(0.09)
02/24/2022,926.00 ,882.75 ,926.00 ,877.25 ,48.75 ,0.06 
02/23/2022,876.00 ,841.00 ,880.00 ,834.00 ,46.00 ,0.04 
02/22/2022,844.25 ,815.00 ,846.25 ,803.00 ,43.25 ,0.06 
02/18/2022,797.00 ,797.50 ,812.25 ,790.00 ,22.25 ,(0.00)
02/17/2022,798.00 ,780.00 ,799.25 ,775.50 ,23.75 ,0.02 
02/16/2022,780.50 ,779.75 ,786.75 ,773.25 ,13.50 ,0.00 
02/15/2022,779.75 ,801.25 ,801.75 ,773.00 ,28.75 ,(0.02)
02/14/2022,799.25 ,801.50 ,813.50 ,780.75 ,32.75 ,0.00 
02/11/2022,797.75 ,770.25 ,806.25 ,764.75 ,41.50 ,0.03 
02/10/2022,771.50 ,785.50 ,801.75 ,765.75 ,36.00 ,(0.02)
02/09/2022,785.00 ,779.50 ,788.25 ,770.50 ,17.75 ,0.01 
02/08/2022,778.75 ,771.25 ,782.00 ,754.00 ,28.00 ,0.01 
02/07/2022,768.75 ,776.00 ,776.50 ,760.00 ,16.50 ,0.01 
02/04/2022,763.25 ,754.75 ,767.25 ,748.25 ,19.00 ,0.02 
02/03/2022,751.75 ,754.00 ,756.50 ,740.00 ,16.50 ,(0.00)
02/02/2022,755.00 ,770.00 ,778.50 ,749.25 ,29.25 ,(0.02)
02/01/2022,769.00 ,762.50 ,776.75 ,760.50 ,16.25 ,0.01 
01/31/2022,761.25 ,793.00 ,798.50 ,756.75 ,41.75 ,(0.03)
01/28/2022,786.25 ,777.25 ,793.50 ,774.75 ,18.75 ,0.01 
01/27/2022,777.00 ,794.25 ,795.50 ,774.00 ,21.50 ,(0.02)
01/26/2022,795.00 ,817.25 ,817.50 ,787.00 ,30.50 ,(0.03)
01/25/2022,818.00 ,801.00 ,831.50 ,800.50 ,31.00 ,0.02 
01/24/2022,800.50 ,794.00 ,802.50 ,775.75 ,26.75 ,0.03 
01/21/2022,780.00 ,788.00 ,791.00 ,778.00 ,13.00 ,(0.01)
01/20/2022,790.25 ,794.00 ,802.75 ,783.75 ,19.00 ,(0.01)
01/19/2022,796.50 ,772.00 ,797.25 ,769.50 ,27.75 ,0.04 
01/18/2022,769.00 ,742.25 ,771.50 ,741.25 ,30.25 ,0.04 
01/14/2022,741.50 ,746.00 ,747.25 ,737.00 ,10.25 ,(0.01)
01/13/2022,746.75 ,757.00 ,757.75 ,741.00 ,16.75 ,(0.01)
01/12/2022,757.75 ,768.00 ,770.00 ,753.50 ,16.50 ,(0.02)
01/11/2022,770.25 ,761.75 ,770.50 ,758.25 ,12.25 ,0.01 
01/10/2022,762.00 ,760.75 ,767.50 ,748.00 ,19.50 ,0.00 
01/07/2022,758.50 ,748.00 ,760.75 ,735.50 ,25.25 ,0.02 
01/06/2022,746.00 ,761.75 ,762.00 ,736.00 ,26.00 ,(0.02)
01/05/2022,760.75 ,771.00 ,771.50 ,756.00 ,15.50 ,(0.01)
01/04/2022,770.00 ,758.00 ,771.50 ,756.25 ,15.25 ,0.02 
01/03/2022,758.00 ,774.00 ,782.25 ,752.75 ,29.50 ,(0.02)
12/31/2021,770.75 ,782.50 ,787.75 ,769.50 ,18.25 ,(0.01)
12/30/2021,779.75 ,789.50 ,791.75 ,776.00 ,15.75 ,(0.01)
12/29/2021,787.75 ,785.25 ,793.00 ,774.00 ,19.00 ,0.01 
12/28/2021,783.50 ,805.75 ,808.00 ,781.75 ,26.25 ,(0.03)
12/27/2021,804.00 ,817.50 ,824.00 ,802.50 ,21.50 ,(0.01)
12/24/2021,815.80 ,815.25 ,815.80 ,815.25 ,0.55 ,0.00 
12/23/2021,814.75 ,812.50 ,820.50 ,808.25 ,12.25 ,0.00 
12/22/2021,814.00 ,796.75 ,817.00 ,792.00 ,25.00 ,0.02 
12/21/2021,799.00 ,778.50 ,799.75 ,772.50 ,27.25 ,0.03 
12/20/2021,777.75 ,777.50 ,778.75 ,757.75 ,21.00 ,0.00 
12/17/2021,775.00 ,770.00 ,780.25 ,765.25 ,15.00 ,0.01 
12/16/2021,770.50 ,757.50 ,773.00 ,751.25 ,21.75 ,0.02 
12/15/2021,756.00 ,787.00 ,787.00 ,751.00 ,36.00 ,(0.04)
12/14/2021,786.25 ,788.75 ,792.00 ,778.00 ,14.00 ,0.00 
12/13/2021,785.50 ,779.25 ,791.00 ,779.25 ,11.75 ,0.00 
12/10/2021,782.00 ,769.25 ,783.25 ,769.00 ,14.25 ,0.01 
12/09/2021,773.50 ,793.50 ,793.50 ,777.00 ,16.50 ,(0.02)
12/08/2021,791.25 ,799.25 ,800.00 ,787.75 ,12.25 ,(0.01)
12/07/2021,799.25 ,811.00 ,812.00 ,796.00 ,16.00 ,0.00 
12/06/2021,797.00 ,799.75 ,799.75 ,784.50 ,15.25 ,0.00 
12/03/2021,794.50 ,809.50 ,814.75 ,799.00 ,15.75 ,(0.01)
12/02/2021,806.50 ,779.50 ,809.25 ,779.50 ,29.75 ,0.04 
12/01/2021,778.50 ,784.00 ,785.50 ,774.75 ,10.75 ,0.01 
11/30/2021,773.75 ,808.25 ,808.25 ,770.50 ,37.75 ,(0.04)
11/29/2021,807.50 ,837.75 ,840.50 ,805.00 ,35.50 ,(0.02)
11/26/2021,825.50 ,821.25 ,830.50 ,810.00 ,20.50 ,(0.01)
11/24/2021,836.75 ,856.50 ,863.25 ,833.50 ,29.75 ,(0.02)
11/23/2021,856.00 ,846.50 ,856.50 ,838.25 ,18.25 ,0.01 
11/22/2021,845.75 ,827.50 ,848.50 ,826.00 ,22.50 ,0.03 
11/19/2021,823.00 ,821.00 ,830.75 ,813.50 ,17.25 ,0.00 
11/18/2021,823.00 ,823.50 ,843.12 ,819.10 ,24.02 ,0.00 
11/17/2021,822.25 ,812.00 ,835.00 ,810.50 ,24.50 ,0.01 
11/16/2021,810.25 ,827.50 ,827.50 ,810.00 ,17.50 ,(0.02)
11/15/2021,826.25 ,819.75 ,829.50 ,813.25 ,16.25 ,0.01 
11/12/2021,817.00 ,814.25 ,826.75 ,805.50 ,21.25 ,0.01 
11/11/2021,812.50 ,803.00 ,824.75 ,798.25 ,26.50 ,0.01 
11/10/2021,803.00 ,783.00 ,803.75 ,778.00 ,25.75 ,0.03 
11/09/2021,778.50 ,769.25 ,783.25 ,764.50 ,18.75 ,0.01 
11/08/2021,768.00 ,768.25 ,773.00 ,762.50 ,10.50 ,0.00 
11/05/2021,766.50 ,774.75 ,781.50 ,765.50 ,16.00 ,(0.01)
11/04/2021,773.75 ,782.00 ,794.25 ,772.25 ,22.00 ,(0.01)
11/03/2021,781.00 ,790.50 ,796.75 ,777.50 ,19.25 ,(0.01)
11/02/2021,791.50 ,798.50 ,807.00 ,789.75 ,17.25 ,(0.01)
11/01/2021,797.25 ,774.50 ,800.50 ,768.25 ,32.25 ,0.03 
10/29/2021,772.75 ,773.25 ,780.00 ,763.50 ,16.50 ,0.00 
10/28/2021,772.50 ,760.00 ,780.00 ,751.50 ,28.50 ,0.02 
10/27/2021,759.75 ,750.50 ,762.75 ,745.00 ,17.75 ,0.01 
10/26/2021,752.25 ,763.00 ,765.00 ,747.50 ,17.50 ,(0.01)
10/25/2021,759.50 ,759.75 ,767.00 ,753.25 ,13.75 ,0.00 
10/22/2021,756.00 ,743.75 ,759.50 ,743.50 ,16.00 ,0.02 
10/21/2021,741.25 ,749.75 ,752.50 ,738.25 ,14.25 ,(0.01)
10/20/2021,749.25 ,737.00 ,750.00 ,736.50 ,13.50 ,0.02 
10/19/2021,736.00 ,736.00 ,745.25 ,735.25 ,10.00 ,(0.00)
10/18/2021,736.25 ,734.00 ,738.75 ,728.50 ,10.25 ,0.00 
10/15/2021,734.00 ,725.00 ,740.50 ,722.25 ,18.25 ,0.01 
10/14/2021,724.75 ,718.75 ,729.50 ,718.50 ,11.00 ,0.01 
10/13/2021,718.75 ,736.00 ,737.75 ,712.75 ,25.00 ,(0.02)
10/12/2021,734.00 ,731.75 ,743.75 ,718.00 ,25.75 ,0.00 
10/11/2021,731.75 ,734.00 ,739.50 ,731.00 ,8.50 ,(0.00)
10/08/2021,734.00 ,739.25 ,746.50 ,731.75 ,14.75 ,(0.01)
10/07/2021,741.25 ,746.00 ,752.50 ,739.50 ,13.00 ,(0.01)
10/06/2021,746.00 ,744.75 ,756.75 ,742.25 ,14.50 ,0.00 
10/05/2021,744.75 ,756.25 ,757.00 ,743.75 ,13.25 ,(0.02)
10/04/2021,756.50 ,752.25 ,763.50 ,748.50 ,15.00 ,0.00 
10/01/2021,755.25 ,725.00 ,758.50 ,722.75 ,35.75 ,0.04 
09/30/2021,725.50 ,711.25 ,732.75 ,701.25 ,31.50 ,0.02 
09/29/2021,710.25 ,709.25 ,717.75 ,708.25 ,9.50 ,0.01 
09/28/2021,706.50 ,722.00 ,726.75 ,706.00 ,20.75 ,(0.02)
09/27/2021,722.25 ,723.50 ,728.50 ,720.25 ,8.25 ,(0.00)
09/24/2021,723.75 ,718.50 ,725.75 ,711.50 ,14.25 ,0.01 
09/23/2021,717.75 ,708.50 ,719.50 ,704.00 ,15.50 ,0.02 
09/22/2021,705.75 ,689.50 ,706.75 ,688.00 ,18.75 ,0.02 
09/21/2021,690.25 ,700.25 ,701.00 ,686.00 ,15.00 ,(0.02)
09/20/2021,700.75 ,708.00 ,710.75 ,695.75 ,15.00 ,(0.01)
09/17/2021,708.75 ,713.75 ,716.00 ,706.50 ,9.50 ,(0.01)
09/16/2021,713.00 ,711.25 ,716.75 ,705.00 ,11.75 ,0.00 
09/15/2021,712.25 ,700.00 ,714.75 ,695.25 ,19.50 ,0.04 
09/14/2021,685.00 ,677.25 ,677.25 ,677.25 ,0.00 ,0.02 
09/13/2021,674.50 ,671.50 ,671.50 ,671.50 ,0.00 ,(0.00)
09/10/2021,675.00 ,682.50 ,683.75 ,673.25 ,10.50 ,(0.01)
09/09/2021,681.50 ,700.00 ,700.00 ,683.50 ,16.50 ,(0.02)
09/08/2021,698.25 ,704.50 ,704.50 ,698.25 ,6.25 ,(0.01)
09/07/2021,708.75 ,718.50 ,718.50 ,704.25 ,14.25 ,(0.02)
09/06/2021,724.00 ,724.00 ,724.00 ,724.00 ,0.00 ,0.01 
09/03/2021,714.50 ,702.00 ,715.00 ,701.00 ,14.00 ,0.01 
09/02/2021,704.00 ,694.00 ,708.00 ,694.00 ,14.00 ,0.00 
09/01/2021,701.00 ,708.25 ,710.25 ,699.25 ,11.00 ,(0.01)
08/31/2021,706.75 ,706.50 ,707.50 ,690.25 ,17.25 ,(0.00)
08/30/2021,708.75 ,720.50 ,728.50 ,707.50 ,21.00 ,(0.01)
08/27/2021,718.50 ,725.75 ,731.25 ,717.75 ,13.50 ,(0.01)
08/26/2021,725.25 ,712.50 ,727.00 ,709.25 ,17.75 ,0.02 
08/25/2021,711.25 ,718.00 ,719.75 ,704.25 ,15.50 ,(0.01)
08/24/2021,718.00 ,722.75 ,723.25 ,710.75 ,12.50 ,(0.00)
08/23/2021,719.75 ,712.75 ,730.75 ,710.25 ,20.50 ,0.01 
08/20/2021,714.25 ,727.50 ,732.75 ,709.25 ,23.50 ,(0.02)
08/19/2021,727.50 ,737.00 ,737.00 ,716.00 ,21.00 ,(0.01)
08/18/2021,737.25 ,734.25 ,740.50 ,721.75 ,18.75 ,0.00 
08/17/2021,734.50 ,762.50 ,763.75 ,732.25 ,31.50 ,(0.03)
08/16/2021,760.50 ,762.50 ,770.25 ,757.75 ,12.50 ,(0.00)
08/13/2021,762.25 ,753.00 ,774.75 ,747.50 ,27.25 ,0.01 
08/12/2021,753.50 ,724.00 ,762.00 ,723.00 ,39.00 ,0.04 
08/11/2021,727.00 ,726.75 ,732.25 ,718.75 ,13.50 ,0.00 
08/10/2021,727.00 ,711.00 ,730.00 ,708.50 ,21.50 ,0.02 
08/09/2021,711.25 ,719.00 ,723.75 ,708.25 ,15.50 ,(0.01)
08/06/2021,719.00 ,712.75 ,724.75 ,709.25 ,15.50 ,0.01 
08/05/2021,712.75 ,714.75 ,725.50 ,709.75 ,15.75 ,(0.01)
08/04/2021,717.25 ,724.25 ,738.75 ,714.50 ,24.25 ,(0.01)
08/03/2021,724.50 ,727.50 ,734.75 ,717.75 ,17.00 ,(0.01)
08/02/2021,729.50 ,704.00 ,731.75 ,704.00 ,27.75 ,0.04 
07/30/2021,703.75 ,705.00 ,711.50 ,695.00 ,16.50 ,(0.00)
07/29/2021,705.25 ,689.75 ,706.75 ,689.00 ,17.75 ,0.02 
07/28/2021,688.75 ,675.00 ,696.25 ,673.75 ,22.50 ,0.02 
07/27/2021,674.50 ,680.25 ,690.00 ,671.75 ,18.25 ,(0.00)
07/26/2021,677.00 ,684.00 ,684.00 ,665.50 ,18.50 ,(0.01)
07/23/2021,684.00 ,688.00 ,696.75 ,677.50 ,19.25 ,(0.01)
07/22/2021,692.25 ,708.25 ,709.00 ,681.75 ,27.25 ,(0.03)
07/21/2021,710.75 ,701.00 ,712.00 ,700.00 ,12.00 ,0.01 
07/20/2021,700.50 ,698.75 ,718.00 ,698.25 ,19.75 ,0.00 
07/19/2021,697.75 ,702.75 ,709.50 ,694.25 ,15.25 ,0.01 
07/16/2021,692.50 ,671.75 ,696.25 ,670.75 ,25.50 ,0.03 
07/15/2021,672.00 ,653.75 ,673.50 ,651.25 ,22.25 ,0.04 
07/14/2021,645.00 ,635.88 ,657.50 ,632.50 ,25.00 ,0.03 
07/13/2021,628.75 ,636.50 ,639.50 ,626.00 ,13.50 ,(0.01)
07/12/2021,635.00 ,610.75 ,634.75 ,604.50 ,30.25 ,0.04 
07/09/2021,608.50 ,608.00 ,612.25 ,606.50 ,5.75 ,(0.01)
07/08/2021,612.25 ,615.00 ,618.00 ,611.75 ,6.25 ,(0.00)
07/07/2021,614.75 ,626.00 ,626.00 ,613.75 ,12.25 ,(0.01)
07/06/2021,620.00 ,634.75 ,634.75 ,611.00 ,23.75 ,(0.04)
07/02/2021,645.75 ,661.00 ,662.00 ,643.75 ,18.25 ,(0.02)
07/01/2021,658.50 ,667.75 ,683.00 ,663.00 ,20.00 ,(0.02)
06/30/2021,671.50 ,640.50 ,673.00 ,627.50 ,45.50 ,0.05 
06/29/2021,639.75 ,651.00 ,657.75 ,638.25 ,19.50 ,(0.01)
06/28/2021,646.00 ,638.00 ,655.00 ,637.00 ,18.00 ,0.01 
06/25/2021,637.00 ,650.50 ,656.75 ,634.50 ,22.25 ,(0.02)
06/24/2021,651.25 ,660.25 ,660.75 ,642.00 ,18.75 ,(0.02)
06/23/2021,661.25 ,653.25 ,668.25 ,653.25 ,15.00 ,0.02 
06/22/2021,651.00 ,666.25 ,672.75 ,650.75 ,22.00 ,(0.02)
06/21/2021,661.50 ,657.00 ,673.50 ,646.50 ,27.00 ,(0.00)
06/18/2021,662.75 ,639.00 ,668.50 ,639.00 ,29.50 ,0.04 
06/17/2021,639.00 ,663.75 ,667.00 ,637.25 ,29.75 ,(0.04)
06/16/2021,662.75 ,662.00 ,672.75 ,658.75 ,14.00 ,0.00 
06/15/2021,661.50 ,674.50 ,676.25 ,649.00 ,27.25 ,(0.02)
06/14/2021,674.50 ,680.50 ,680.75 ,657.00 ,23.75 ,(0.01)
06/11/2021,680.75 ,682.25 ,688.00 ,669.50 ,18.50 ,(0.00)
06/10/2021,683.75 ,684.00 ,689.25 ,672.75 ,16.50 ,0.00 
06/09/2021,682.25 ,685.00 ,686.00 ,673.50 ,12.50 ,(0.00)
06/08/2021,685.00 ,682.50 ,699.25 ,680.25 ,19.00 ,0.01 
06/07/2021,680.00 ,694.25 ,704.00 ,678.50 ,25.50 ,(0.01)
06/04/2021,687.75 ,678.50 ,690.25 ,676.25 ,14.00 ,0.02 
06/03/2021,676.25 ,689.50 ,699.25 ,669.25 ,30.00 ,(0.02)
06/02/2021,687.50 ,692.00 ,701.50 ,681.50 ,20.00 ,(0.01)
06/01/2021,693.50 ,673.25 ,702.00 ,672.00 ,30.00 ,0.03 
05/31/2021,673.62 ,673.62 ,673.62 ,673.62 ,0.00 ,0.01 
05/30/2021,664.12 ,664.12 ,664.12 ,664.12 ,0.00 ,0.00 
05/28/2021,663.50 ,676.00 ,679.75 ,661.25 ,18.50 ,(0.02)
05/27/2021,676.25 ,648.25 ,679.50 ,648.00 ,31.50 ,0.04 
05/26/2021,648.50 ,657.00 ,657.75 ,639.50 ,18.25 ,(0.01)
05/25/2021,656.50 ,663.25 ,667.50 ,646.75 ,20.75 ,(0.01)
05/24/2021,662.25 ,667.00 ,668.75 ,653.25 ,15.50 ,(0.02)
05/21/2021,674.25 ,675.50 ,677.50 ,665.75 ,11.75 ,(0.00)
05/20/2021,675.25 ,682.25 ,688.00 ,672.25 ,15.75 ,(0.01)
05/19/2021,679.25 ,698.00 ,699.00 ,671.50 ,27.50 ,(0.03)
05/18/2021,698.00 ,702.50 ,718.50 ,692.50 ,26.00 ,(0.00)
05/17/2021,699.75 ,704.00 ,707.50 ,692.00 ,15.50 ,(0.04)
05/14/2021,727.25 ,730.25 ,730.25 ,727.25 ,3.00 ,0.00 
05/13/2021,726.50 ,750.00 ,756.50 ,737.00 ,19.50 ,(0.04)
05/12/2021,754.75 ,763.00 ,763.00 ,746.50 ,16.50 ,(0.01)
05/11/2021,759.75 ,742.75 ,765.00 ,742.75 ,22.25 ,0.02 
05/10/2021,742.50 ,768.50 ,769.00 ,746.00 ,23.00 ,(0.04)
05/07/2021,773.50 ,771.00 ,771.00 ,760.50 ,10.50 ,0.01 
05/06/2021,764.25 ,761.00 ,763.50 ,745.00 ,18.50 ,0.01 
05/05/2021,755.75 ,737.75 ,754.50 ,737.50 ,17.00 ,0.03 
05/04/2021,737.00 ,731.25 ,737.50 ,730.00 ,7.50 ,0.02 
05/03/2021,725.50 ,753.25 ,753.25 ,726.75 ,26.50 ,(0.02)
04/30/2021,742.50 ,741.00 ,745.50 ,728.50 ,17.00 ,0.01 
04/29/2021,737.50 ,722.25 ,738.75 ,712.75 ,26.00 ,0.02 
04/28/2021,725.25 ,734.25 ,743.75 ,713.50 ,30.25 ,(0.01)
04/27/2021,733.75 ,737.00 ,773.00 ,726.75 ,46.25 ,(0.01)
04/26/2021,739.50 ,712.75 ,745.25 ,712.75 ,32.50 ,0.04 
04/23/2021,710.25 ,709.75 ,714.75 ,701.00 ,13.75 ,0.00 
04/22/2021,710.25 ,673.75 ,713.25 ,672.00 ,41.25 ,0.06 
04/21/2021,673.25 ,662.75 ,678.75 ,658.75 ,20.00 ,0.02 
04/20/2021,659.75 ,651.50 ,679.00 ,650.25 ,28.75 ,0.01 
04/19/2021,652.25 ,653.00 ,660.75 ,651.00 ,9.75 ,(0.00)
04/16/2021,652.50 ,652.50 ,659.75 ,648.25 ,11.50 ,(0.00)
04/15/2021,653.75 ,647.25 ,657.75 ,639.00 ,18.75 ,0.01 
04/14/2021,648.00 ,630.75 ,655.75 ,630.75 ,25.00 ,0.03 
04/13/2021,629.75 ,630.25 ,637.25 ,628.25 ,9.00 ,0.00 
04/12/2021,628.00 ,638.00 ,639.00 ,623.00 ,16.00 ,(0.02)
04/09/2021,638.75 ,628.75 ,646.50 ,627.25 ,19.25 ,0.02 
04/08/2021,628.75 ,618.00 ,631.50 ,616.00 ,15.50 ,0.02 
04/07/2021,616.25 ,615.00 ,619.75 ,609.75 ,10.00 ,0.00 
04/06/2021,615.50 ,622.00 ,627.50 ,613.75 ,13.75 ,(0.00)
04/05/2021,618.00 ,607.00 ,625.00 ,607.00 ,18.00 ,0.01 
04/01/2021,611.00 ,623.00 ,625.75 ,601.25 ,24.50 ,(0.01)
03/31/2021,618.00 ,603.25 ,631.75 ,593.25 ,38.50 ,0.03 
03/30/2021,601.75 ,616.25 ,616.75 ,600.50 ,16.25 ,(0.02)
03/29/2021,616.75 ,615.75 ,617.75 ,607.25 ,10.50 ,0.01 
03/26/2021,613.25 ,611.00 ,619.00 ,608.25 ,10.75 ,0.00 
03/25/2021,612.50 ,624.75 ,625.50 ,609.00 ,16.50 ,(0.02)
03/24/2021,624.75 ,635.00 ,638.75 ,624.00 ,14.75 ,(0.02)
03/23/2021,634.75 ,628.00 ,644.50 ,621.00 ,23.50 ,0.01 
03/22/2021,627.25 ,627.50 ,630.75 ,621.25 ,9.50 ,0.00 
03/19/2021,627.00 ,629.00 ,635.50 ,621.75 ,13.75 ,(0.01)
03/18/2021,630.50 ,640.00 ,641.00 ,629.00 ,12.00 ,(0.01)
03/17/2021,640.00 ,646.25 ,649.50 ,639.25 ,10.25 ,(0.01)
03/16/2021,647.00 ,645.50 ,648.00 ,631.75 ,16.25 ,0.00 
03/15/2021,645.00 ,637.75 ,647.75 ,636.00 ,11.75 ,0.02 
03/12/2021,631.75 ,642.88 ,645.60 ,637.60 ,8.00 ,(0.01)
03/11/2021,636.25 ,650.00 ,650.00 ,636.75 ,13.25 ,(0.02)
03/10/2021,650.75 ,653.25 ,653.75 ,643.50 ,10.25 ,(0.01)
03/09/2021,656.50 ,654.75 ,655.00 ,650.75 ,4.25 ,0.02 
03/08/2021,646.50 ,659.50 ,659.50 ,642.50 ,17.00 ,(0.01)
03/05/2021,654.00 ,649.50 ,657.50 ,647.00 ,10.50 ,0.01 
03/04/2021,649.75 ,653.00 ,658.00 ,648.75 ,9.25 ,(0.00)
03/03/2021,652.00 ,658.25 ,658.25 ,645.75 ,12.50 ,(0.02)
03/02/2021,663.25 ,645.50 ,663.25 ,640.00 ,23.25 ,0.03 
03/01/2021,643.75 ,661.00 ,661.00 ,643.00 ,18.00 ,(0.02)
02/26/2021,655.00 ,665.00 ,665.75 ,653.00 ,12.75 ,(0.02)
02/25/2021,671.75 ,677.25 ,680.50 ,658.75 ,21.75 ,(0.01)
02/24/2021,680.25 ,665.50 ,683.50 ,665.00 ,18.50 ,0.02 
02/23/2021,665.75 ,666.50 ,667.75 ,656.50 ,11.25 ,0.00 
02/22/2021,664.00 ,653.75 ,665.25 ,651.00 ,14.25 ,0.02 
02/19/2021,650.75 ,665.00 ,669.00 ,649.00 ,20.00 ,(0.02)
02/18/2021,662.50 ,644.00 ,665.75 ,641.50 ,24.25 ,0.03 
02/17/2021,644.00 ,660.00 ,661.25 ,638.50 ,22.75 ,(0.02)
02/16/2021,657.50 ,648.00 ,660.25 ,640.50 ,19.75 ,0.03 
02/15/2021,637.75 ,637.50 ,637.75 ,637.50 ,0.25 ,0.00 
02/14/2021,637.25 ,637.50 ,637.50 ,637.25 ,0.25 ,0.00 
02/12/2021,636.75 ,632.50 ,643.00 ,632.00 ,11.00 ,0.01 
02/11/2021,633.50 ,636.50 ,644.75 ,632.00 ,12.75 ,(0.00)
02/10/2021,635.50 ,649.50 ,650.50 ,626.75 ,23.75 ,(0.02)
02/09/2021,649.50 ,657.75 ,660.50 ,639.75 ,20.75 ,(0.01)
02/08/2021,655.75 ,643.00 ,657.50 ,642.50 ,15.00 ,0.02 
02/05/2021,641.25 ,634.75 ,647.50 ,632.25 ,15.25 ,0.01 
02/04/2021,637.50 ,647.25 ,650.50 ,633.00 ,17.50 ,(0.02)
02/03/2021,648.25 ,646.25 ,649.75 ,625.75 ,24.00 ,0.01 
02/02/2021,644.75 ,655.00 ,656.75 ,640.50 ,16.25 ,(0.01)
02/01/2021,651.00 ,663.50 ,671.00 ,646.00 ,25.00 ,(0.02)
01/29/2021,663.00 ,646.25 ,664.75 ,643.00 ,21.75 ,0.02 
01/28/2021,647.00 ,655.00 ,664.50 ,643.50 ,21.00 ,(0.02)
01/27/2021,658.25 ,663.25 ,672.75 ,652.50 ,20.25 ,(0.01)
01/26/2021,665.25 ,646.75 ,667.75 ,641.25 ,26.50 ,0.03 
01/25/2021,648.50 ,633.00 ,651.50 ,624.25 ,27.25 ,0.02 
01/22/2021,634.50 ,658.50 ,659.00 ,633.00 ,26.00 ,(0.04)
01/21/2021,660.75 ,666.50 ,674.75 ,657.75 ,17.00 ,(0.01)
01/20/2021,667.75 ,675.25 ,676.00 ,656.50 ,19.50 ,(0.01)
01/19/2021,672.25 ,683.75 ,691.25 ,668.75 ,22.50 ,(0.00)
01/15/2021,675.50 ,671.00 ,693.00 ,664.50 ,28.50 ,0.01 
01/14/2021,670.00 ,660.00 ,673.25 ,653.00 ,20.25 ,0.01 
01/13/2021,660.50 ,665.00 ,680.75 ,656.25 ,24.50 ,(0.01)
01/12/2021,665.00 ,636.25 ,670.00 ,634.00 ,36.00 ,0.05 
01/11/2021,634.75 ,639.00 ,651.50 ,628.75 ,22.75 ,(0.01)
01/08/2021,638.75 ,644.75 ,649.50 ,634.00 ,15.50 ,(0.01)
01/07/2021,642.25 ,646.75 ,648.25 ,638.00 ,10.25 ,(0.01)
01/06/2021,647.50 ,654.00 ,660.25 ,646.00 ,14.25 ,(0.01)
01/05/2021,654.00 ,641.50 ,664.50 ,639.50 ,25.00 ,0.02 
01/04/2021,642.00 ,643.00 ,650.25 ,634.00 ,16.25 ,0.00 
01/01/2021,641.75 ,641.75 ,641.75 ,641.75 ,0.00 ,0.00 
12/31/2020,640.50 ,640.00 ,644.50 ,632.50 ,12.00 ,(0.00)
12/30/2020,640.75 ,620.00 ,643.50 ,614.00 ,29.50 ,0.04 
12/29/2020,618.50 ,614.25 ,623.25 ,611.50 ,11.75 ,0.01 
12/28/2020,614.25 ,627.00 ,631.50 ,607.00 ,24.50 ,(0.02)
12/25/2020,627.10 ,627.10 ,627.10 ,627.10 ,0.00 ,0.00 
12/24/2020,627.00 ,631.00 ,633.75 ,623.50 ,10.25 ,(0.00)
12/23/2020,629.75 ,615.25 ,633.75 ,610.50 ,23.25 ,0.02 
12/22/2020,617.00 ,615.50 ,619.75 ,603.00 ,16.75 ,0.01 
12/21/2020,611.25 ,610.25 ,615.25 ,596.50 ,18.75 ,0.00 
12/18/2020,608.25 ,611.50 ,614.75 ,604.50 ,10.25 ,(0.00)
12/17/2020,608.75 ,599.75 ,610.00 ,598.50 ,11.50 ,0.02 
12/16/2020,598.50 ,602.25 ,607.75 ,589.75 ,18.00 ,(0.00)
12/15/2020,599.75 ,597.25 ,605.75 ,594.25 ,11.50 ,0.01 
12/14/2020,593.50 ,615.50 ,615.50 ,615.50 ,0.00 ,(0.02)
12/11/2020,608.25 ,598.12 ,619.12 ,590.25 ,28.87 ,0.03 
12/10/2020,590.25 ,590.00 ,592.50 ,587.00 ,5.50 ,0.02 
12/09/2020,577.00 ,568.50 ,581.00 ,568.50 ,12.50 ,0.02 
12/08/2020,563.75 ,566.75 ,574.00 ,566.75 ,7.25 ,(0.01)
12/07/2020,571.25 ,560.00 ,575.75 ,560.00 ,15.75 ,0.01 
12/04/2020,566.50 ,563.75 ,564.75 ,563.75 ,1.00 ,(0.01)
12/03/2020,571.75 ,573.50 ,576.00 ,568.00 ,8.00 ,(0.01)
12/02/2020,578.00 ,565.50 ,578.75 ,565.50 ,13.25 ,0.02 
12/01/2020,565.50 ,580.75 ,580.75 ,563.50 ,17.25 ,(0.03)
11/30/2020,580.25 ,599.50 ,600.00 ,579.50 ,20.50 ,(0.03)
11/27/2020,596.50 ,592.25 ,600.25 ,589.25 ,11.00 ,0.01 
11/26/2020,587.88 ,587.75 ,587.88 ,587.62 ,0.26 ,(0.00)
11/25/2020,588.25 ,612.75 ,616.50 ,587.00 ,29.50 ,(0.04)
11/24/2020,611.25 ,599.50 ,612.25 ,594.00 ,18.25 ,0.02 
11/23/2020,598.75 ,596.00 ,604.75 ,595.75 ,9.00 ,0.01 
11/20/2020,593.25 ,590.00 ,598.25 ,590.00 ,8.25 ,0.00 
11/19/2020,591.75 ,598.75 ,600.25 ,589.75 ,10.50 ,(0.01)
11/18/2020,597.75 ,595.75 ,604.25 ,592.50 ,11.75 ,0.00 
11/17/2020,595.25 ,598.00 ,603.25 ,592.50 ,10.75 ,(0.00)
11/16/2020,598.00 ,593.75 ,601.00 ,586.00 ,15.00 ,0.01 
11/13/2020,593.50 ,586.25 ,596.25 ,580.25 ,16.00 ,0.01 
11/12/2020,588.25 ,596.25 ,598.75 ,587.00 ,11.75 ,(0.02)
11/11/2020,598.00 ,607.00 ,613.50 ,595.50 ,18.00 ,(0.02)
11/10/2020,608.50 ,597.25 ,613.00 ,594.00 ,19.00 ,0.02 
11/09/2020,597.50 ,602.25 ,607.00 ,595.00 ,12.00 ,(0.01)
11/06/2020,602.00 ,607.75 ,615.75 ,601.75 ,14.00 ,(0.01)
11/05/2020,609.25 ,606.50 ,626.25 ,606.00 ,20.25 ,0.01 
11/04/2020,606.00 ,607.75 ,610.50 ,597.75 ,12.75 ,(0.00)
11/03/2020,608.00 ,607.00 ,616.50 ,604.00 ,12.50 ,0.00 
11/02/2020,607.50 ,593.25 ,609.50 ,591.00 ,18.50 ,0.02 
10/30/2020,598.50 ,602.00 ,607.25 ,595.25 ,12.00 ,(0.01)
10/29/2020,603.75 ,609.75 ,611.25 ,598.50 ,12.75 ,(0.01)
10/28/2020,608.75 ,614.50 ,614.50 ,600.75 ,13.75 ,(0.01)
10/27/2020,615.75 ,618.75 ,627.00 ,614.75 ,12.25 ,(0.01)
10/26/2020,620.00 ,632.75 ,633.00 ,616.00 ,17.00 ,(0.02)
10/23/2020,632.75 ,623.00 ,635.50 ,619.50 ,16.00 ,0.02 
10/22/2020,622.75 ,628.50 ,632.25 ,621.25 ,11.00 ,(0.01)
10/21/2020,629.75 ,634.50 ,637.50 ,628.75 ,8.75 ,(0.00)
10/20/2020,632.00 ,628.50 ,638.25 ,623.50 ,14.75 ,0.01 
10/19/2020,627.00 ,631.00 ,636.75 ,620.25 ,16.50 ,0.00 
10/16/2020,625.25 ,618.50 ,630.75 ,615.50 ,15.25 ,0.01 
10/15/2020,618.25 ,596.75 ,619.50 ,596.50 ,23.00 ,0.04 
10/14/2020,596.75 ,594.75 ,600.25 ,587.25 ,13.00 ,0.00 
10/13/2020,594.00 ,596.25 ,604.25 ,590.75 ,13.50 ,(0.00)
10/12/2020,594.25 ,592.50 ,599.00 ,587.00 ,12.00 ,0.00 
10/09/2020,593.75 ,594.00 ,606.75 ,588.75 ,18.00 ,(0.00)
10/08/2020,595.25 ,608.75 ,616.75 ,593.25 ,23.50 ,(0.02)
10/07/2020,607.50 ,591.25 ,611.50 ,588.50 ,23.00 ,0.02 
10/06/2020,592.75 ,585.00 ,601.75 ,579.75 ,22.00 ,0.01 
10/05/2020,584.25 ,574.50 ,587.75 ,573.00 ,14.75 ,0.02 
10/02/2020,573.25 ,569.25 ,576.50 ,561.25 ,15.25 ,0.01 
10/01/2020,570.25 ,574.00 ,584.00 ,568.50 ,15.50 ,(0.01)
09/30/2020,578.00 ,548.75 ,587.00 ,547.00 ,40.00 ,0.05 
09/29/2020,549.50 ,551.00 ,553.25 ,546.00 ,7.25 ,(0.00)
09/28/2020,550.25 ,545.25 ,551.75 ,537.75 ,14.00 ,0.01 
09/25/2020,544.25 ,552.25 ,552.50 ,543.75 ,8.75 ,(0.01)
09/24/2020,549.75 ,548.00 ,554.25 ,541.00 ,13.25 ,0.00 
09/23/2020,549.00 ,558.50 ,560.25 ,547.25 ,13.00 ,(0.02)
09/22/2020,558.00 ,553.50 ,567.00 ,550.25 ,16.75 ,0.01 
09/21/2020,554.75 ,576.50 ,578.25 ,550.50 ,27.75 ,(0.04)
09/18/2020,575.00 ,555.75 ,578.00 ,555.50 ,22.50 ,0.03 
09/17/2020,556.25 ,542.00 ,557.25 ,537.25 ,20.00 ,0.03 
09/16/2020,542.00 ,535.50 ,543.00 ,533.25 ,9.75 ,0.01 
09/15/2020,538.25 ,546.00 ,547.00 ,533.75 ,13.25 ,(0.02)
09/14/2020,548.50 ,525.00 ,549.25 ,525.00 ,24.25 ,0.03 
09/11/2020,533.75 ,543.00 ,543.00 ,535.50 ,7.50 ,(0.01)
09/10/2020,540.00 ,544.75 ,548.50 ,539.50 ,9.00 ,0.01 
09/09/2020,534.00 ,533.50 ,536.50 ,533.25 ,3.25 ,0.00 
09/08/2020,533.25 ,536.25 ,539.50 ,533.50 ,6.00 ,(0.01)
09/04/2020,539.75 ,542.00 ,544.00 ,539.00 ,5.00 ,(0.01)
09/03/2020,543.25 ,550.25 ,550.25 ,542.50 ,7.75 ,(0.01)
09/02/2020,547.75 ,554.50 ,554.50 ,545.00 ,9.50 ,(0.01)
09/01/2020,555.75 ,542.50 ,559.25 ,539.25 ,20.00 ,0.02 
08/31/2020,544.25 ,539.25 ,551.75 ,538.00 ,13.75 ,0.01 
08/28/2020,539.25 ,543.00 ,547.25 ,536.75 ,10.50 ,(0.01)
08/27/2020,542.50 ,531.75 ,543.75 ,531.00 ,12.75 ,0.02 
08/26/2020,532.00 ,527.00 ,532.75 ,523.25 ,9.50 ,0.01 
08/25/2020,527.25 ,521.25 ,533.75 ,520.75 ,13.00 ,0.01 
08/24/2020,520.75 ,527.75 ,533.25 ,516.50 ,16.75 ,(0.01)
08/21/2020,527.25 ,520.00 ,527.75 ,515.00 ,12.75 ,0.01 
08/20/2020,519.50 ,511.75 ,520.25 ,506.50 ,13.75 ,0.01 
08/19/2020,512.00 ,507.25 ,514.25 ,506.25 ,8.00 ,0.01 
08/18/2020,507.50 ,516.25 ,517.50 ,503.00 ,14.50 ,(0.02)
08/17/2020,516.50 ,500.50 ,517.50 ,500.00 ,17.50 ,0.03 
08/14/2020,500.00 ,495.50 ,507.75 ,493.50 ,14.25 ,0.01 
08/13/2020,496.75 ,490.00 ,500.75 ,489.00 ,11.75 ,0.01 
08/12/2020,491.25 ,495.75 ,498.00 ,488.00 ,10.00 ,(0.01)
08/11/2020,495.00 ,491.00 ,498.75 ,490.50 ,8.25 ,0.01 
08/10/2020,491.00 ,495.25 ,497.25 ,490.00 ,7.25 ,(0.01)
08/07/2020,495.50 ,501.25 ,503.75 ,490.50 ,13.25 ,(0.01)
08/06/2020,501.25 ,510.75 ,515.00 ,500.75 ,14.25 ,(0.02)
08/05/2020,510.75 ,508.25 ,512.75 ,506.00 ,6.75 ,0.00 
08/04/2020,508.25 ,521.00 ,521.25 ,507.75 ,13.50 ,(0.02)
08/03/2020,521.00 ,527.00 ,528.25 ,517.00 ,11.25 ,(0.02)
07/31/2020,531.25 ,528.50 ,535.25 ,528.50 ,6.75 ,0.00 
07/30/2020,529.50 ,531.75 ,534.50 ,525.00 ,9.50 ,(0.01)
07/29/2020,532.75 ,523.50 ,533.25 ,523.50 ,9.75 ,0.02 
07/28/2020,523.50 ,526.50 ,529.75 ,519.25 ,10.50 ,(0.01)
07/27/2020,527.75 ,538.75 ,539.00 ,526.25 ,12.75 ,(0.02)
07/24/2020,539.50 ,530.75 ,544.00 ,530.00 ,14.00 ,0.02 
07/23/2020,529.50 ,534.75 ,536.00 ,527.00 ,9.00 ,(0.01)
07/22/2020,534.50 ,525.75 ,540.25 ,523.75 ,16.50 ,0.01 
07/21/2020,527.75 ,520.50 ,531.50 ,518.50 ,13.00 ,0.01 
07/20/2020,522.00 ,535.00 ,535.25 ,517.00 ,18.25 ,(0.02)
07/17/2020,534.75 ,535.75 ,540.00 ,530.75 ,9.25 ,(0.00)
07/16/2020,535.25 ,550.00 ,551.50 ,534.00 ,17.50 ,(0.03)
07/15/2020,550.75 ,527.00 ,551.75 ,526.75 ,25.00 ,0.05 
07/14/2020,524.75 ,524.00 ,533.38 ,522.88 ,10.50 ,0.00 
07/13/2020,524.75 ,536.00 ,536.00 ,528.00 ,8.00 ,(0.02)
07/10/2020,535.75 ,536.75 ,543.00 ,536.75 ,6.25 ,0.02 
07/09/2020,526.25 ,530.00 ,537.75 ,520.75 ,17.00 ,0.02 
07/08/2020,517.50 ,495.25 ,517.38 ,494.75 ,22.63 ,0.05 
07/07/2020,492.25 ,492.75 ,495.00 ,491.50 ,3.50 ,0.01 
07/06/2020,489.50 ,489.00 ,489.25 ,485.75 ,3.50 ,(0.00)
07/02/2020,490.00 ,498.25 ,499.00 ,486.50 ,12.50 ,(0.02)
07/01/2020,498.75 ,489.75 ,498.75 ,489.75 ,9.00 ,0.02 
06/30/2020,490.00 ,483.75 ,495.50 ,478.50 ,17.00 ,0.01 
06/29/2020,485.50 ,473.50 ,488.75 ,473.00 ,15.75 ,0.02 
06/26/2020,474.00 ,486.50 ,487.00 ,468.25 ,18.75 ,(0.03)
06/25/2020,486.75 ,480.00 ,489.25 ,478.75 ,10.50 ,0.01 
06/24/2020,481.25 ,486.75 ,488.00 ,480.00 ,8.00 ,(0.01)
06/23/2020,486.00 ,485.25 ,488.75 ,479.25 ,9.50 ,0.00 
06/22/2020,485.00 ,480.50 ,486.00 ,477.75 ,8.25 ,0.01 
06/19/2020,481.25 ,482.75 ,485.50 ,476.00 ,9.50 ,(0.00)
06/18/2020,483.50 ,488.50 ,492.00 ,480.50 ,11.50 ,(0.01)
06/17/2020,488.75 ,494.50 ,495.75 ,487.25 ,8.50 ,(0.01)
06/16/2020,496.00 ,506.50 ,507.25 ,491.00 ,16.25 ,(0.02)
06/15/2020,504.75 ,499.75 ,505.50 ,497.50 ,8.00 ,0.01 
06/12/2020,502.00 ,499.00 ,504.75 ,495.25 ,9.50 ,0.01 
06/11/2020,499.25 ,508.75 ,509.00 ,498.50 ,10.50 ,(0.01)
06/10/2020,506.25 ,505.00 ,509.25 ,502.50 ,6.75 ,0.00 
06/09/2020,504.50 ,512.00 ,514.00 ,500.75 ,13.25 ,(0.01)
06/08/2020,511.50 ,517.00 ,517.75 ,508.50 ,9.25 ,(0.01)
06/05/2020,515.25 ,526.75 ,527.75 ,513.25 ,14.50 ,(0.02)
06/04/2020,523.75 ,512.25 ,529.00 ,512.00 ,17.00 ,0.02 
06/03/2020,512.00 ,509.75 ,515.50 ,506.50 ,9.00 ,0.01 
06/02/2020,508.00 ,517.00 ,517.25 ,506.75 ,10.50 ,(0.01)
06/01/2020,515.25 ,520.00 ,520.75 ,511.50 ,9.25 ,(0.01)
05/29/2020,520.75 ,513.50 ,522.25 ,511.75 ,10.50 ,0.01 
05/28/2020,514.50 ,505.25 ,518.75 ,503.75 ,15.00 ,0.02 
05/27/2020,504.50 ,507.75 ,511.75 ,501.25 ,10.50 ,(0.00)
05/26/2020,506.75 ,504.25 ,512.25 ,504.25 ,8.00 ,0.00 
05/25/2020,504.88 ,504.88 ,504.88 ,504.88 ,0.00 ,(0.01)
05/24/2020,508.12 ,508.25 ,508.25 ,508.12 ,0.13 ,(0.00)
05/22/2020,508.75 ,515.00 ,516.25 ,503.25 ,13.00 ,(0.01)
05/21/2020,516.00 ,515.00 ,524.00 ,512.00 ,12.00 ,0.00 
05/20/2020,513.75 ,499.50 ,517.75 ,496.00 ,21.75 ,0.03 
05/19/2020,498.75 ,496.75 ,501.50 ,496.25 ,5.25 ,0.00 
05/18/2020,497.00 ,501.50 ,502.75 ,493.75 ,9.00 ,(0.01)
05/15/2020,500.25 ,502.50 ,508.00 ,497.50 ,10.50 ,(0.02)
05/14/2020,510.50 ,500.12 ,506.00 ,496.88 ,9.12 ,0.00 
05/13/2020,510.50 ,513.38 ,513.50 ,500.38 ,13.12 ,(0.02)
05/12/2020,521.75 ,517.62 ,518.12 ,507.88 ,10.24 ,(0.01)
05/11/2020,524.75 ,537.75 ,537.75 ,529.00 ,8.75 ,(0.01)
05/08/2020,529.50 ,533.00 ,533.00 ,533.00 ,0.00 ,0.00 
05/07/2020,529.00 ,531.00 ,531.00 ,531.00 ,0.00 ,0.01 
05/06/2020,524.75 ,521.25 ,524.00 ,521.25 ,2.75 ,(0.00)
05/05/2020,525.50 ,519.00 ,527.00 ,519.00 ,8.00 ,0.00 
05/04/2020,524.25 ,516.00 ,526.75 ,516.00 ,10.75 ,0.01 
05/01/2020,521.50 ,528.75 ,528.75 ,520.50 ,8.25 ,(0.02)
04/30/2020,529.75 ,517.00 ,527.50 ,511.00 ,16.50 ,0.02 
04/29/2020,519.50 ,525.00 ,525.00 ,512.75 ,12.25 ,(0.01)
04/28/2020,526.75 ,523.00 ,528.00 ,517.25 ,10.75 ,0.01 
04/27/2020,521.00 ,529.50 ,530.00 ,518.25 ,11.75 ,(0.01)
04/24/2020,526.75 ,549.25 ,550.75 ,526.00 ,24.75 ,(0.04)
04/23/2020,547.00 ,542.00 ,551.50 ,538.50 ,13.00 ,0.01 
04/22/2020,543.00 ,547.75 ,549.75 ,538.00 ,11.75 ,(0.01)
04/21/2020,546.75 ,551.50 ,557.00 ,541.75 ,15.25 ,(0.00)
04/20/2020,548.75 ,536.00 ,562.00 ,535.25 ,26.75 ,0.03 
04/17/2020,533.50 ,528.50 ,536.00 ,524.50 ,11.50 ,0.01 
04/16/2020,529.75 ,538.75 ,545.25 ,528.00 ,17.25 ,(0.02)
04/15/2020,540.25 ,546.50 ,548.75 ,529.75 ,19.00 ,(0.02)
04/14/2020,548.75 ,555.75 ,556.75 ,546.00 ,10.75 ,(0.01)
04/13/2020,555.00 ,560.75 ,564.50 ,552.50 ,12.00 ,(0.01)
04/10/2020,558.25 ,558.25 ,558.25 ,558.25 ,0.00 ,0.00 
04/09/2020,556.50 ,549.25 ,558.75 ,546.75 ,12.00 ,0.02 
04/08/2020,548.25 ,551.00 ,554.50 ,545.00 ,9.50 ,(0.00)
04/07/2020,549.25 ,555.25 ,555.75 ,545.25 ,10.50 ,(0.01)
04/06/2020,555.75 ,550.00 ,561.75 ,549.75 ,12.00 ,0.01 
04/03/2020,549.25 ,541.75 ,556.50 ,541.50 ,15.00 ,0.01 
04/02/2020,541.75 ,550.25 ,553.25 ,538.25 ,15.00 ,(0.02)
04/01/2020,550.25 ,567.25 ,571.75 ,546.50 ,25.25 ,(0.03)
03/31/2020,568.75 ,569.75 ,575.25 ,564.25 ,11.00 ,(0.00)
03/30/2020,569.50 ,572.25 ,580.75 ,562.75 ,18.00 ,(0.00)
03/27/2020,571.25 ,569.50 ,587.00 ,563.50 ,23.50 ,0.00 
03/26/2020,569.00 ,579.50 ,583.00 ,564.50 ,18.50 ,(0.02)
03/25/2020,580.00 ,560.00 ,583.25 ,556.75 ,26.50 ,0.03 
03/24/2020,561.50 ,560.50 ,562.50 ,549.75 ,12.75 ,(0.00)
03/23/2020,562.50 ,539.50 ,563.25 ,537.25 ,26.00 ,0.04 
03/20/2020,539.25 ,534.50 ,547.00 ,533.00 ,14.00 ,0.01 
03/19/2020,535.00 ,508.50 ,540.50 ,508.50 ,32.00 ,0.05 
03/18/2020,508.25 ,500.75 ,512.00 ,494.50 ,17.50 ,0.02 
03/17/2020,499.25 ,496.25 ,506.50 ,494.50 ,12.00 ,0.00 
03/16/2020,498.00 ,503.00 ,507.25 ,491.75 ,15.50 ,(0.03)
03/13/2020,514.75 ,509.75 ,509.75 ,506.50 ,3.25 ,0.01 
03/12/2020,508.25 ,506.75 ,508.75 ,506.75 ,2.00 ,(0.02)
03/11/2020,517.25 ,527.25 ,527.50 ,521.00 ,6.50 ,(0.02)
03/10/2020,526.75 ,524.25 ,524.25 ,519.25 ,5.00 ,0.01 
03/09/2020,522.25 ,516.00 ,524.00 ,513.50 ,10.50 ,0.00 
03/06/2020,521.25 ,520.00 ,522.75 ,516.25 ,6.50 ,(0.01)
03/05/2020,524.25 ,521.25 ,528.50 ,518.50 ,10.00 ,0.01 
03/04/2020,521.50 ,528.00 ,528.00 ,521.25 ,6.75 ,(0.01)
03/03/2020,528.75 ,523.00 ,534.50 ,523.00 ,11.50 ,0.00 
03/02/2020,526.25 ,523.50 ,526.25 ,521.50 ,4.75 ,(0.01)
02/28/2020,529.00 ,531.00 ,531.25 ,515.50 ,15.75 ,(0.00)
02/27/2020,529.25 ,538.75 ,539.25 ,528.25 ,11.00 ,(0.02)
02/26/2020,540.25 ,539.25 ,542.75 ,534.75 ,8.00 ,0.00 
02/25/2020,539.00 ,539.00 ,541.25 ,530.75 ,10.50 ,0.01 
02/24/2020,536.25 ,550.25 ,550.50 ,534.00 ,16.50 ,(0.03)
02/21/2020,551.00 ,559.75 ,569.00 ,550.50 ,18.50 ,(0.02)
02/20/2020,560.00 ,565.25 ,567.50 ,558.25 ,9.25 ,(0.01)
02/19/2020,565.25 ,563.00 ,565.75 ,553.00 ,12.75 ,(0.00)
02/18/2020,566.75 ,549.25 ,570.75 ,548.00 ,22.75 ,0.04 
02/16/2020,545.38 ,544.38 ,545.38 ,543.88 ,1.50 ,0.00 
02/14/2020,542.75 ,544.75 ,549.50 ,542.00 ,7.50 ,(0.00)
02/13/2020,544.25 ,548.50 ,550.50 ,540.75 ,9.75 ,(0.01)
02/12/2020,547.50 ,541.00 ,549.00 ,538.25 ,10.75 ,0.01 
02/11/2020,542.00 ,551.50 ,551.75 ,539.00 ,12.75 ,(0.02)
02/10/2020,552.00 ,558.75 ,560.75 ,551.00 ,9.75 ,(0.01)
02/07/2020,558.75 ,557.00 ,563.00 ,553.25 ,9.75 ,0.00 
02/06/2020,556.25 ,563.75 ,565.50 ,555.75 ,9.75 ,(0.01)
02/05/2020,562.00 ,559.25 ,563.75 ,555.50 ,8.25 ,0.01 
02/04/2020,557.25 ,554.25 ,564.25 ,553.50 ,10.75 ,0.00 
02/03/2020,555.50 ,551.25 ,558.00 ,546.50 ,11.50 ,0.00 
01/31/2020,553.75 ,562.50 ,566.00 ,552.75 ,13.25 ,(0.01)
01/30/2020,560.50 ,562.50 ,562.50 ,550.75 ,11.75 ,(0.00)
01/29/2020,562.25 ,571.00 ,573.25 ,561.00 ,12.25 ,(0.01)
01/28/2020,569.75 ,573.00 ,576.50 ,565.50 ,11.00 ,(0.00)
01/27/2020,572.25 ,567.75 ,573.25 ,559.50 ,13.75 ,(0.00)
01/24/2020,573.50 ,581.75 ,581.75 ,569.50 ,12.25 ,(0.01)
01/23/2020,580.50 ,577.75 ,583.00 ,575.25 ,7.75 ,0.00 
01/22/2020,577.75 ,581.50 ,592.50 ,574.50 ,18.00 ,(0.01)
01/21/2020,581.50 ,572.50 ,582.75 ,566.75 ,16.00 ,0.02 
01/20/2020,569.75 ,569.50 ,569.75 ,569.50 ,0.25 ,(0.00)
01/19/2020,570.75 ,571.12 ,571.12 ,570.75 ,0.37 ,0.00 
01/17/2020,570.50 ,565.50 ,572.50 ,564.25 ,8.25 ,0.01 
01/16/2020,565.25 ,573.50 ,573.50 ,560.00 ,13.50 ,(0.01)
01/15/2020,573.25 ,569.00 ,578.75 ,568.25 ,10.50 ,0.01 
01/14/2020,568.50 ,562.25 ,573.00 ,559.25 ,13.75 ,0.01 
01/13/2020,562.25 ,565.25 ,565.75 ,558.50 ,7.25 ,(0.00)
01/10/2020,564.50 ,562.75 ,568.50 ,555.75 ,12.75 ,0.00 
01/09/2020,562.25 ,553.75 ,564.00 ,552.75 ,11.25 ,0.02 
01/08/2020,552.75 ,549.50 ,555.75 ,545.25 ,10.50 ,0.00 
01/07/2020,550.25 ,549.50 ,551.00 ,545.50 ,5.50 ,0.00 
01/06/2020,550.00 ,552.50 ,555.25 ,546.75 ,8.50 ,(0.01)
01/03/2020,554.50 ,560.75 ,562.00 ,551.75 ,10.25 ,(0.01)
01/02/2020,560.25 ,559.50 ,567.50 ,558.25 ,9.25 ,0.00 
01/01/2020,559.50 ,559.50 ,559.50 ,559.50 ,0.00 ,0.00 
12/31/2019,558.75 ,555.00 ,559.75 ,553.00 ,6.75 ,0.00 
12/30/2019,556.00 ,560.00 ,564.50 ,551.50 ,13.00 ,(0.00)
12/27/2019,556.25 ,549.75 ,561.00 ,549.25 ,11.75 ,0.01 
12/26/2019,549.00 ,540.75 ,552.00 ,540.25 ,11.75 ,0.01 
12/25/2019,541.00 ,541.00 ,541.00 ,541.00 ,0.00 ,0.00 
12/24/2019,541.00 ,539.50 ,545.00 ,538.50 ,6.50 ,0.00 
12/23/2019,539.50 ,543.00 ,547.00 ,538.75 ,8.25 ,(0.01)
12/20/2019,542.25 ,545.25 ,549.00 ,538.75 ,10.25 ,(0.01)
12/19/2019,545.25 ,547.50 ,553.50 ,544.00 ,9.50 ,(0.01)
12/18/2019,548.25 ,553.25 ,555.00 ,545.25 ,9.75 ,(0.01)
12/17/2019,556.25 ,553.25 ,557.25 ,545.00 ,12.25 ,0.01 
12/16/2019,549.75 ,534.75 ,556.75 ,534.75 ,22.00 ,0.02 
12/13/2019,539.25 ,533.38 ,536.38 ,525.62 ,10.76 ,0.00 
12/12/2019,539.25 ,529.75 ,544.00 ,528.75 ,15.25 ,0.02 
12/11/2019,530.75 ,534.50 ,534.50 ,528.00 ,6.50 ,(0.01)
12/10/2019,534.75 ,532.25 ,537.50 ,529.75 ,7.75 ,0.01 
12/09/2019,532.00 ,532.50 ,533.25 ,531.00 ,2.25 ,(0.00)
12/06/2019,532.50 ,532.75 ,532.75 ,529.00 ,3.75 ,0.00 
12/05/2019,532.00 ,535.25 ,537.50 ,531.75 ,5.75 ,(0.01)
12/04/2019,535.00 ,531.00 ,535.50 ,529.50 ,6.00 ,0.01 
12/03/2019,530.50 ,545.75 ,548.00 ,532.00 ,16.00 ,(0.02)
12/02/2019,543.25 ,549.50 ,549.75 ,542.75 ,7.00 ,(0.01)
11/29/2019,547.50 ,532.50 ,550.50 ,532.50 ,18.00 ,0.04 
11/28/2019,526.12 ,526.25 ,526.25 ,526.12 ,0.13 ,(0.00)
11/27/2019,528.50 ,530.00 ,533.00 ,525.75 ,7.25 ,(0.00)
11/26/2019,530.25 ,530.75 ,531.75 ,525.50 ,6.25 ,(0.00)
11/25/2019,531.00 ,515.00 ,532.50 ,515.00 ,17.50 ,0.03 
11/22/2019,515.25 ,509.25 ,518.50 ,508.25 ,10.25 ,0.01 
11/21/2019,509.00 ,515.00 ,519.50 ,508.25 ,11.25 ,(0.01)
11/20/2019,515.50 ,512.00 ,515.75 ,508.00 ,7.75 ,0.01 
11/19/2019,512.00 ,506.25 ,515.25 ,506.00 ,9.25 ,0.01 
11/18/2019,507.25 ,503.25 ,510.75 ,498.50 ,12.25 ,0.01 
11/15/2019,502.75 ,507.75 ,508.50 ,501.50 ,7.00 ,(0.01)
11/14/2019,507.75 ,508.75 ,512.00 ,505.50 ,6.50 ,(0.00)
11/13/2019,509.00 ,516.50 ,516.75 ,506.50 ,10.25 ,(0.02)
11/12/2019,517.00 ,506.25 ,517.25 ,505.25 ,12.00 ,0.02 
11/11/2019,505.75 ,508.00 ,510.50 ,503.75 ,6.75 ,(0.01)
11/08/2019,510.25 ,512.50 ,517.75 ,505.50 ,12.25 ,(0.00)
11/07/2019,512.50 ,517.50 ,519.75 ,511.00 ,8.75 ,(0.01)
11/06/2019,516.75 ,515.50 ,521.75 ,513.50 ,8.25 ,0.00 
11/05/2019,515.25 ,511.00 ,516.00 ,509.00 ,7.00 ,0.01 
11/04/2019,509.75 ,514.25 ,515.25 ,508.00 ,7.25 ,(0.01)
11/01/2019,516.00 ,508.75 ,516.50 ,506.75 ,9.75 ,0.01 
10/31/2019,508.75 ,510.00 ,512.25 ,501.00 ,11.25 ,(0.00)
10/30/2019,509.25 ,511.25 ,514.00 ,507.00 ,7.00 ,(0.00)
10/29/2019,511.50 ,513.00 ,516.00 ,508.25 ,7.75 ,(0.00)
10/28/2019,511.75 ,518.00 ,518.50 ,510.00 ,8.50 ,(0.01)
10/25/2019,517.75 ,517.25 ,522.00 ,514.50 ,7.50 ,0.00 
10/24/2019,516.00 ,522.50 ,523.75 ,515.50 ,8.25 ,(0.01)
10/23/2019,520.75 ,518.00 ,523.75 ,515.75 ,8.00 ,0.01 
10/22/2019,518.00 ,523.00 ,532.25 ,517.25 ,15.00 ,(0.01)
10/21/2019,523.50 ,532.00 ,535.00 ,522.75 ,12.25 ,(0.02)
10/18/2019,532.25 ,526.00 ,532.75 ,521.00 ,11.75 ,0.01 
10/17/2019,525.50 ,514.25 ,527.00 ,512.75 ,14.25 ,0.02 
10/16/2019,513.25 ,505.75 ,514.25 ,504.50 ,9.75 ,0.01 
10/15/2019,507.00 ,510.00 ,511.25 ,504.25 ,7.00 ,(0.01)
10/14/2019,511.00 ,513.00 ,515.00 ,506.75 ,8.25 ,0.01 
10/11/2019,508.00 ,491.75 ,512.75 ,491.25 ,21.50 ,0.03 
10/10/2019,493.00 ,499.50 ,504.25 ,487.50 ,16.75 ,(0.01)
10/09/2019,500.25 ,500.50 ,504.50 ,497.25 ,7.25 ,0.00 
10/08/2019,500.25 ,489.75 ,502.25 ,486.75 ,15.50 ,0.02 
10/07/2019,489.25 ,492.00 ,494.50 ,488.50 ,6.00 ,(0.00)
10/04/2019,490.50 ,489.25 ,492.25 ,486.50 ,5.75 ,0.00 
10/03/2019,488.75 ,488.00 ,493.00 ,485.75 ,7.25 ,(0.00)
10/02/2019,489.00 ,496.50 ,499.00 ,485.25 ,13.75 ,(0.02)
10/01/2019,498.75 ,496.50 ,499.25 ,489.75 ,9.50 ,0.01 
09/30/2019,495.75 ,488.00 ,501.00 ,483.25 ,17.75 ,0.02 
09/27/2019,487.25 ,486.00 ,490.50 ,482.50 ,8.00 ,0.01 
09/26/2019,484.25 ,477.00 ,486.75 ,476.75 ,10.00 ,0.01 
09/25/2019,477.25 ,481.00 ,482.25 ,476.25 ,6.00 ,(0.01)
09/24/2019,481.75 ,481.75 ,484.25 ,477.50 ,6.75 ,(0.00)
09/23/2019,483.00 ,485.00 ,487.50 ,481.25 ,6.25 ,(0.00)
09/20/2019,484.25 ,486.50 ,491.25 ,483.50 ,7.75 ,(0.01)
09/19/2019,488.00 ,489.25 ,492.00 ,484.50 ,7.50 ,(0.00)
09/18/2019,489.50 ,484.25 ,492.50 ,481.75 ,10.75 ,0.01 
09/17/2019,484.25 ,487.75 ,487.75 ,480.75 ,7.00 ,(0.01)
09/16/2019,488.75 ,488.00 ,490.00 ,482.25 ,7.75 ,0.01 
09/13/2019,485.75 ,485.38 ,490.88 ,480.62 ,10.26 ,0.00 
09/12/2019,485.75 ,484.25 ,489.00 ,482.00 ,7.00 ,0.02 
09/11/2019,477.50 ,489.00 ,489.00 ,479.25 ,9.75 ,(0.01)
09/10/2019,484.50 ,476.75 ,485.50 ,468.00 ,17.50 ,0.02 
09/09/2019,474.50 ,458.50 ,475.00 ,458.50 ,16.50 ,0.03 
09/06/2019,460.25 ,458.50 ,461.00 ,458.50 ,2.50 ,(0.01)
09/05/2019,464.00 ,462.25 ,465.75 ,462.00 ,3.75 ,0.02 
09/04/2019,456.25 ,450.50 ,459.00 ,448.50 ,10.50 ,0.02 
09/03/2019,447.25 ,451.50 ,451.50 ,443.50 ,8.00 ,(0.01)
08/30/2019,451.25 ,467.50 ,467.50 ,450.00 ,17.50 ,(0.04)
08/29/2019,469.75 ,472.25 ,474.00 ,468.50 ,5.50 ,(0.01)
08/28/2019,472.25 ,473.75 ,475.00 ,465.75 ,9.25 ,(0.00)
08/27/2019,473.75 ,472.75 ,477.50 ,470.75 ,6.75 ,0.00 
08/26/2019,473.00 ,474.00 ,480.00 ,470.75 ,9.25 ,(0.00)
08/23/2019,475.25 ,466.75 ,475.75 ,461.25 ,14.50 ,0.02 
08/22/2019,467.25 ,462.75 ,470.50 ,460.75 ,9.75 ,0.01 
08/21/2019,462.50 ,460.00 ,463.00 ,456.00 ,7.00 ,0.01 
08/20/2019,460.00 ,464.50 ,468.75 ,456.75 ,12.00 ,(0.01)
08/19/2019,465.50 ,469.00 ,470.50 ,464.00 ,6.50 ,(0.01)
08/16/2019,470.75 ,470.25 ,473.00 ,467.25 ,5.75 ,0.00 
08/15/2019,469.00 ,475.75 ,477.25 ,468.50 ,8.75 ,(0.01)
08/14/2019,473.75 ,474.75 ,480.00 ,471.25 ,8.75 ,0.00 
08/13/2019,472.00 ,471.00 ,478.75 ,465.50 ,13.25 ,0.00 
08/12/2019,471.75 ,500.00 ,502.00 ,466.50 ,35.50 ,(0.06)
08/09/2019,499.50 ,498.25 ,505.25 ,496.00 ,9.25 ,0.00 
08/08/2019,498.50 ,489.50 ,502.75 ,486.00 ,16.75 ,0.02 
08/07/2019,488.25 ,484.00 ,490.25 ,477.50 ,12.75 ,0.01 
08/06/2019,484.00 ,493.00 ,495.75 ,482.75 ,13.00 ,(0.02)
08/05/2019,494.50 ,490.25 ,495.00 ,479.25 ,15.75 ,0.01 
08/02/2019,490.75 ,479.25 ,491.50 ,476.00 ,15.50 ,0.03 
08/01/2019,475.75 ,486.75 ,488.50 ,471.75 ,16.75 ,(0.02)
07/31/2019,487.25 ,497.50 ,500.50 ,484.50 ,16.00 ,(0.02)
07/30/2019,497.25 ,502.25 ,503.25 ,495.00 ,8.25 ,(0.01)
07/29/2019,503.50 ,495.25 ,507.25 ,492.50 ,14.75 ,0.02 
07/26/2019,496.00 ,499.50 ,500.25 ,493.50 ,6.75 ,(0.01)
07/25/2019,499.50 ,497.75 ,507.50 ,492.25 ,15.25 ,0.00 
07/24/2019,497.75 ,487.25 ,498.75 ,487.25 ,11.50 ,0.02 
07/23/2019,487.25 ,487.75 ,493.50 ,483.25 ,10.25 ,0.00 
07/22/2019,487.25 ,505.25 ,505.25 ,487.00 ,18.25 ,(0.03)
07/19/2019,502.50 ,494.75 ,516.75 ,492.50 ,24.25 ,0.02 
07/18/2019,493.50 ,504.00 ,505.25 ,493.00 ,12.25 ,(0.02)
07/17/2019,505.50 ,507.25 ,514.00 ,502.00 ,12.00 ,(0.00)
07/16/2019,507.50 ,507.75 ,510.00 ,501.00 ,9.00 ,(0.00)
07/15/2019,507.75 ,524.25 ,531.50 ,506.00 ,25.50 ,(0.05)
07/12/2019,536.25 ,535.00 ,538.50 ,535.00 ,3.50 ,0.00 
07/11/2019,536.25 ,514.25 ,535.50 ,514.25 ,21.25 ,0.05 
07/10/2019,511.75 ,506.00 ,512.50 ,506.00 ,6.50 ,0.00 
07/09/2019,509.75 ,513.75 ,513.75 ,508.50 ,5.25 ,(0.01)
07/08/2019,516.75 ,520.00 ,521.50 ,513.00 ,8.50 ,(0.00)
07/05/2019,519.25 ,511.50 ,520.50 ,511.50 ,9.00 ,0.00 
07/03/2019,518.00 ,504.00 ,518.50 ,503.75 ,14.75 ,0.03 
07/02/2019,503.50 ,514.00 ,514.75 ,502.00 ,12.75 ,(0.02)
07/01/2019,514.00 ,532.00 ,532.00 ,511.75 ,20.25 ,(0.03)
06/28/2019,528.00 ,547.75 ,558.00 ,525.75 ,32.25 ,(0.04)
06/27/2019,547.50 ,545.25 ,555.25 ,541.25 ,14.00 ,0.01 
06/26/2019,543.75 ,535.50 ,545.25 ,532.25 ,13.00 ,0.01 
06/25/2019,535.75 ,540.25 ,545.50 ,534.00 ,11.50 ,(0.00)
06/24/2019,538.00 ,526.00 ,540.00 ,522.25 ,17.75 ,0.02 
06/21/2019,526.00 ,527.50 ,529.75 ,523.00 ,6.75 ,(0.00)
06/20/2019,526.50 ,520.75 ,529.00 ,515.50 ,13.50 ,0.01 
06/19/2019,522.25 ,530.25 ,531.00 ,514.25 ,16.75 ,(0.02)
06/18/2019,531.50 ,539.75 ,541.00 ,525.25 ,15.75 ,(0.01)
06/17/2019,539.50 ,540.25 ,549.25 ,537.50 ,11.75 ,0.00 
06/14/2019,538.50 ,535.50 ,544.00 ,530.75 ,13.25 ,0.01 
06/13/2019,535.50 ,526.00 ,536.50 ,524.75 ,11.75 ,0.02 
06/12/2019,526.25 ,519.75 ,528.00 ,513.00 ,15.00 ,0.02 
06/11/2019,518.00 ,504.00 ,518.75 ,500.25 ,18.50 ,0.02 
06/10/2019,507.50 ,505.25 ,508.50 ,493.25 ,15.25 ,0.01 
06/07/2019,504.50 ,511.00 ,512.75 ,502.00 ,10.75 ,(0.01)
06/06/2019,510.00 ,492.00 ,514.00 ,487.75 ,26.25 ,0.04 
06/05/2019,490.75 ,507.00 ,508.50 ,488.50 ,20.00 ,(0.03)
06/04/2019,507.25 ,526.00 ,529.00 ,501.25 ,27.75 ,(0.02)
06/03/2019,519.75 ,505.75 ,522.75 ,503.00 ,19.75 ,0.03 
05/31/2019,503.00 ,514.50 ,520.00 ,500.75 ,19.25 ,(0.02)
05/30/2019,514.50 ,488.75 ,515.00 ,482.00 ,33.00 ,0.05 
05/29/2019,490.50 ,515.00 ,521.75 ,487.50 ,34.25 ,(0.03)
05/28/2019,504.75 ,495.00 ,509.25 ,494.50 ,14.75 ,0.04 
05/26/2019,486.25 ,486.25 ,486.25 ,486.25 ,0.00 ,(0.01)
05/24/2019,489.50 ,469.75 ,490.75 ,467.25 ,23.50 ,0.04 
05/23/2019,470.25 ,473.00 ,485.50 ,466.25 ,19.25 ,(0.01)
05/22/2019,472.75 ,475.75 ,481.00 ,468.50 ,12.50 ,(0.01)
05/21/2019,478.75 ,486.25 ,492.75 ,474.00 ,18.75 ,0.00 
05/20/2019,478.25 ,469.75 ,484.00 ,468.00 ,16.00 ,0.03 
05/17/2019,465.00 ,469.00 ,473.25 ,462.50 ,10.75 ,(0.00)
05/16/2019,467.00 ,446.25 ,468.50 ,446.25 ,22.25 ,0.04 
05/15/2019,448.75 ,451.50 ,464.00 ,447.00 ,17.00 ,0.02 
05/14/2019,439.25 ,440.12 ,450.50 ,437.88 ,12.62 ,0.02 
05/13/2019,431.25 ,422.75 ,428.50 ,422.75 ,5.75 ,0.03 
05/10/2019,419.00 ,420.50 ,420.50 ,417.75 ,2.75 ,(0.01)
05/09/2019,421.75 ,425.50 ,425.50 ,424.25 ,1.25 ,(0.02)
05/08/2019,431.25 ,430.00 ,430.00 ,430.00 ,0.00 ,0.00 
05/07/2019,430.50 ,422.75 ,432.00 ,422.75 ,9.25 ,0.01 
05/06/2019,428.00 ,424.75 ,426.25 ,422.00 ,4.25 ,0.00 
05/03/2019,428.00 ,427.50 ,437.00 ,426.00 ,11.00 ,(0.01)
05/02/2019,433.25 ,428.50 ,438.25 ,428.25 ,10.00 ,0.02 
05/01/2019,425.00 ,420.00 ,426.50 ,419.50 ,7.00 ,0.02 
04/30/2019,418.50 ,424.00 ,426.00 ,416.25 ,9.75 ,(0.02)
04/29/2019,426.75 ,436.25 ,439.75 ,425.00 ,14.75 ,(0.02)
04/26/2019,435.00 ,433.50 ,439.00 ,433.25 ,5.75 ,0.00 
04/25/2019,434.75 ,430.75 ,437.50 ,428.25 ,9.25 ,0.01 
04/24/2019,432.25 ,438.00 ,439.50 ,429.75 ,9.75 ,(0.01)
04/23/2019,438.75 ,435.25 ,441.25 ,433.00 ,8.25 ,0.01 
04/22/2019,435.75 ,444.25 ,444.25 ,435.25 ,9.00 ,(0.02)
04/19/2019,445.50 ,445.50 ,445.50 ,445.50 ,0.00 ,0.00 
04/18/2019,444.25 ,447.25 ,448.25 ,439.25 ,9.00 ,(0.01)
04/17/2019,447.00 ,446.50 ,450.00 ,444.75 ,5.25 ,0.00 
04/16/2019,445.00 ,458.75 ,460.25 ,442.25 ,18.00 ,(0.03)
04/15/2019,459.50 ,463.75 ,464.00 ,457.75 ,6.25 ,(0.01)
04/12/2019,464.50 ,462.00 ,465.25 ,457.50 ,7.75 ,0.01 
04/11/2019,460.50 ,457.00 ,462.50 ,456.75 ,5.75 ,0.01 
04/10/2019,458.00 ,459.00 ,461.75 ,455.50 ,6.25 ,(0.00)
04/09/2019,459.50 ,462.00 ,462.50 ,456.25 ,6.25 ,(0.01)
04/08/2019,465.25 ,467.25 ,471.00 ,461.75 ,9.25 ,(0.01)
04/05/2019,467.75 ,469.00 ,469.50 ,464.25 ,5.25 ,(0.01)
04/04/2019,470.75 ,471.00 ,477.50 ,468.00 ,9.50 ,(0.00)
04/03/2019,471.00 ,463.00 ,472.75 ,463.00 ,9.75 ,0.02 
04/02/2019,464.00 ,463.50 ,465.75 ,456.00 ,9.75 ,0.00 
04/01/2019,462.75 ,459.50 ,468.25 ,456.00 ,12.25 ,0.01 
03/29/2019,457.75 ,463.75 ,464.75 ,452.50 ,12.25 ,(0.01)
03/28/2019,464.50 ,468.50 ,469.25 ,459.50 ,9.75 ,(0.01)
03/27/2019,469.50 ,470.00 ,471.75 ,466.50 ,5.25 ,0.00 
03/26/2019,469.25 ,470.00 ,478.00 ,467.00 ,11.00 ,(0.00)
03/25/2019,469.50 ,466.50 ,471.75 ,463.00 ,8.75 ,0.01 
03/22/2019,466.00 ,465.50 ,473.75 ,463.75 ,10.00 ,(0.00)
03/21/2019,466.50 ,464.50 ,467.50 ,458.00 ,9.50 ,0.00 
03/20/2019,464.75 ,456.75 ,465.00 ,454.75 ,10.25 ,0.02 
03/19/2019,456.50 ,458.50 ,462.50 ,453.75 ,8.75 ,(0.00)
03/18/2019,456.75 ,463.25 ,464.00 ,454.50 ,9.50 ,(0.01)
03/15/2019,462.25 ,452.50 ,463.00 ,448.50 ,14.50 ,0.02 
03/14/2019,452.25 ,447.88 ,460.62 ,446.88 ,13.74 ,0.03 
03/13/2019,440.25 ,439.75 ,441.50 ,438.50 ,3.00 ,(0.01)
03/12/2019,446.25 ,424.00 ,443.00 ,424.00 ,19.00 ,0.06 
03/11/2019,422.25 ,430.25 ,430.25 ,427.75 ,2.50 ,(0.02)
03/08/2019,432.75 ,435.50 ,437.00 ,435.50 ,1.50 ,0.00 
03/07/2019,431.50 ,435.25 ,437.25 ,435.25 ,2.00 ,(0.02)
03/06/2019,440.50 ,449.25 ,450.50 ,443.50 ,7.00 ,(0.03)
03/05/2019,454.25 ,446.00 ,454.25 ,445.75 ,8.50 ,0.02 
03/04/2019,446.75 ,454.75 ,454.75 ,446.00 ,8.75 ,(0.02)
03/01/2019,454.00 ,452.50 ,457.75 ,440.50 ,17.25 ,0.00 
02/28/2019,452.50 ,460.25 ,461.00 ,452.25 ,8.75 ,(0.02)
02/27/2019,461.00 ,460.25 ,467.75 ,458.25 ,9.50 ,0.00 
02/26/2019,460.25 ,467.00 ,468.00 ,456.25 ,11.75 ,(0.01)
02/25/2019,466.75 ,489.75 ,490.00 ,466.25 ,23.75 ,(0.04)
02/22/2019,486.75 ,488.50 ,493.00 ,484.50 ,8.50 ,0.00 
02/21/2019,486.50 ,480.50 ,491.50 ,480.25 ,11.25 ,0.01 
02/20/2019,480.75 ,490.00 ,493.50 ,475.75 ,17.75 ,(0.02)
02/19/2019,489.75 ,502.50 ,505.25 ,488.50 ,16.75 ,(0.03)
02/18/2019,503.75 ,503.25 ,503.75 ,503.00 ,0.75 ,0.00 
02/17/2019,503.25 ,503.50 ,503.50 ,502.88 ,0.62 ,(0.00)
02/15/2019,504.25 ,507.75 ,508.75 ,499.25 ,9.50 ,(0.01)
02/14/2019,507.00 ,521.50 ,522.50 ,506.00 ,16.50 ,(0.03)
02/13/2019,522.25 ,519.75 ,524.00 ,518.75 ,5.25 ,0.00 
02/12/2019,520.00 ,518.50 ,520.75 ,514.50 ,6.25 ,0.00 
02/11/2019,518.25 ,517.25 ,519.00 ,512.00 ,7.00 ,0.00 
02/08/2019,517.25 ,514.75 ,522.25 ,513.50 ,8.75 ,0.01 
02/07/2019,513.25 ,525.25 ,525.25 ,512.50 ,12.75 ,(0.02)
02/06/2019,526.00 ,527.00 ,531.25 ,524.25 ,7.00 ,(0.00)
02/05/2019,527.25 ,525.25 ,528.25 ,520.50 ,7.75 ,0.00 
02/04/2019,525.75 ,524.75 ,529.00 ,521.25 ,7.75 ,0.00 
02/01/2019,524.25 ,515.75 ,526.50 ,515.25 ,11.25 ,0.02 
01/31/2019,516.50 ,517.75 ,520.00 ,513.50 ,6.50 ,(0.00)
01/30/2019,516.75 ,513.25 ,518.00 ,511.75 ,6.25 ,0.01 
01/29/2019,513.25 ,517.75 ,522.00 ,510.75 ,11.25 ,(0.01)
01/28/2019,518.75 ,520.75 ,523.50 ,516.00 ,7.50 ,(0.00)
01/25/2019,520.00 ,520.50 ,523.00 ,516.75 ,6.25 ,(0.00)
01/24/2019,521.50 ,527.00 ,529.00 ,521.00 ,8.00 ,(0.01)
01/23/2019,526.00 ,522.50 ,527.00 ,521.75 ,5.25 ,0.01 
01/22/2019,521.25 ,518.00 ,526.00 ,514.25 ,11.75 ,0.01 
01/21/2019,517.00 ,517.50 ,520.50 ,515.25 ,5.25 ,0.00 
01/20/2019,517.00 ,517.50 ,517.50 ,517.00 ,0.50 ,(0.00)
01/18/2019,517.75 ,519.75 ,522.75 ,515.25 ,7.50 ,0.00 
01/17/2019,517.75 ,511.50 ,522.50 ,509.00 ,13.50 ,0.01 
01/16/2019,512.50 ,511.00 ,516.75 ,511.00 ,5.75 ,0.00 
01/15/2019,511.00 ,514.75 ,518.25 ,508.00 ,10.25 ,(0.01)
01/14/2019,514.25 ,520.00 ,523.50 ,513.25 ,10.25 ,(0.01)
01/11/2019,519.50 ,513.75 ,523.75 ,512.75 ,11.00 ,0.01 
01/10/2019,513.75 ,519.50 ,520.25 ,512.00 ,8.25 ,(0.01)
01/09/2019,520.00 ,519.75 ,523.75 ,518.25 ,5.50 ,0.00 
01/08/2019,517.75 ,516.50 ,524.50 ,513.75 ,10.75 ,0.00 
01/07/2019,516.75 ,518.00 ,518.50 ,513.50 ,5.00 ,(0.00)
01/04/2019,517.00 ,513.75 ,518.75 ,513.00 ,5.75 ,0.01 
01/03/2019,513.75 ,506.75 ,516.00 ,506.00 ,10.00 ,0.01 
01/02/2019,506.75 ,502.50 ,510.75 ,501.25 ,9.50 ,0.01 
12/31/2018,503.25 ,512.75 ,513.50 ,503.00 ,10.50 ,(0.02)
12/28/2018,511.50 ,511.75 ,514.00 ,509.50 ,4.50 ,0.00 
12/27/2018,510.50 ,511.50 ,513.00 ,507.25 ,5.75 ,0.00 
12/26/2018,510.00 ,516.00 ,520.75 ,509.00 ,11.75 ,(0.01)
12/24/2018,516.50 ,512.00 ,518.00 ,511.00 ,7.00 ,0.00 
12/21/2018,514.00 ,522.00 ,524.00 ,512.25 ,11.75 ,(0.02)
12/20/2018,523.50 ,524.00 ,527.75 ,521.25 ,6.50 ,0.00 
12/19/2018,522.50 ,532.75 ,533.00 ,521.50 ,11.50 ,(0.02)
12/18/2018,532.75 ,534.00 ,536.00 ,530.00 ,6.00 ,(0.00)
12/17/2018,535.25 ,531.00 ,537.50 ,530.00 ,7.50 ,0.01 
12/14/2018,527.75 ,536.38 ,537.62 ,527.75 ,9.87 ,0.00 
12/13/2018,527.75 ,526.25 ,526.25 ,526.25 ,0.00 ,0.02 
12/12/2018,515.25 ,520.75 ,520.75 ,517.75 ,3.00 ,0.01 
12/11/2018,509.75 ,511.00 ,511.00 ,511.00 ,0.00 ,(0.01)
12/10/2018,514.75 ,522.75 ,522.75 ,521.50 ,1.25 ,(0.01)
12/07/2018,519.50 ,505.25 ,519.00 ,505.25 ,13.75 ,0.03 
12/06/2018,505.25 ,510.00 ,510.00 ,499.50 ,10.50 ,(0.02)
12/05/2018,514.50 ,515.00 ,515.50 ,513.25 ,2.25 ,(0.01)
12/04/2018,519.25 ,514.75 ,520.75 ,514.75 ,6.00 ,0.01 
12/03/2018,515.75 ,524.25 ,525.25 ,514.00 ,11.25 ,0.00 
11/30/2018,515.75 ,497.25 ,517.75 ,497.25 ,20.50 ,0.04 
11/29/2018,496.50 ,497.75 ,501.50 ,492.00 ,9.50 ,(0.00)
11/28/2018,497.50 ,497.25 ,501.00 ,494.75 ,6.25 ,(0.00)
11/27/2018,498.00 ,506.75 ,510.00 ,497.50 ,12.50 ,(0.02)
11/26/2018,507.50 ,503.00 ,508.00 ,501.75 ,6.25 ,0.02 
11/23/2018,499.75 ,500.75 ,507.50 ,499.00 ,8.50 ,0.00 
11/22/2018,498.00 ,498.00 ,498.00 ,498.00 ,0.00 ,(0.00)
11/21/2018,498.75 ,500.50 ,504.25 ,497.75 ,6.50 ,(0.00)
11/20/2018,500.75 ,497.50 ,502.50 ,495.50 ,7.00 ,0.00 
11/19/2018,498.50 ,506.50 ,507.25 ,496.00 ,11.25 ,(0.02)
11/16/2018,506.75 ,505.25 ,508.75 ,502.75 ,6.00 ,0.00 
11/15/2018,505.50 ,503.00 ,509.00 ,503.00 ,6.00 ,0.01 
11/14/2018,503.00 ,507.75 ,511.00 ,501.00 ,10.00 ,(0.01)
11/13/2018,507.75 ,518.25 ,520.75 ,506.00 ,14.75 ,(0.02)
11/12/2018,519.75 ,502.50 ,520.75 ,501.25 ,19.50 ,0.04 
11/09/2018,502.00 ,507.50 ,508.00 ,500.75 ,7.25 ,(0.01)
11/08/2018,507.75 ,509.50 ,517.00 ,503.25 ,13.75 ,(0.00)
11/07/2018,510.25 ,512.50 ,514.25 ,507.25 ,7.00 ,(0.00)
11/06/2018,512.00 ,507.25 ,514.00 ,505.50 ,8.50 ,0.01 
11/05/2018,507.25 ,511.25 ,512.25 ,503.75 ,8.50 ,(0.00)
11/02/2018,508.75 ,507.00 ,509.75 ,502.75 ,7.00 ,0.00 
11/01/2018,508.00 ,500.50 ,510.00 ,500.50 ,9.50 ,0.02 
10/31/2018,500.50 ,499.75 ,501.75 ,490.00 ,11.75 ,0.00 
10/30/2018,499.75 ,505.50 ,507.50 ,497.00 ,10.50 ,(0.01)
10/29/2018,507.25 ,510.25 ,515.00 ,502.75 ,12.25 ,0.00 
10/26/2018,505.25 ,487.25 ,506.75 ,486.75 ,20.00 ,0.04 
10/25/2018,487.25 ,499.75 ,499.75 ,485.50 ,14.25 ,(0.02)
10/24/2018,499.50 ,510.00 ,510.75 ,496.75 ,14.00 ,(0.02)
10/23/2018,509.00 ,508.00 ,511.25 ,505.25 ,6.00 ,0.00 
10/22/2018,508.00 ,514.00 ,514.25 ,507.25 ,7.00 ,(0.01)
10/19/2018,514.75 ,513.00 ,518.50 ,510.75 ,7.75 ,0.00 
10/18/2018,513.00 ,516.00 ,519.50 ,511.00 ,8.50 ,(0.01)
10/17/2018,517.50 ,524.00 ,524.50 ,516.00 ,8.50 ,(0.01)
10/16/2018,523.50 ,525.75 ,527.00 ,521.00 ,6.00 ,(0.00)
10/15/2018,525.00 ,518.50 ,526.00 ,514.75 ,11.25 ,0.02 
10/12/2018,517.25 ,507.75 ,519.00 ,507.25 ,11.75 ,0.02 
10/11/2018,508.00 ,510.75 ,521.00 ,506.50 ,14.50 ,(0.00)
10/10/2018,510.50 ,516.75 ,518.00 ,510.25 ,7.75 ,(0.01)
10/09/2018,515.00 ,513.50 ,520.50 ,511.25 ,9.25 ,0.00 
10/08/2018,514.00 ,524.00 ,525.50 ,512.75 ,12.75 ,(0.01)
10/05/2018,521.00 ,518.00 ,524.50 ,517.25 ,7.25 ,0.01 
10/04/2018,518.00 ,515.75 ,520.75 ,513.75 ,7.00 ,0.01 
10/03/2018,515.25 ,521.25 ,527.25 ,514.25 ,13.00 ,(0.01)
10/02/2018,519.25 ,510.50 ,524.75 ,505.25 ,19.50 ,0.02 
10/01/2018,509.50 ,510.00 ,515.25 ,505.50 ,9.75 ,0.00 
09/28/2018,509.00 ,513.00 ,518.00 ,505.50 ,12.50 ,(0.01)
09/27/2018,513.00 ,517.75 ,522.00 ,511.25 ,10.75 ,(0.01)
09/26/2018,517.50 ,521.25 ,527.00 ,516.75 ,10.25 ,(0.01)
09/25/2018,520.75 ,525.25 ,525.75 ,516.25 ,9.50 ,(0.01)
09/24/2018,527.00 ,522.00 ,531.25 ,520.00 ,11.25 ,0.01 
09/21/2018,521.75 ,521.00 ,524.25 ,515.00 ,9.25 ,(0.00)
09/20/2018,524.00 ,523.00 ,525.75 ,516.00 ,9.75 ,0.00 
09/19/2018,522.50 ,511.00 ,523.25 ,510.50 ,12.75 ,0.02 
09/18/2018,510.50 ,506.25 ,514.25 ,506.25 ,8.00 ,0.01 
09/17/2018,506.25 ,513.50 ,517.75 ,505.50 ,12.25 ,0.05 
09/14/2018,480.00 ,478.50 ,479.75 ,478.50 ,1.25 ,0.02 
09/13/2018,471.75 ,473.00 ,473.00 ,473.00 ,0.00 ,(0.02)
09/12/2018,481.75 ,500.50 ,503.50 ,478.00 ,25.50 ,(0.02)
09/11/2018,493.75 ,497.25 ,497.25 ,497.25 ,0.00 ,(0.02)
09/10/2018,504.00 ,488.00 ,498.50 ,488.00 ,10.50 ,0.04 
09/07/2018,486.25 ,487.00 ,487.25 ,487.00 ,0.25 ,0.00 
09/06/2018,486.00 ,490.00 ,492.25 ,487.75 ,4.50 ,(0.02)
09/05/2018,493.75 ,501.00 ,507.50 ,495.00 ,12.50 ,(0.02)
09/04/2018,502.75 ,507.25 ,507.25 ,491.75 ,15.50 ,(0.07)
09/03/2018,538.75 ,537.75 ,539.00 ,537.75 ,1.25 ,0.04 
08/31/2018,518.50 ,509.50 ,522.25 ,509.50 ,12.75 ,0.02 
08/30/2018,508.00 ,517.50 ,525.00 ,502.50 ,22.50 ,(0.02)
08/29/2018,515.75 ,498.00 ,520.00 ,496.00 ,24.00 ,0.04 
08/28/2018,498.25 ,500.25 ,504.25 ,494.75 ,9.50 ,(0.00)
08/27/2018,499.25 ,513.75 ,513.75 ,499.00 ,14.75 ,(0.03)
08/24/2018,514.75 ,522.00 ,522.00 ,513.00 ,9.00 ,(0.01)
08/23/2018,522.00 ,529.00 ,535.50 ,515.50 ,20.00 ,(0.01)
08/22/2018,526.00 ,526.50 ,533.00 ,520.50 ,12.50 ,(0.00)
08/21/2018,527.25 ,544.00 ,544.25 ,526.25 ,18.00 ,(0.03)
08/20/2018,542.25 ,562.00 ,562.75 ,540.75 ,22.00 ,(0.03)
08/17/2018,560.50 ,542.25 ,563.00 ,535.00 ,28.00 ,0.03 
08/16/2018,542.25 ,532.50 ,547.75 ,531.00 ,16.75 ,0.02 
08/15/2018,532.25 ,541.00 ,542.75 ,528.25 ,14.50 ,(0.02)
08/14/2018,541.75 ,534.75 ,544.25 ,532.25 ,12.00 ,0.02 
08/13/2018,533.50 ,546.50 ,549.75 ,530.50 ,19.25 ,(0.02)
08/10/2018,546.75 ,564.75 ,574.00 ,545.75 ,28.25 ,(0.03)
08/09/2018,564.50 ,570.50 ,573.75 ,561.75 ,12.00 ,(0.01)
08/08/2018,570.00 ,569.75 ,578.00 ,564.50 ,13.50 ,0.00 
08/07/2018,568.25 ,575.25 ,586.25 ,564.00 ,22.25 ,(0.01)
08/06/2018,574.50 ,555.00 ,576.25 ,551.50 ,24.75 ,0.03 
08/03/2018,556.25 ,563.25 ,567.75 ,554.00 ,13.75 ,(0.01)
08/02/2018,560.50 ,559.50 ,593.00 ,559.00 ,34.00 ,0.00 
08/01/2018,558.25 ,555.25 ,566.00 ,550.75 ,15.25 ,0.01 
07/31/2018,553.75 ,545.50 ,565.00 ,540.50 ,24.50 ,0.01 
07/30/2018,546.50 ,533.50 ,551.75 ,532.75 ,19.00 ,0.03 
07/27/2018,530.50 ,536.00 ,542.00 ,525.25 ,16.75 ,(0.01)
07/26/2018,536.50 ,544.75 ,553.75 ,532.00 ,21.75 ,(0.01)
07/25/2018,542.75 ,511.50 ,545.25 ,511.25 ,34.00 ,0.06 
07/24/2018,510.25 ,511.50 ,516.25 ,505.25 ,11.00 ,(0.01)
07/23/2018,513.75 ,518.00 ,522.50 ,512.00 ,10.50 ,(0.00)
07/20/2018,516.00 ,503.50 ,519.75 ,503.00 ,16.75 ,0.02 
07/19/2018,504.25 ,493.75 ,505.75 ,490.25 ,15.50 ,0.02 
07/18/2018,494.50 ,498.25 ,505.00 ,493.75 ,11.25 ,(0.01)
07/17/2018,497.75 ,491.00 ,504.25 ,487.75 ,16.50 ,0.02 
07/16/2018,488.50 ,495.25 ,498.50 ,486.75 ,11.75 ,0.01 
07/13/2018,481.50 ,484.50 ,497.50 ,481.25 ,16.25 ,(0.00)
07/12/2018,482.50 ,484.25 ,484.25 ,484.25 ,0.00 ,0.03 
07/11/2018,469.75 ,488.00 ,490.50 ,471.25 ,19.25 ,(0.04)
07/10/2018,489.50 ,503.00 ,503.00 ,485.75 ,17.25 ,(0.04)
07/09/2018,507.75 ,509.50 ,509.75 ,504.25 ,5.50 ,(0.01)
07/06/2018,512.75 ,500.25 ,513.25 ,500.25 ,13.00 ,0.02 
07/05/2018,504.00 ,507.00 ,508.75 ,503.25 ,5.50 ,0.03 
07/03/2018,491.50 ,480.75 ,495.00 ,480.50 ,14.50 ,0.02 
07/02/2018,480.25 ,497.25 ,505.00 ,477.25 ,27.75 ,(0.03)
06/29/2018,497.50 ,479.50 ,504.00 ,479.50 ,24.50 ,0.04 
06/28/2018,479.50 ,478.00 ,485.25 ,474.25 ,11.00 ,0.00 
06/27/2018,479.50 ,470.00 ,482.25 ,468.75 ,13.50 ,0.02 
06/26/2018,469.50 ,477.50 ,481.75 ,466.75 ,15.00 ,(0.02)
06/25/2018,476.75 ,490.25 ,491.00 ,473.75 ,17.25 ,(0.03)
06/22/2018,491.25 ,495.75 ,497.50 ,487.00 ,10.50 ,(0.01)
06/21/2018,495.25 ,490.75 ,498.75 ,482.25 ,16.50 ,0.01 
06/20/2018,488.25 ,477.75 ,490.00 ,474.75 ,15.25 ,0.02 
06/19/2018,477.75 ,489.50 ,490.50 ,467.50 ,23.00 ,(0.03)
06/18/2018,490.00 ,495.50 ,499.00 ,487.75 ,11.25 ,(0.02)
06/15/2018,499.50 ,502.50 ,508.75 ,487.00 ,21.75 ,(0.00)
06/14/2018,501.50 ,515.75 ,517.00 ,498.25 ,18.75 ,(0.03)
06/13/2018,516.50 ,535.00 ,538.75 ,514.50 ,24.25 ,(0.03)
06/12/2018,534.50 ,514.75 ,538.25 ,510.25 ,28.00 ,0.04 
06/11/2018,514.50 ,520.00 ,528.25 ,511.75 ,16.50 ,(0.01)
06/08/2018,520.00 ,528.25 ,533.50 ,513.25 ,20.25 ,(0.01)
06/07/2018,526.75 ,522.25 ,537.00 ,519.25 ,17.75 ,0.01 
06/06/2018,519.75 ,509.75 ,531.25 ,507.50 ,23.75 ,0.02 
06/05/2018,510.00 ,507.00 ,518.75 ,506.00 ,12.75 ,0.01 
06/04/2018,505.25 ,520.25 ,521.25 ,503.25 ,18.00 ,(0.03)
06/01/2018,523.25 ,524.50 ,528.00 ,518.25 ,9.75 ,(0.01)
05/31/2018,526.25 ,522.00 ,531.75 ,515.25 ,16.50 ,0.01 
05/30/2018,522.00 ,534.75 ,534.75 ,516.50 ,18.25 ,(0.03)
05/29/2018,536.50 ,547.50 ,554.00 ,531.50 ,22.50 ,(0.02)
05/28/2018,548.00 ,548.00 ,548.00 ,548.00 ,0.00 ,0.01 
05/25/2018,543.00 ,530.00 ,544.75 ,528.25 ,16.50 ,0.02 
05/24/2018,530.25 ,531.00 ,545.25 ,529.25 ,16.00 ,(0.00)
05/23/2018,531.00 ,520.75 ,531.75 ,517.25 ,14.50 ,0.02 
05/22/2018,521.50 ,505.50 ,530.25 ,502.75 ,27.50 ,0.03 
05/21/2018,507.25 ,523.00 ,525.50 ,504.25 ,21.25 ,(0.02)
05/18/2018,518.25 ,497.50 ,518.75 ,495.25 ,23.50 ,0.04 
05/17/2018,497.50 ,496.00 ,505.00 ,495.00 ,10.00 ,0.01 
05/16/2018,494.25 ,493.75 ,498.75 ,491.00 ,7.75 ,0.00 
05/15/2018,493.50 ,490.50 ,496.25 ,486.25 ,10.00 ,0.03 
05/14/2018,480.50 ,479.25 ,479.25 ,479.25 ,0.00 ,(0.02)
05/11/2018,489.50 ,503.25 ,505.25 ,497.00 ,8.25 ,(0.04)
05/10/2018,507.75 ,515.75 ,515.75 ,515.75 ,0.00 ,(0.01)
05/09/2018,514.50 ,508.00 ,511.00 ,508.00 ,3.00 ,(0.01)
05/08/2018,517.75 ,515.50 ,516.50 ,515.50 ,1.00 ,0.01 
05/07/2018,514.00 ,515.00 ,515.00 ,515.00 ,0.00 ,(0.03)
05/04/2018,527.50 ,537.00 ,537.00 ,529.50 ,7.50 ,(0.02)
05/03/2018,540.50 ,525.75 ,540.00 ,521.50 ,18.50 ,0.03 
05/02/2018,525.75 ,525.00 ,533.25 ,522.50 ,10.75 ,(0.01)
05/01/2018,529.75 ,511.25 ,529.75 ,510.25 ,19.50 ,0.03 
04/30/2018,512.50 ,500.00 ,515.50 ,499.75 ,15.75 ,0.03 
04/27/2018,495.50 ,484.00 ,495.75 ,480.25 ,15.50 ,0.03 
04/26/2018,480.75 ,485.25 ,491.50 ,476.50 ,15.00 ,(0.01)
04/25/2018,486.25 ,473.00 ,488.50 ,472.25 ,16.25 ,0.03 
04/24/2018,472.50 ,461.25 ,473.00 ,455.50 ,17.50 ,0.02 
04/23/2018,461.50 ,464.25 ,469.00 ,458.75 ,10.25 ,(0.00)
04/20/2018,463.25 ,476.25 ,476.75 ,462.25 ,14.50 ,(0.03)
04/19/2018,476.75 ,477.50 ,480.00 ,471.75 ,8.25 ,0.00 
04/18/2018,475.25 ,466.25 ,476.00 ,465.50 ,10.50 ,0.02 
04/17/2018,466.25 ,463.75 ,470.75 ,461.50 ,9.25 ,0.01 
04/16/2018,462.25 ,466.50 ,470.25 ,461.50 ,8.75 ,(0.02)
04/13/2018,472.50 ,480.25 ,481.25 ,469.50 ,11.75 ,(0.02)
04/12/2018,481.00 ,483.50 ,484.75 ,474.75 ,10.00 ,(0.01)
04/11/2018,487.25 ,491.00 ,492.00 ,483.00 ,9.00 ,(0.01)
04/10/2018,492.00 ,492.00 ,494.00 ,481.75 ,12.25 ,0.00 
04/09/2018,490.75 ,478.00 ,493.75 ,474.75 ,19.00 ,0.04 
04/06/2018,472.25 ,461.50 ,472.75 ,459.25 ,13.50 ,0.02 
04/05/2018,464.75 ,458.00 ,466.00 ,456.50 ,9.50 ,0.02 
04/04/2018,455.75 ,457.00 ,461.50 ,447.00 ,14.50 ,(0.00)
04/03/2018,457.50 ,448.50 ,463.50 ,448.25 ,15.25 ,0.03 
04/02/2018,446.25 ,454.25 ,457.25 ,445.75 ,11.50 ,(0.01)
03/29/2018,451.00 ,447.50 ,455.75 ,441.50 ,14.25 ,0.01 
03/28/2018,445.50 ,449.50 ,452.50 ,444.50 ,8.00 ,(0.01)
03/27/2018,449.00 ,454.25 ,457.50 ,448.75 ,8.75 ,(0.01)
03/26/2018,454.25 ,462.50 ,463.75 ,451.25 ,12.50 ,(0.01)
03/23/2018,460.25 ,455.25 ,461.75 ,446.50 ,15.25 ,0.01 
03/22/2018,455.75 ,453.50 ,459.75 ,451.25 ,8.50 ,0.01 
03/21/2018,453.50 ,453.50 ,454.50 ,446.75 ,7.75 ,0.00 
03/20/2018,453.00 ,452.50 ,457.50 ,450.00 ,7.50 ,0.01 
03/19/2018,450.75 ,465.00 ,466.00 ,450.25 ,15.75 ,(0.04)
03/16/2018,467.75 ,478.75 ,482.25 ,467.00 ,15.25 ,(0.02)
03/15/2018,478.75 ,488.75 ,493.25 ,476.00 ,17.25 ,(0.03)
03/14/2018,495.75 ,485.00 ,496.50 ,485.00 ,11.50 ,0.02 
03/13/2018,485.50 ,494.50 ,503.25 ,493.00 ,10.25 ,(0.01)
03/12/2018,489.75 ,486.00 ,486.00 ,483.50 ,2.50 ,0.00 
03/09/2018,489.00 ,495.00 ,495.00 ,486.00 ,9.00 ,(0.01)
03/08/2018,494.75 ,495.25 ,495.75 ,491.00 ,4.75 ,0.00 
03/07/2018,493.00 ,505.00 ,505.00 ,493.00 ,12.00 ,(0.02)
03/06/2018,502.00 ,498.75 ,501.75 ,494.00 ,7.75 ,(0.00)
03/05/2018,502.25 ,497.00 ,501.75 ,493.00 ,8.75 ,0.02 
03/02/2018,492.00 ,506.25 ,506.25 ,489.00 ,17.25 ,(0.03)
03/01/2018,505.50 ,491.25 ,506.25 ,482.75 ,23.50 ,0.04 
02/28/2018,484.50 ,464.50 ,487.50 ,464.00 ,23.50 ,0.05 
02/27/2018,463.25 ,462.00 ,465.75 ,460.25 ,5.50 ,0.01 
02/26/2018,459.50 ,458.50 ,464.00 ,455.75 ,8.25 ,0.02 
02/23/2018,452.25 ,452.00 ,456.25 ,451.50 ,4.75 ,0.00 
02/22/2018,451.25 ,447.75 ,452.00 ,444.75 ,7.25 ,0.01 
02/21/2018,447.25 ,450.00 ,452.00 ,445.50 ,6.50 ,(0.00)
02/20/2018,449.25 ,459.75 ,463.25 ,449.00 ,14.25 ,(0.02)
02/19/2018,458.00 ,458.00 ,458.00 ,458.00 ,0.00 ,0.00 
02/18/2018,458.00 ,458.00 ,458.00 ,458.00 ,0.00 ,0.00 
02/16/2018,457.75 ,463.50 ,464.50 ,456.75 ,7.75 ,(0.01)
02/15/2018,461.75 ,455.75 ,463.50 ,452.25 ,11.25 ,0.01 
02/14/2018,455.75 ,458.00 ,460.75 ,453.75 ,7.00 ,(0.01)
02/13/2018,460.75 ,465.00 ,467.25 ,459.00 ,8.25 ,(0.01)
02/12/2018,464.00 ,452.00 ,465.00 ,451.50 ,13.50 ,0.03 
02/09/2018,449.00 ,454.25 ,456.00 ,448.25 ,7.75 ,(0.02)
02/08/2018,456.25 ,461.75 ,464.50 ,451.25 ,13.25 ,(0.01)
02/07/2018,460.50 ,449.00 ,461.75 ,447.75 ,14.00 ,0.03 
02/06/2018,446.25 ,442.00 ,447.75 ,438.75 ,9.00 ,0.01 
02/05/2018,440.25 ,443.25 ,445.75 ,438.75 ,7.00 ,(0.01)
02/02/2018,446.75 ,449.75 ,451.00 ,445.00 ,6.00 ,(0.01)
02/01/2018,451.00 ,451.00 ,451.50 ,443.25 ,8.25 ,(0.00)
01/31/2018,451.75 ,458.50 ,458.75 ,447.50 ,11.25 ,(0.01)
01/30/2018,457.25 ,454.00 ,458.50 ,449.75 ,8.75 ,0.02 
01/29/2018,449.25 ,443.00 ,449.75 ,443.00 ,6.75 ,0.02 
01/26/2018,441.00 ,435.00 ,442.50 ,434.25 ,8.25 ,0.02 
01/25/2018,434.50 ,433.00 ,438.75 ,429.50 ,9.25 ,0.00 
01/24/2018,433.00 ,422.25 ,433.75 ,420.75 ,13.00 ,0.03 
01/23/2018,421.50 ,423.50 ,425.00 ,419.75 ,5.25 ,(0.01)
01/22/2018,425.75 ,424.50 ,427.50 ,423.25 ,4.25 ,0.01 
01/19/2018,422.75 ,425.25 ,427.25 ,421.50 ,5.75 ,(0.01)
01/18/2018,425.25 ,422.25 ,425.75 ,421.25 ,4.50 ,0.01 
01/17/2018,421.50 ,416.75 ,423.25 ,415.50 ,7.75 ,0.01 
01/16/2018,416.50 ,420.25 ,422.75 ,413.25 ,9.50 ,(0.01)
01/12/2018,420.50 ,433.25 ,436.00 ,418.75 ,17.25 ,(0.03)
01/11/2018,433.25 ,434.25 ,434.50 ,428.50 ,6.00 ,(0.00)
01/10/2018,434.25 ,432.25 ,435.00 ,431.50 ,3.50 ,0.00 
01/09/2018,432.25 ,427.75 ,433.75 ,425.25 ,8.50 ,0.01 
01/08/2018,427.75 ,430.25 ,432.25 ,425.75 ,6.50 ,(0.01)
01/05/2018,430.75 ,433.00 ,433.75 ,427.50 ,6.25 ,(0.01)
01/04/2018,434.00 ,435.75 ,436.00 ,431.00 ,5.00 ,(0.00)
01/03/2018,436.00 ,435.25 ,437.00 ,432.00 ,5.00 ,0.01 
01/02/2018,433.50 ,428.25 ,436.25 ,428.25 ,8.00 ,0.02 
