date,krx_close,krx_diff,krx_return,PER,PBR,Dividend_Yield
2017-12-01,324.78,-0.47,-0.14,11.73,1.14,1.38
2017-12-04,328.77,3.99,1.23,11.88,1.15,1.36
2017-12-05,329.61,0.84,0.26,11.91,1.16,1.36
2017-12-06,324.52,-5.09,-1.54,11.72,1.14,1.38
2017-12-07,323.59,-0.93,-0.29,11.7,1.14,1.38
2017-12-08,324.68,1.09,0.34,11.74,1.14,1.37
2017-12-11,325.09,0.41,0.13,11.73,1.14,1.38
2017-12-12,324.07,-1.02,-0.31,11.69,1.14,1.38
2017-12-13,326.18,2.11,0.65,11.77,1.14,1.37
2017-12-14,324.74,-1.44,-0.44,11.72,1.14,1.38
2017-12-15,326.23,1.49,0.46,11.95,1.15,1.36
2017-12-18,326.6,0.37,0.11,11.97,1.15,1.35
2017-12-19,326.76,0.16,0.05,11.97,1.15,1.35
2017-12-20,325.79,-0.97,-0.3,11.94,1.15,1.36
2017-12-21,319.72,-6.07,-1.86,11.71,1.13,1.38
2017-12-22,321.21,1.49,0.47,11.77,1.13,1.38
2017-12-26,318.89,-2.32,-0.72,11.68,1.12,1.39
2017-12-27,320.25,1.36,0.43,11.74,1.13,1.38
2017-12-28,324.74,4.49,1.4,11.9,1.15,1.36
2018-01-02,326.0,1.26,0.39,11.95,1.15,1.36
2018-01-03,327.13,1.13,0.35,11.99,1.15,1.35
2018-01-04,324.58,-2.55,-0.78,11.9,1.15,1.36
2018-01-05,328.97,4.39,1.35,12.06,1.16,1.34
2018-01-08,331.28,2.31,0.7,12.13,1.17,1.34
2018-01-09,330.25,-1.03,-0.31,12.09,1.16,1.34
2018-01-10,327.61,-2.64,-0.8,11.99,1.15,1.35
2018-01-11,325.67,-1.94,-0.59,11.92,1.15,1.36
2018-01-12,326.72,1.05,0.32,11.96,1.15,1.36
2018-01-15,327.39,0.67,0.21,11.98,1.15,1.35
2018-01-16,330.02,2.63,0.8,12.08,1.16,1.34
2018-01-17,329.19,-0.83,-0.25,12.05,1.16,1.35
2018-01-18,329.13,-0.06,-0.02,12.04,1.16,1.35
2018-01-19,329.52,0.39,0.12,12.06,1.16,1.34
2018-01-22,326.27,-3.25,-0.99,11.94,1.15,1.36
2018-01-23,330.93,4.66,1.43,12.11,1.17,1.34
2018-01-24,330.91,-0.02,-0.01,12.11,1.17,1.34
2018-01-25,334.08,3.17,0.96,12.22,1.18,1.33
2018-01-26,335.38,1.3,0.39,12.27,1.18,1.32
2018-01-29,338.05,2.67,0.8,12.37,1.19,1.31
2018-01-30,333.4,-4.65,-1.38,12.2,1.17,1.33
2018-01-31,333.38,-0.02,-0.01,12.21,1.18,1.33
2018-02-01,333.36,-0.02,-0.01,12.22,1.18,1.33
2018-02-02,327.01,-6.35,-1.9,11.99,1.15,1.35
2018-02-05,323.29,-3.72,-1.14,11.85,1.14,1.37
2018-02-06,318.01,-5.28,-1.63,11.66,1.12,1.39
2018-02-07,310.48,-7.53,-2.37,11.38,1.1,1.42
2018-02-08,311.62,1.14,0.37,11.41,1.1,1.42
2018-02-09,304.83,-6.79,-2.18,11.16,1.07,1.45
2018-02-12,308.13,3.3,1.08,11.28,1.09,1.44
2018-02-13,310.87,2.74,0.89,11.38,1.1,1.42
2018-02-14,314.4,3.53,1.14,11.51,1.11,1.41
2018-02-19,316.61,2.21,0.7,11.59,1.12,1.4
2018-02-20,312.83,-3.78,-1.19,11.45,1.1,1.41
2018-02-21,314.47,1.64,0.52,11.51,1.11,1.41
2018-02-22,312.17,-2.3,-0.73,11.43,1.1,1.42
2018-02-23,316.81,4.64,1.49,11.6,1.12,1.4
2018-02-26,317.34,0.53,0.17,11.62,1.12,1.39
2018-02-27,316.83,-0.51,-0.16,11.6,1.12,1.4
2018-02-28,312.86,-3.97,-1.25,11.46,1.1,1.41
2018-03-02,308.35,-4.51,-1.44,11.3,1.09,1.43
2018-03-05,304.58,-3.77,-1.22,11.16,1.07,1.45
2018-03-06,310.46,5.88,1.93,11.37,1.09,1.42
2018-03-07,311.14,0.68,0.22,11.41,1.1,1.42
2018-03-08,314.78,3.64,1.17,11.54,1.11,1.4
2018-03-09,317.67,2.89,0.92,12.06,1.16,1.34
2018-03-12,320.7,3.03,0.95,12.17,1.17,1.33
2018-03-13,322.98,2.28,0.71,12.26,1.18,1.32
2018-03-14,321.99,-0.99,-0.31,12.22,1.18,1.32
2018-03-15,322.74,0.75,0.23,12.25,1.18,1.32
2018-03-16,322.88,0.14,0.04,12.26,1.18,1.32
2018-03-19,320.35,-2.53,-0.78,12.16,1.17,1.33
2018-03-20,321.79,1.44,0.45,12.22,1.18,1.32
2018-03-21,321.6,-0.19,-0.06,12.21,1.18,1.32
2018-03-22,323.32,1.72,0.53,12.28,1.18,1.31
2018-03-23,312.42,-10.9,-3.37,11.86,1.14,1.36
2018-03-26,314.89,2.47,0.79,11.96,1.15,1.35
2018-03-27,316.34,1.45,0.46,12.02,1.16,1.34
2018-03-28,311.81,-4.53,-1.43,11.85,1.14,1.36
2018-03-29,313.82,2.01,0.64,11.92,1.15,1.35
2018-03-30,314.61,0.79,0.25,11.95,1.15,1.35
2018-04-02,314.0,-0.61,-0.19,11.93,1.15,1.35
2018-04-03,313.38,-0.62,-0.2,11.9,1.15,1.36
2018-04-04,308.54,-4.84,-1.54,11.72,1.13,1.38
2018-04-05,313.04,4.5,1.46,11.89,1.15,1.36
2018-04-06,311.61,-1.43,-0.46,11.84,1.14,1.36
2018-04-09,313.45,1.84,0.59,11.91,1.15,1.36
2018-04-10,313.94,0.49,0.16,11.93,1.15,1.35
2018-04-11,312.94,-1.0,-0.32,11.89,1.15,1.36
2018-04-12,313.22,0.28,0.09,11.9,1.15,1.36
2018-04-13,314.86,1.64,0.52,11.95,1.15,1.35
2018-04-16,315.17,0.31,0.1,11.96,1.15,1.35
2018-04-17,314.64,-0.53,-0.17,11.94,1.15,1.35
2018-04-18,318.64,4.0,1.27,12.09,1.17,1.33
2018-04-19,320.12,1.48,0.46,12.15,1.17,1.33
2018-04-20,317.89,-2.23,-0.7,12.06,1.16,1.34
2018-04-23,317.89,0.0,0.0,12.06,1.16,1.34
2018-04-24,315.86,-2.03,-0.64,11.99,1.16,1.35
2018-04-25,313.99,-1.87,-0.59,11.91,1.15,1.35
2018-04-26,318.08,4.09,1.3,12.07,1.16,1.34
2018-04-27,320.8,2.72,0.86,12.18,1.17,1.32
2018-04-30,323.56,2.76,0.86,12.28,1.18,1.31
2018-05-02,322.53,-1.03,-0.32,11.18,1.17,1.6
2018-05-03,320.55,-1.98,-0.61,11.12,1.17,1.61
2018-05-04,316.75,-3.8,-1.19,10.98,1.15,1.63
2018-05-08,315.87,-0.88,-0.28,10.95,1.15,1.63
2018-05-09,314.42,-1.45,-0.46,10.9,1.15,1.64
2018-05-10,317.31,2.89,0.92,11.0,1.16,1.63
2018-05-11,318.51,1.2,0.38,11.05,1.16,1.62
2018-05-14,317.72,-0.79,-0.25,11.02,1.16,1.62
2018-05-15,314.94,-2.78,-0.87,10.92,1.15,1.64
2018-05-16,315.97,1.03,0.33,10.96,1.15,1.63
2018-05-17,314.29,-1.68,-0.53,10.9,1.14,1.64
2018-05-18,315.37,1.08,0.34,10.94,1.15,1.64
2018-05-21,316.25,0.88,0.28,10.97,1.15,1.63
2018-05-23,318.31,2.06,0.65,11.04,1.16,1.62
2018-05-24,317.48,-0.83,-0.26,11.01,1.16,1.62
2018-05-25,318.05,0.57,0.18,11.03,1.16,1.62
2018-05-28,318.99,0.94,0.3,11.06,1.16,1.62
2018-05-29,316.2,-2.79,-0.87,10.97,1.15,1.63
2018-05-30,309.26,-6.94,-2.19,10.73,1.13,1.67
2018-05-31,310.92,1.66,0.54,10.78,1.13,1.66
2018-06-01,313.22,2.3,0.74,10.86,1.14,1.65
2018-06-04,314.84,1.62,0.52,10.92,1.15,1.64
2018-06-05,315.76,0.92,0.29,10.77,1.13,1.63
2018-06-07,317.67,1.91,0.6,10.83,1.14,1.62
2018-06-08,314.97,-2.7,-0.85,10.74,1.13,1.64
2018-06-11,317.22,2.25,0.71,10.82,1.14,1.63
2018-06-12,316.84,-0.38,-0.12,10.79,1.14,1.63
2018-06-14,311.2,-5.64,-1.78,10.57,1.11,1.66
2018-06-15,308.73,-2.47,-0.79,10.58,1.1,1.68
2018-06-18,305.35,-3.38,-1.09,10.46,1.09,1.69
2018-06-19,301.35,-4.0,-1.31,10.33,1.08,1.72
2018-06-20,304.02,2.67,0.89,10.42,1.09,1.7
2018-06-21,301.02,-3.0,-0.99,10.32,1.08,1.72
2018-06-22,303.69,2.67,0.89,10.41,1.09,1.7
2018-06-25,303.37,-0.32,-0.11,10.4,1.09,1.7
2018-06-26,302.76,-0.61,-0.2,10.38,1.08,1.71
2018-06-27,302.25,-0.51,-0.17,10.36,1.08,1.71
2018-06-28,298.26,-3.99,-1.32,10.23,1.07,1.73
2018-06-29,299.66,1.4,0.47,10.27,1.07,1.73
2018-07-02,292.93,-6.73,-2.25,10.04,1.05,1.77
2018-07-03,293.35,0.42,0.14,10.06,1.05,1.76
2018-07-04,292.26,-1.09,-0.37,10.02,1.05,1.77
2018-07-05,291.63,-0.63,-0.22,10.0,1.04,1.77
2018-07-06,293.11,1.48,0.51,10.05,1.05,1.76
2018-07-09,295.2,2.09,0.71,10.12,1.06,1.75
2018-07-10,296.19,0.99,0.34,10.15,1.06,1.75
2018-07-11,294.43,-1.76,-0.59,10.09,1.05,1.76
2018-07-12,294.41,-0.02,-0.01,10.09,1.05,1.76
2018-07-13,298.65,4.24,1.44,10.24,1.07,1.73
2018-07-16,297.37,-1.28,-0.43,10.17,1.06,1.74
2018-07-17,296.88,-0.49,-0.16,10.15,1.06,1.75
2018-07-18,296.47,-0.41,-0.14,10.14,1.06,1.75
2018-07-19,295.9,-0.57,-0.19,10.12,1.06,1.75
2018-07-20,296.95,1.05,0.35,10.15,1.06,1.75
2018-07-23,294.56,-2.39,-0.8,10.07,1.05,1.76
2018-07-24,295.49,0.93,0.32,10.1,1.06,1.75
2018-07-25,294.85,-0.64,-0.22,10.08,1.05,1.76
2018-07-26,296.95,2.1,0.71,10.15,1.06,1.75
2018-07-27,297.78,0.83,0.28,10.18,1.06,1.74
2018-07-30,297.29,-0.49,-0.16,10.16,1.06,1.74
2018-07-31,297.45,0.16,0.05,10.17,1.06,1.74
2018-08-01,298.69,1.24,0.42,10.21,1.07,1.74
2018-08-02,293.55,-5.14,-1.72,10.04,1.05,1.77
2018-08-03,295.61,2.06,0.7,10.11,1.06,1.75
2018-08-06,295.24,-0.37,-0.13,10.09,1.05,1.76
2018-08-07,297.18,1.94,0.66,10.15,1.06,1.75
2018-08-08,297.19,0.01,0.0,10.15,1.06,1.75
2018-08-09,297.41,0.22,0.07,10.16,1.06,1.74
2018-08-10,293.64,-3.77,-1.27,10.03,1.05,1.77
2018-08-13,289.85,-3.79,-1.29,9.9,1.03,1.79
2018-08-14,291.08,1.23,0.42,9.94,1.04,1.78
2018-08-16,288.24,-2.84,-0.98,9.85,1.03,1.8
2018-08-17,288.57,0.33,0.11,9.86,1.03,1.8
2018-08-20,288.61,0.04,0.01,9.86,1.03,1.8
2018-08-21,291.93,3.32,1.15,9.97,1.04,1.78
2018-08-22,293.0,1.07,0.37,10.01,1.05,1.77
2018-08-23,294.29,1.29,0.44,10.05,1.05,1.76
2018-08-24,295.54,1.25,0.42,10.1,1.05,1.76
2018-08-27,296.83,1.29,0.44,10.14,1.06,1.75
2018-08-28,297.22,0.39,0.13,10.15,1.06,1.75
2018-08-29,298.05,0.83,0.28,10.18,1.06,1.74
2018-08-30,298.05,0.0,0.0,10.18,1.06,1.74
2018-08-31,300.07,2.02,0.68,10.25,1.07,1.73
2018-09-03,297.49,-2.58,-0.86,10.16,1.06,1.74
2018-09-04,298.8,1.31,0.44,10.21,1.07,1.74
2018-09-05,294.96,-3.84,-1.29,10.08,1.05,1.76
2018-09-06,294.28,-0.68,-0.23,10.05,1.05,1.76
2018-09-07,292.86,-1.42,-0.48,10.0,1.05,1.77
2018-09-10,293.7,0.84,0.29,9.95,1.02,1.76
2018-09-11,292.46,-1.24,-0.42,9.91,1.02,1.77
2018-09-12,292.35,-0.11,-0.04,9.9,1.02,1.77
2018-09-13,292.42,0.07,0.02,9.91,1.02,1.77
2018-09-14,297.29,4.87,1.67,10.07,1.03,1.74
2018-09-17,295.23,-2.06,-0.69,10.0,1.03,1.75
2018-09-18,296.1,0.87,0.29,10.04,1.03,1.75
2018-09-19,296.64,0.54,0.18,10.06,1.03,1.74
2018-09-20,299.04,2.4,0.81,10.14,1.04,1.73
2018-09-21,300.81,1.77,0.59,10.2,1.05,1.72
2018-09-27,302.59,1.78,0.59,10.26,1.05,1.71
2018-09-28,300.51,-2.08,-0.69,10.19,1.05,1.72
2018-10-01,300.17,-0.34,-0.11,10.18,1.04,1.72
2018-10-02,296.53,-3.64,-1.21,10.05,1.03,1.74
2018-10-04,291.78,-4.75,-1.6,9.89,1.02,1.77
2018-10-05,291.28,-0.5,-0.17,9.87,1.01,1.78
2018-10-08,289.91,-1.37,-0.47,9.83,1.01,1.78
2018-10-10,287.85,-2.06,-0.71,9.76,1.0,1.8
2018-10-11,275.15,-12.7,-4.41,9.33,0.96,1.88
2018-10-12,279.37,4.22,1.53,9.47,0.97,1.85
2018-10-15,277.19,-2.18,-0.78,9.4,0.97,1.87
2018-10-16,276.9,-0.29,-0.1,9.39,0.96,1.87
2018-10-17,280.05,3.15,1.14,9.5,0.98,1.85
2018-10-18,277.48,-2.57,-0.92,9.41,0.97,1.86
2018-10-19,278.63,1.15,0.41,9.45,0.97,1.86
2018-10-22,279.4,0.77,0.28,9.48,0.97,1.85
2018-10-23,272.54,-6.86,-2.46,9.24,0.95,1.9
2018-10-24,271.36,-1.18,-0.43,9.2,0.95,1.91
2018-10-25,266.72,-4.64,-1.71,9.05,0.93,1.94
2018-10-26,262.69,-4.03,-1.51,8.91,0.91,1.97
2018-10-29,260.19,-2.5,-0.95,8.82,0.91,1.99
2018-10-30,262.47,2.28,0.88,8.9,0.91,1.97
2018-10-31,264.01,1.54,0.59,8.95,0.92,1.96
2018-11-01,262.95,-1.06,-0.4,8.92,0.92,1.97
2018-11-02,272.56,9.61,3.65,9.24,0.95,1.9
2018-11-05,270.07,-2.49,-0.91,9.16,0.94,1.91
2018-11-06,271.57,1.5,0.56,9.21,0.95,1.9
2018-11-07,270.45,-1.12,-0.41,9.17,0.94,1.91
2018-11-08,272.11,1.66,0.61,9.23,0.95,1.9
2018-11-09,271.33,-0.78,-0.29,9.2,0.95,1.91
2018-11-12,271.57,0.24,0.09,9.21,0.95,1.9
2018-11-13,269.7,-1.87,-0.69,9.15,0.94,1.92
2018-11-14,268.88,-0.82,-0.3,9.12,0.94,1.92
2018-11-15,271.54,2.66,0.99,9.21,0.95,1.9
2018-11-16,271.65,0.11,0.04,9.21,0.95,1.9
2018-11-19,272.31,0.66,0.24,9.24,0.95,1.9
2018-11-20,269.58,-2.73,-1.0,9.14,0.94,1.92
2018-11-21,268.27,-1.31,-0.49,9.1,0.93,1.93
2018-11-22,267.76,-0.51,-0.19,9.08,0.93,1.93
2018-11-23,266.33,-1.43,-0.53,9.03,0.93,1.94
2018-11-26,269.79,3.46,1.3,9.15,0.94,1.92
2018-11-27,272.08,2.29,0.85,9.23,0.95,1.9
2018-11-28,273.45,1.37,0.5,9.27,0.95,1.89
2018-11-29,274.16,0.71,0.26,9.3,0.95,1.89
2018-11-30,271.35,-2.81,-1.02,9.2,0.95,1.91
2018-12-03,276.18,4.83,1.78,9.37,0.96,1.87
2018-12-04,273.29,-2.89,-1.05,9.27,0.95,1.89
2018-12-05,271.49,-1.8,-0.66,9.21,0.95,1.9
2018-12-06,267.18,-4.31,-1.59,9.06,0.93,1.93
2018-12-07,268.28,1.1,0.41,8.94,0.91,1.93
2018-12-10,265.35,-2.93,-1.09,8.84,0.9,1.95
2018-12-11,264.69,-0.66,-0.25,8.82,0.9,1.95
2018-12-12,268.47,3.78,1.43,8.71,0.9,1.96
2018-12-13,269.41,0.94,0.35,8.74,0.9,1.96
2018-12-14,265.55,-3.86,-1.43,8.65,0.89,1.98
2018-12-17,266.33,0.78,0.29,8.68,0.89,1.97
2018-12-18,265.18,-1.15,-0.43,8.64,0.89,1.98
2018-12-19,267.31,2.13,0.8,8.71,0.9,1.97
2018-12-20,264.81,-2.5,-0.94,8.63,0.89,1.99
2018-12-21,265.06,0.25,0.09,8.64,0.89,1.98
2018-12-24,264.45,-0.61,-0.23,8.62,0.89,1.99
2018-12-26,260.98,-3.47,-1.31,8.5,0.87,2.01
2018-12-27,260.57,-0.41,-0.16,8.49,0.87,2.02
2018-12-28,261.98,1.41,0.54,8.53,0.88,2.01
2019-01-02,258.23,-3.75,-1.43,8.41,0.86,2.04
2019-01-03,255.77,-2.46,-0.95,8.33,0.86,2.06
2019-01-04,257.89,2.12,0.83,8.4,0.86,2.04
2019-01-07,261.57,3.68,1.43,8.52,0.88,2.01
2019-01-08,259.65,-1.92,-0.73,8.46,0.87,2.03
2019-01-09,265.6,5.95,2.29,8.65,0.89,1.98
2019-01-10,265.55,-0.05,-0.02,8.65,0.89,1.98
2019-01-11,267.13,1.58,0.59,8.7,0.89,1.97
2019-01-14,264.99,-2.14,-0.8,8.63,0.89,1.98
2019-01-15,269.93,4.94,1.86,8.79,0.9,1.95
2019-01-16,271.23,1.3,0.48,8.84,0.91,1.94
2019-01-17,271.88,0.65,0.24,8.86,0.91,1.93
2019-01-18,273.88,2.0,0.74,8.92,0.92,1.92
2019-01-21,274.0,0.12,0.04,8.93,0.92,1.92
2019-01-22,272.71,-1.29,-0.47,8.88,0.91,1.93
2019-01-23,273.87,1.16,0.43,8.92,0.92,1.92
2019-01-24,276.61,2.74,1.0,9.01,0.93,1.9
2019-01-25,281.67,5.06,1.83,9.18,0.94,1.87
2019-01-28,281.64,-0.03,-0.01,9.17,0.94,1.87
2019-01-29,283.0,1.36,0.48,9.22,0.95,1.86
2019-01-30,286.62,3.62,1.28,9.34,0.96,1.84
2019-01-31,285.89,-0.73,-0.25,9.31,0.96,1.84
2019-02-01,285.79,-0.1,-0.03,9.31,0.96,1.84
2019-02-07,285.65,-0.14,-0.05,9.3,0.96,1.84
2019-02-08,281.49,-4.16,-1.46,9.17,0.94,1.87
2019-02-11,282.1,0.61,0.22,9.19,0.94,1.86
2019-02-12,283.69,1.59,0.56,9.24,0.95,1.85
2019-02-13,284.97,1.28,0.45,9.35,0.96,1.83
2019-02-14,288.68,3.71,1.3,9.46,0.98,1.8
2019-02-15,283.98,-4.7,-1.63,9.31,0.96,1.83
2019-02-18,285.9,1.92,0.68,9.37,0.97,1.82
2019-02-19,284.91,-0.99,-0.35,9.34,0.96,1.83
2019-02-20,288.4,3.49,1.22,9.46,0.98,1.8
2019-02-21,288.41,0.01,0.0,9.46,0.98,1.8
2019-02-22,288.74,0.33,0.11,9.47,0.98,1.8
2019-02-25,289.0,0.26,0.09,9.48,0.98,1.8
2019-02-26,287.89,-1.11,-0.38,9.45,0.97,1.81
2019-02-27,288.76,0.87,0.3,9.47,0.98,1.8
2019-02-28,283.8,-4.96,-1.72,9.31,0.96,1.83
2019-03-04,282.51,-1.29,-0.45,9.27,0.96,1.84
2019-03-05,280.45,-2.06,-0.73,9.2,0.95,1.85
2019-03-06,279.85,-0.6,-0.21,9.18,0.95,1.86
2019-03-07,278.87,-0.98,-0.35,9.15,0.94,1.86
2019-03-08,274.84,-4.03,-1.45,9.02,0.93,1.89
2019-03-11,275.06,0.22,0.08,9.02,0.93,1.89
2019-03-12,277.73,2.67,0.97,9.11,0.94,1.87
2019-03-13,276.0,-1.73,-0.62,9.05,0.93,1.88
2019-03-14,276.64,0.64,0.23,9.08,0.94,1.88
2019-03-15,279.87,3.23,1.17,9.18,0.95,1.86
2019-03-18,279.93,0.06,0.02,9.18,0.95,1.86
2019-03-19,279.82,-0.11,-0.04,9.18,0.95,1.86
2019-03-20,279.92,0.1,0.04,9.18,0.95,1.86
2019-03-21,282.38,2.46,0.88,9.26,0.96,1.84
2019-03-22,283.13,0.75,0.27,9.28,0.96,1.84
2019-03-25,277.45,-5.68,-2.01,9.09,0.94,1.87
2019-03-26,277.6,0.15,0.05,9.1,0.94,1.87
2019-03-27,277.28,-0.32,-0.12,9.09,0.94,1.87
2019-03-28,275.08,-2.2,-0.79,9.02,0.93,1.89
2019-03-29,276.48,1.4,0.51,9.06,0.94,1.88
2019-04-01,280.32,3.84,1.39,9.19,0.95,1.85
2019-04-02,281.72,1.4,0.5,9.23,0.95,1.85
2019-04-03,285.65,3.93,1.4,9.36,0.97,1.82
2019-04-04,286.15,0.5,0.18,9.38,0.97,1.82
2019-04-05,286.68,0.53,0.19,9.4,0.97,1.81
2019-04-08,286.38,-0.3,-0.1,9.39,0.97,1.81
2019-04-09,286.71,0.33,0.12,9.4,0.97,1.81
2019-04-10,287.92,1.21,0.42,9.44,0.97,1.81
2019-04-11,287.42,-0.5,-0.17,9.42,0.97,1.81
2019-04-12,288.37,0.95,0.33,9.45,0.98,1.8
2019-04-15,289.38,1.01,0.35,9.49,0.98,1.8
2019-04-16,290.62,1.24,0.43,9.53,0.98,1.79
2019-04-17,290.33,-0.29,-0.1,9.52,0.98,1.79
2019-04-18,285.82,-4.51,-1.55,9.37,0.97,1.82
2019-04-19,285.89,0.07,0.02,9.37,0.97,1.82
2019-04-22,285.87,-0.02,-0.01,9.37,0.97,1.82
2019-04-23,286.47,0.6,0.21,9.39,0.97,1.81
2019-04-24,283.7,-2.77,-0.97,9.3,0.96,1.83
2019-04-25,282.83,-0.87,-0.31,9.27,0.96,1.84
2019-04-26,281.34,-1.49,-0.53,9.22,0.95,1.85
2019-04-29,286.79,5.45,1.94,9.4,0.97,1.81
2019-04-30,284.92,-1.87,-0.65,9.34,0.96,1.82
2019-05-02,286.12,1.2,0.42,10.02,0.96,2.21
2019-05-03,283.67,-2.45,-0.86,9.94,0.95,2.23
2019-05-07,281.31,-2.36,-0.83,9.86,0.95,2.25
2019-05-08,280.15,-1.16,-0.41,9.81,0.94,2.25
2019-05-09,271.0,-9.15,-3.27,9.49,0.91,2.33
2019-05-10,272.06,1.06,0.39,9.53,0.91,2.32
2019-05-13,268.72,-3.34,-1.23,9.41,0.9,2.35
2019-05-14,268.57,-0.15,-0.06,9.41,0.9,2.35
2019-05-15,269.64,1.07,0.4,9.44,0.91,2.34
2019-05-16,265.99,-3.65,-1.35,9.31,0.89,2.38
2019-05-17,264.35,-1.64,-0.62,9.26,0.89,2.39
2019-05-20,264.96,0.61,0.23,9.28,0.89,2.39
2019-05-21,266.12,1.16,0.44,9.32,0.89,2.38
2019-05-22,266.65,0.53,0.2,9.33,0.9,2.37
2019-05-23,266.38,-0.27,-0.1,9.33,0.89,2.37
2019-05-24,264.42,-1.96,-0.74,9.25,0.89,2.39
2019-05-27,264.4,-0.02,-0.01,9.25,0.89,2.39
2019-05-28,264.7,0.3,0.11,9.26,0.89,2.39
2019-05-29,261.37,-3.33,-1.26,9.15,0.88,2.42
2019-05-30,263.93,2.56,0.98,9.24,0.89,2.4
2019-05-31,263.89,-0.04,-0.02,9.24,0.89,2.4
2019-06-03,268.16,4.27,1.62,10.55,0.88,2.34
2019-06-04,267.66,-0.5,-0.19,10.53,0.88,2.34
2019-06-05,267.99,0.33,0.12,10.54,0.88,2.34
2019-06-07,268.27,0.28,0.1,10.55,0.88,2.33
2019-06-10,272.1,3.83,1.43,10.7,0.9,2.3
2019-06-11,273.21,1.11,0.41,10.75,0.9,2.29
2019-06-12,272.74,-0.47,-0.17,10.73,0.9,2.3
2019-06-13,271.13,-1.61,-0.59,10.67,0.89,2.31
2019-06-14,270.48,-0.65,-0.24,10.77,0.9,2.3
2019-06-17,270.09,-0.39,-0.14,10.75,0.89,2.31
2019-06-18,271.36,1.27,0.47,10.8,0.9,2.29
2019-06-19,275.31,3.95,1.46,10.96,0.91,2.26
2019-06-20,276.01,0.7,0.25,10.99,0.91,2.26
2019-06-21,275.48,-0.53,-0.19,10.97,0.91,2.26
2019-06-24,275.58,0.1,0.04,10.97,0.91,2.26
2019-06-25,275.28,-0.3,-0.11,10.96,0.91,2.26
2019-06-26,275.53,0.25,0.09,10.97,0.91,2.26
2019-06-27,277.75,2.22,0.81,11.06,0.92,2.24
2019-06-28,277.5,-0.25,-0.09,11.05,0.92,2.24
2019-07-01,277.27,-0.23,-0.08,11.04,0.92,2.25
2019-07-02,275.97,-1.3,-0.47,10.99,0.91,2.26
2019-07-03,272.37,-3.6,-1.3,10.84,0.9,2.29
2019-07-04,274.54,2.17,0.8,10.93,0.91,2.27
2019-07-05,274.35,-0.19,-0.07,10.92,0.91,2.27
2019-07-08,268.55,-5.8,-2.11,10.69,0.89,2.32
2019-07-09,267.72,-0.83,-0.31,10.66,0.89,2.33
2019-07-10,268.75,1.03,0.38,10.7,0.89,2.32
2019-07-11,271.78,3.03,1.13,10.82,0.9,2.29
2019-07-12,272.68,0.9,0.33,10.86,0.9,2.28
2019-07-15,272.64,-0.04,-0.01,10.86,0.9,2.28
2019-07-16,274.05,1.41,0.52,10.91,0.91,2.27
2019-07-17,271.48,-2.57,-0.94,10.81,0.9,2.29
2019-07-18,270.67,-0.81,-0.3,10.78,0.9,2.3
2019-07-19,274.55,3.88,1.43,10.93,0.91,2.27
2019-07-22,274.55,0.0,0.0,10.93,0.91,2.27
2019-07-23,275.92,1.37,0.5,10.99,0.91,2.26
2019-07-24,273.22,-2.7,-0.98,10.88,0.9,2.28
2019-07-25,273.04,-0.18,-0.07,10.87,0.9,2.28
2019-07-26,272.25,-0.79,-0.29,10.84,0.9,2.29
2019-07-29,267.75,-4.5,-1.65,10.66,0.89,2.33
2019-07-30,268.95,1.2,0.45,10.71,0.89,2.31
2019-07-31,266.34,-2.61,-0.97,10.61,0.88,2.34
2019-08-01,265.73,-0.61,-0.23,10.58,0.88,2.34
2019-08-02,262.99,-2.74,-1.03,10.47,0.87,2.37
2019-08-05,257.19,-5.8,-2.21,10.24,0.85,2.42
2019-08-06,253.41,-3.78,-1.47,10.09,0.84,2.46
2019-08-07,252.0,-1.41,-0.56,10.03,0.83,2.47
2019-08-08,252.4,0.4,0.16,10.05,0.84,2.47
2019-08-09,254.85,2.45,0.97,10.15,0.84,2.44
2019-08-12,255.35,0.5,0.2,10.17,0.85,2.44
2019-08-13,252.83,-2.52,-0.99,10.07,0.84,2.46
2019-08-14,254.86,2.03,0.8,10.15,0.84,2.44
2019-08-16,253.9,-0.96,-0.38,10.11,0.84,2.45
2019-08-19,255.11,1.21,0.48,10.16,0.84,2.44
2019-08-20,258.05,2.94,1.15,10.28,0.85,2.41
2019-08-21,258.38,0.33,0.13,10.29,0.86,2.41
2019-08-22,256.28,-2.1,-0.81,10.2,0.85,2.43
2019-08-23,256.11,-0.17,-0.07,10.2,0.85,2.43
2019-08-26,252.19,-3.92,-1.53,10.04,0.83,2.47
2019-08-27,253.5,1.31,0.52,10.09,0.84,2.46
2019-08-28,255.53,2.03,0.8,10.18,0.85,2.44
2019-08-29,254.31,-1.22,-0.48,10.13,0.84,2.45
2019-08-30,259.0,4.69,1.84,10.31,0.86,2.4
2019-09-02,259.08,0.08,0.03,10.32,0.86,2.4
2019-09-03,258.25,-0.83,-0.32,10.28,0.85,2.41
2019-09-04,261.69,3.44,1.33,12.22,0.85,2.38
2019-09-05,264.44,2.75,1.05,12.35,0.86,2.35
2019-09-06,265.53,1.09,0.41,12.4,0.86,2.34
2019-09-09,267.4,1.87,0.7,12.48,0.87,2.33
2019-09-10,268.76,1.36,0.51,12.55,0.87,2.32
2019-09-11,270.84,2.08,0.77,12.64,0.88,2.3
2019-09-16,272.02,1.18,0.44,12.7,0.88,2.29
2019-09-17,271.68,-0.34,-0.12,12.68,0.88,2.29
2019-09-18,273.06,1.38,0.51,12.75,0.88,2.28
2019-09-19,274.92,1.86,0.68,12.84,0.89,2.26
2019-09-20,276.44,1.52,0.55,12.91,0.9,2.25
2019-09-23,276.65,0.21,0.08,12.92,0.9,2.25
2019-09-24,277.97,1.32,0.48,12.98,0.9,2.24
2019-09-25,274.42,-3.55,-1.28,12.81,0.89,2.27
2019-09-26,274.89,0.47,0.17,12.84,0.89,2.26
2019-09-27,271.33,-3.56,-1.3,12.67,0.88,2.29
2019-09-30,273.55,2.22,0.82,12.78,0.89,2.27
2019-10-01,274.42,0.87,0.32,12.82,0.89,2.27
2019-10-02,268.55,-5.87,-2.14,12.54,0.87,2.32
2019-10-04,267.39,-1.16,-0.43,12.49,0.87,2.33
2019-10-07,267.67,0.28,0.1,12.5,0.87,2.32
2019-10-08,271.36,3.69,1.38,12.68,0.88,2.29
2019-10-10,268.8,-2.56,-0.94,12.56,0.87,2.31
2019-10-11,271.3,2.5,0.93,12.67,0.88,2.29
2019-10-14,274.23,2.93,1.08,12.81,0.89,2.27
2019-10-15,274.34,0.11,0.04,12.81,0.89,2.27
2019-10-16,276.32,1.98,0.72,12.91,0.9,2.25
2019-10-17,275.57,-0.75,-0.27,12.87,0.89,2.26
2019-10-18,272.81,-2.76,-1.0,12.74,0.88,2.28
2019-10-21,273.79,0.98,0.36,12.79,0.89,2.27
2019-10-22,277.41,3.62,1.32,12.96,0.9,2.24
2019-10-23,276.23,-1.18,-0.43,12.9,0.89,2.25
2019-10-24,276.7,0.47,0.17,12.92,0.9,2.25
2019-10-25,277.07,0.37,0.13,12.94,0.9,2.25
2019-10-28,277.78,0.71,0.26,12.97,0.9,2.24
2019-10-29,277.55,-0.23,-0.08,12.96,0.9,2.24
2019-10-30,275.51,-2.04,-0.74,12.87,0.89,2.26
2019-10-31,275.82,0.31,0.11,12.88,0.89,2.26
2019-11-01,278.43,2.61,0.95,13.0,0.9,2.24
2019-11-04,282.54,4.11,1.48,13.19,0.92,2.2
2019-11-05,284.38,1.84,0.65,13.28,0.92,2.19
2019-11-06,284.52,0.14,0.05,13.29,0.92,2.19
2019-11-07,284.37,-0.15,-0.05,13.28,0.92,2.19
2019-11-08,283.13,-1.24,-0.44,13.22,0.92,2.2
2019-11-11,280.85,-2.28,-0.81,13.12,0.91,2.22
2019-11-12,283.65,2.8,1.0,13.25,0.92,2.19
2019-11-13,281.28,-2.37,-0.84,13.14,0.91,2.21
2019-11-14,283.93,2.65,0.94,13.26,0.92,2.19
2019-11-15,287.29,3.36,1.18,13.42,0.93,2.17
2019-11-18,287.18,-0.11,-0.04,13.41,0.93,2.17
2019-11-19,286.23,-0.95,-0.33,13.37,0.93,2.17
2019-11-20,282.21,-4.02,-1.4,13.18,0.91,2.2
2019-11-21,278.28,-3.93,-1.39,13.0,0.9,2.24
2019-11-22,279.43,1.15,0.41,13.05,0.91,2.23
2019-11-25,282.19,2.76,0.99,13.18,0.91,2.2
2019-11-26,281.83,-0.36,-0.13,13.17,0.91,2.21
2019-11-27,282.85,1.02,0.36,13.21,0.92,2.2
2019-11-28,281.23,-1.62,-0.57,13.14,0.91,2.21
2019-11-29,276.78,-4.45,-1.58,12.93,0.9,2.25
2019-12-02,277.44,0.66,0.24,12.96,0.9,2.24
2019-12-03,276.19,-1.25,-0.45,15.65,0.88,2.25
2019-12-04,274.15,-2.04,-0.74,15.54,0.87,2.27
2019-12-05,273.3,-0.85,-0.31,15.49,0.87,2.28
2019-12-06,276.56,3.26,1.19,15.67,0.88,2.25
2019-12-09,278.03,1.47,0.53,15.76,0.89,2.24
2019-12-10,279.31,1.28,0.46,15.83,0.89,2.23
2019-12-11,280.28,0.97,0.35,15.88,0.89,2.22
2019-12-12,285.11,4.83,1.72,16.16,0.91,2.18
2019-12-13,290.11,5.0,1.75,16.44,0.92,2.15
2019-12-16,289.76,-0.35,-0.12,16.42,0.92,2.15
2019-12-17,294.4,4.64,1.6,16.68,0.94,2.11
2019-12-18,294.22,-0.18,-0.06,16.67,0.94,2.12
2019-12-19,294.31,0.09,0.03,16.68,0.94,2.11
2019-12-20,295.31,1.0,0.34,16.73,0.94,2.11
2019-12-23,294.87,-0.44,-0.15,16.71,0.94,2.11
2019-12-24,292.9,-1.97,-0.67,16.6,0.93,2.12
2019-12-26,294.06,1.16,0.4,16.66,0.94,2.12
2019-12-27,295.2,1.14,0.39,16.73,0.94,2.11
2019-12-30,293.77,-1.43,-0.48,16.64,0.93,2.12
2020-01-02,290.35,-3.42,-1.16,16.45,0.92,2.14
2020-01-03,290.74,0.39,0.13,16.47,0.93,2.14
2020-01-06,288.43,-2.31,-0.79,16.34,0.92,2.16
2020-01-07,291.23,2.8,0.97,16.5,0.93,2.14
2020-01-08,289.42,-1.81,-0.62,16.4,0.92,2.15
2020-01-09,294.41,4.99,1.72,16.68,0.94,2.11
2020-01-10,297.06,2.65,0.9,16.83,0.95,2.1
2020-01-13,300.13,3.07,1.03,17.01,0.96,2.07
2020-01-14,301.53,1.4,0.47,17.08,0.96,2.06
2020-01-15,299.74,-1.79,-0.59,16.98,0.95,2.08
2020-01-16,302.78,3.04,1.01,17.16,0.96,2.06
2020-01-17,303.3,0.52,0.17,17.18,0.97,2.05
2020-01-20,305.58,2.28,0.75,17.31,0.97,2.04
2020-01-21,302.11,-3.47,-1.14,17.12,0.96,2.06
2020-01-22,306.08,3.97,1.31,17.34,0.97,2.03
2020-01-23,302.33,-3.75,-1.23,17.13,0.96,2.06
2020-01-28,292.77,-9.56,-3.16,16.59,0.93,2.13
2020-01-29,293.98,1.21,0.41,16.66,0.94,2.12
2020-01-30,288.37,-5.61,-1.91,16.34,0.92,2.16
2020-01-31,284.53,-3.84,-1.33,16.13,0.91,2.19
2020-02-03,285.05,0.52,0.18,16.16,0.91,2.18
2020-02-04,290.68,5.63,1.98,16.48,0.93,2.14
2020-02-05,292.02,1.34,0.46,16.55,0.93,2.13
2020-02-06,300.65,8.63,2.96,17.04,0.96,2.07
2020-02-07,298.21,-2.44,-0.81,16.9,0.95,2.09
2020-02-10,296.24,-1.97,-0.66,16.79,0.94,2.1
2020-02-11,299.28,3.04,1.03,16.96,0.95,2.08
2020-02-12,301.54,2.26,0.76,17.09,0.96,2.06
2020-02-13,300.93,-0.61,-0.2,17.06,0.96,2.07
2020-02-14,303.01,2.08,0.69,17.18,0.96,2.05
2020-02-17,302.76,-0.25,-0.08,17.16,0.96,2.05
2020-02-18,297.74,-5.02,-1.66,16.88,0.95,2.09
2020-02-19,298.33,0.59,0.2,16.91,0.95,2.09
2020-02-20,296.65,-1.68,-0.56,16.82,0.94,2.1
2020-02-21,292.42,-4.23,-1.43,16.58,0.93,2.13
2020-02-24,281.02,-11.4,-3.9,15.93,0.89,2.21
2020-02-25,284.24,3.22,1.15,16.11,0.91,2.19
2020-02-26,279.94,-4.3,-1.51,15.87,0.89,2.22
2020-02-27,277.09,-2.85,-1.02,15.71,0.88,2.24
2020-02-28,268.02,-9.07,-3.27,15.2,0.85,2.32
2020-03-02,270.37,2.35,0.88,15.33,0.86,2.3
2020-03-03,271.56,1.19,0.44,15.4,0.86,2.29
2020-03-04,278.13,6.57,2.42,15.77,0.89,2.24
2020-03-05,281.38,3.25,1.17,15.95,0.9,2.21
2020-03-06,275.1,-6.28,-2.23,15.6,0.88,2.26
2020-03-09,263.11,-11.99,-4.36,14.92,0.84,2.36
2020-03-10,264.67,1.56,0.59,15.0,0.84,2.35
2020-03-11,257.01,-7.66,-2.89,14.57,0.82,2.42
2020-03-12,247.62,-9.39,-3.65,14.04,0.79,2.51
2020-03-13,240.65,-6.97,-2.81,13.64,0.77,2.58
2020-03-16,232.97,-7.68,-3.19,13.21,0.74,2.67
2020-03-17,226.89,-6.08,-2.61,12.86,0.72,2.74
2020-03-18,215.83,-11.06,-4.87,12.23,0.69,2.88
2020-03-19,199.28,-16.55,-7.67,11.3,0.63,3.12
2020-03-20,213.67,14.39,7.22,12.11,0.68,2.91
2020-03-23,201.87,-11.8,-5.52,11.44,0.64,3.08
2020-03-24,220.34,18.47,9.15,12.49,0.7,2.82
2020-03-25,232.89,12.55,5.7,13.2,0.74,2.67
2020-03-26,229.34,-3.55,-1.52,13.0,0.73,2.71
2020-03-27,233.79,4.45,1.94,13.25,0.74,2.66
2020-03-30,232.45,-1.34,-0.57,13.18,0.74,2.68
2020-03-31,236.82,4.37,1.88,13.43,0.75,2.63
2020-04-01,226.35,-10.47,-4.42,12.83,0.72,2.75
2020-04-02,231.84,5.49,2.43,13.14,0.74,2.68
2020-04-03,231.7,-0.14,-0.06,13.13,0.74,2.68
2020-04-06,240.81,9.11,3.93,13.65,0.77,2.58
2020-04-07,244.87,4.06,1.69,13.88,0.78,2.54
2020-04-08,241.89,-2.98,-1.22,13.71,0.77,2.57
2020-04-09,245.61,3.72,1.54,13.92,0.78,2.53
2020-04-10,248.0,2.39,0.97,14.06,0.79,2.51
2020-04-13,243.4,-4.6,-1.85,13.8,0.77,2.56
2020-04-14,247.45,4.05,1.66,14.03,0.79,2.51
2020-04-16,247.1,-0.35,-0.14,14.01,0.79,2.52
2020-04-17,255.02,7.92,3.21,14.46,0.81,2.44
2020-04-20,252.14,-2.88,-1.13,14.29,0.8,2.47
2020-04-21,249.4,-2.74,-1.09,14.14,0.79,2.49
2020-04-22,251.88,2.48,0.99,14.28,0.8,2.47
2020-04-23,253.74,1.86,0.74,14.38,0.81,2.45
2020-04-24,250.28,-3.46,-1.36,14.19,0.8,2.49
2020-04-27,254.84,4.56,1.82,14.45,0.81,2.44
2020-04-28,256.39,1.55,0.61,14.53,0.82,2.43
2020-04-29,258.15,1.76,0.69,14.63,0.82,2.41
2020-05-04,250.6,-7.55,-2.92,16.35,0.8,2.45
2020-05-06,255.0,4.4,1.76,16.63,0.82,2.41
2020-05-07,254.46,-0.54,-0.21,16.6,0.82,2.42
2020-05-08,256.62,2.16,0.85,16.74,0.82,2.4
2020-05-11,254.95,-1.67,-0.65,16.63,0.82,2.41
2020-05-12,253.37,-1.58,-0.62,16.53,0.81,2.43
2020-05-13,255.85,2.48,0.98,16.69,0.82,2.4
2020-05-14,253.65,-2.2,-0.86,16.55,0.81,2.42
2020-05-15,253.79,0.14,0.06,16.55,0.81,2.42
2020-05-18,255.44,1.65,0.65,16.66,0.82,2.41
2020-05-19,261.79,6.35,2.49,17.08,0.84,2.35
2020-05-20,262.72,0.93,0.36,17.14,0.84,2.34
2020-05-21,263.74,1.02,0.39,17.21,0.85,2.33
2020-05-22,259.62,-4.12,-1.56,16.93,0.83,2.37
2020-05-25,262.76,3.14,1.21,17.13,0.84,2.34
2020-05-26,267.31,4.55,1.73,17.43,0.86,2.3
2020-05-27,267.64,0.33,0.12,17.45,0.86,2.3
2020-05-28,268.29,0.65,0.24,17.49,0.86,2.29
2020-05-29,268.32,0.03,0.01,17.5,0.86,2.29
2020-06-01,273.19,4.87,1.81,17.82,0.88,2.25
2020-06-02,276.08,2.89,1.06,18.0,0.88,2.23
2020-06-03,285.91,9.83,3.56,21.02,0.92,2.15
2020-06-04,286.45,0.54,0.19,21.06,0.92,2.15
2020-06-05,290.62,4.17,1.46,21.39,0.93,2.11
2020-06-08,290.77,0.15,0.05,21.4,0.93,2.11
2020-06-09,291.32,0.55,0.19,21.44,0.93,2.11
2020-06-10,291.9,0.58,0.2,21.48,0.94,2.11
2020-06-11,288.62,-3.28,-1.12,21.24,0.93,2.13
2020-06-12,281.78,-6.84,-2.37,21.62,0.91,2.16
2020-06-15,267.95,-13.83,-4.91,20.56,0.87,2.27
2020-06-16,282.59,14.64,5.46,21.69,0.92,2.15
2020-06-17,283.02,0.43,0.15,21.72,0.92,2.15
2020-06-18,281.91,-1.11,-0.39,21.63,0.91,2.15
2020-06-19,283.37,1.46,0.52,21.75,0.92,2.14
2020-06-22,281.42,-1.95,-0.69,21.6,0.91,2.16
2020-06-23,281.94,0.52,0.18,21.64,0.91,2.15
2020-06-24,286.7,4.76,1.69,22.0,0.93,2.12
2020-06-25,279.73,-6.97,-2.43,21.47,0.91,2.17
2020-06-26,283.38,3.65,1.3,21.75,0.92,2.14
2020-06-29,278.04,-5.34,-1.88,21.34,0.9,2.18
2020-06-30,280.09,2.05,0.74,21.5,0.91,2.17
2020-07-01,280.26,0.17,0.06,21.51,0.91,2.17
2020-07-02,283.86,3.6,1.28,21.79,0.92,2.14
2020-07-03,285.89,2.03,0.72,21.94,0.93,2.12
2020-07-06,290.62,4.73,1.65,22.3,0.94,2.09
2020-07-07,286.77,-3.85,-1.32,22.01,0.93,2.12
2020-07-08,285.97,-0.8,-0.28,21.95,0.93,2.12
2020-07-09,287.25,1.28,0.45,22.04,0.93,2.11
2020-07-10,285.06,-2.19,-0.76,21.88,0.92,2.13
2020-07-13,289.84,4.78,1.68,22.25,0.94,2.1
2020-07-14,289.63,-0.21,-0.07,22.23,0.94,2.1
2020-07-15,292.27,2.64,0.91,22.43,0.95,2.08
2020-07-16,289.25,-3.02,-1.03,22.2,0.94,2.1
2020-07-17,291.57,2.32,0.8,22.38,0.95,2.08
2020-07-20,290.81,-0.76,-0.26,22.32,0.94,2.09
2020-07-21,295.16,4.35,1.5,22.65,0.96,2.06
2020-07-22,294.04,-1.12,-0.38,22.57,0.95,2.07
2020-07-23,292.37,-1.67,-0.57,22.44,0.95,2.08
2020-07-24,290.66,-1.71,-0.58,22.31,0.94,2.09
2020-07-27,293.51,2.85,0.98,22.53,0.95,2.07
2020-07-28,300.13,6.62,2.26,23.04,0.97,2.02
2020-07-29,301.25,1.12,0.37,23.12,0.98,2.02
2020-07-30,301.85,0.6,0.2,23.17,0.98,2.01
2020-07-31,299.32,-2.53,-0.84,22.97,0.97,2.03
2020-08-03,299.46,0.14,0.05,22.98,0.97,2.03
2020-08-04,303.04,3.58,1.2,23.26,0.98,2.0
2020-08-05,306.64,3.6,1.19,23.54,0.99,1.98
2020-08-06,311.32,4.68,1.53,23.89,1.01,1.95
2020-08-07,312.57,1.25,0.4,23.99,1.01,1.94
2020-08-10,316.77,4.2,1.34,24.31,1.03,1.92
2020-08-11,321.02,4.25,1.34,24.64,1.04,1.89
2020-08-12,322.68,1.66,0.52,24.77,1.05,1.88
2020-08-13,323.33,0.65,0.2,24.82,1.05,1.88
2020-08-14,319.24,-4.09,-1.26,24.51,1.04,1.9
2020-08-18,312.84,-6.4,-2.0,24.02,1.02,1.94
2020-08-19,313.54,0.7,0.22,24.08,1.02,1.94
2020-08-20,301.59,-11.95,-3.81,23.16,0.98,2.01
2020-08-21,306.16,4.57,1.52,23.51,0.99,1.98
2020-08-24,309.33,3.17,1.04,23.75,1.0,1.96
2020-08-25,313.59,4.26,1.38,24.08,1.02,1.94
2020-08-26,314.19,0.6,0.19,24.13,1.02,1.93
2020-08-27,311.38,-2.81,-0.89,23.91,1.01,1.95
2020-08-28,312.24,0.86,0.28,23.98,1.01,1.94
2020-08-31,307.14,-5.1,-1.63,23.59,1.0,1.98
2020-09-01,309.81,2.67,0.87,23.79,1.01,1.96
2020-09-02,311.5,1.69,0.55,23.92,1.01,1.95
2020-09-03,316.43,4.93,1.58,24.3,1.03,1.92
2020-09-04,312.03,-4.4,-1.39,23.96,1.01,1.95
2020-09-07,313.67,1.64,0.53,24.09,1.02,1.94
2020-09-08,317.38,3.71,1.18,24.37,1.03,1.91
2020-09-09,313.77,-3.61,-1.14,24.1,1.02,1.93
2020-09-10,316.53,2.76,0.88,25.04,1.01,1.92
2020-09-11,316.45,-0.08,-0.03,25.09,1.01,1.91
2020-09-14,320.98,4.53,1.43,25.45,1.02,1.89
2020-09-15,323.36,2.38,0.74,25.64,1.03,1.87
2020-09-16,322.31,-1.05,-0.32,25.56,1.03,1.88
2020-09-17,318.0,-4.31,-1.34,25.22,1.02,1.9
2020-09-18,318.39,0.39,0.12,25.25,1.02,1.9
2020-09-21,315.89,-2.5,-0.79,25.05,1.01,1.92
2020-09-22,308.82,-7.07,-2.24,24.49,0.99,1.96
2020-09-23,309.64,0.82,0.27,24.54,0.99,1.96
2020-09-24,302.48,-7.16,-2.31,23.97,0.96,2.0
2020-09-25,303.57,1.09,0.36,24.06,0.97,2.0
2020-09-28,307.03,3.46,1.14,24.33,0.98,1.97
2020-09-29,309.44,2.41,0.78,24.52,0.99,1.96
2020-10-05,313.51,4.07,1.32,24.84,1.0,1.93
2020-10-06,314.45,0.94,0.3,24.92,1.0,1.93
2020-10-07,317.35,2.9,0.92,25.15,1.01,1.91
2020-10-08,317.47,0.12,0.04,25.16,1.01,1.91
2020-10-12,319.15,1.68,0.53,25.29,1.02,1.9
2020-10-13,319.58,0.43,0.13,25.33,1.02,1.9
2020-10-14,316.57,-3.01,-0.94,25.09,1.01,1.91
2020-10-15,313.92,-2.65,-0.84,24.89,1.0,1.93
2020-10-16,311.83,-2.09,-0.67,24.73,1.0,1.94
2020-10-19,312.59,0.76,0.24,24.79,1.0,1.94
2020-10-20,314.71,2.12,0.68,24.98,1.01,1.92
2020-10-21,315.76,1.05,0.33,25.07,1.01,1.92
2020-10-22,313.77,-1.99,-0.63,24.91,1.0,1.93
2020-10-23,314.79,1.02,0.33,24.99,1.01,1.92
2020-10-26,313.53,-1.26,-0.4,24.89,1.0,1.93
2020-10-27,311.8,-1.73,-0.55,24.75,1.0,1.94
2020-10-28,313.17,1.37,0.44,24.86,1.0,1.93
2020-10-29,309.94,-3.23,-1.03,24.61,0.99,1.95
2020-10-30,301.6,-8.34,-2.69,23.94,0.96,2.01
2020-11-02,305.95,4.35,1.44,24.29,0.98,1.98
2020-11-03,312.07,6.12,2.0,24.77,1.0,1.94
2020-11-04,313.83,1.76,0.56,24.91,1.0,1.93
2020-11-05,321.51,7.68,2.45,25.52,1.03,1.88
2020-11-06,322.1,0.59,0.18,25.57,1.03,1.88
2020-11-09,325.83,3.73,1.16,25.87,1.04,1.86
2020-11-10,326.13,0.3,0.09,25.89,1.04,1.85
2020-11-11,331.12,4.99,1.53,26.29,1.06,1.83
2020-11-12,329.72,-1.4,-0.42,26.18,1.05,1.83
2020-11-13,333.03,3.31,1.0,26.44,1.06,1.82
2020-11-16,340.63,7.6,2.28,27.04,1.09,1.78
2020-11-17,339.85,-0.78,-0.23,26.98,1.09,1.78
2020-11-18,339.96,0.11,0.03,26.99,1.09,1.78
2020-11-19,340.16,0.2,0.06,27.01,1.09,1.78
2020-11-20,340.62,0.46,0.14,27.04,1.09,1.78
2020-11-23,348.46,7.84,2.3,27.66,1.11,1.74
2020-11-24,350.28,1.82,0.52,27.81,1.12,1.73
2020-11-25,348.3,-1.98,-0.57,27.65,1.11,1.74
2020-11-26,352.12,3.82,1.1,27.96,1.13,1.72
2020-11-27,352.73,0.61,0.17,28.0,1.13,1.71
2020-11-30,346.05,-6.68,-1.89,27.47,1.11,1.75
2020-12-01,352.4,6.35,1.83,27.98,1.13,1.72
2020-12-02,358.66,6.26,1.78,28.48,1.15,1.69
2020-12-03,361.66,3.0,0.84,28.71,1.16,1.67
2020-12-04,367.63,5.97,1.65,29.19,1.18,1.65
2020-12-07,369.86,2.23,0.61,29.37,1.18,1.64
2020-12-08,363.45,-6.41,-1.73,28.87,1.16,1.66
2020-12-09,371.47,8.02,2.21,29.51,1.19,1.63
2020-12-10,369.37,-2.1,-0.57,29.34,1.18,1.64
2020-12-11,372.24,2.87,0.78,25.9,1.19,1.59
2020-12-14,371.56,-0.68,-0.18,25.85,1.18,1.6
2020-12-15,370.88,-0.68,-0.18,25.8,1.18,1.6
2020-12-16,372.53,1.65,0.44,25.92,1.19,1.59
2020-12-17,372.0,-0.53,-0.14,25.88,1.19,1.6
2020-12-18,371.55,-0.45,-0.12,25.85,1.18,1.6
2020-12-21,372.18,0.63,0.17,25.89,1.19,1.59
2020-12-22,366.43,-5.75,-1.54,25.5,1.17,1.62
2020-12-23,371.32,4.89,1.33,25.84,1.18,1.6
2020-12-24,379.18,7.86,2.12,26.39,1.21,1.56
2020-12-28,379.93,0.75,0.2,26.44,1.21,1.56
2020-12-29,381.27,1.34,0.35,26.54,1.22,1.56
2020-12-30,389.29,8.02,2.1,27.09,1.24,1.52
2021-01-04,399.88,10.59,2.72,27.83,1.27,1.48
2021-01-05,406.03,6.15,1.54,28.26,1.29,1.46
2021-01-06,402.08,-3.95,-0.97,27.98,1.28,1.48
2021-01-07,410.81,8.73,2.17,28.59,1.31,1.44
2021-01-08,430.22,19.41,4.72,29.94,1.37,1.38
2021-01-11,431.13,0.91,0.21,30.01,1.37,1.38
2021-01-12,427.87,-3.26,-0.76,29.78,1.36,1.39
2021-01-13,430.38,2.51,0.59,29.95,1.37,1.38
2021-01-14,429.85,-0.53,-0.12,29.92,1.37,1.38
2021-01-15,420.43,-9.42,-2.19,29.26,1.34,1.41
2021-01-18,410.5,-9.93,-2.36,28.6,1.31,1.44
2021-01-19,421.35,10.85,2.64,29.35,1.34,1.41
2021-01-20,424.01,2.66,0.63,29.54,1.35,1.4
2021-01-21,430.27,6.26,1.48,29.98,1.37,1.38
2021-01-22,427.13,-3.14,-0.73,29.76,1.36,1.39
2021-01-25,437.3,10.17,2.38,30.52,1.4,1.35
2021-01-26,426.73,-10.57,-2.42,29.75,1.36,1.39
2021-01-27,423.67,-3.06,-0.72,29.54,1.35,1.4
2021-01-28,416.4,-7.27,-1.72,29.03,1.33,1.42
2021-01-29,404.56,-11.84,-2.84,28.21,1.29,1.46
2021-02-01,415.45,10.89,2.69,28.97,1.33,1.43
2021-02-02,421.03,5.58,1.34,29.36,1.34,1.41
2021-02-03,425.21,4.18,0.99,29.65,1.36,1.39
2021-02-04,418.31,-6.9,-1.62,29.17,1.34,1.42
2021-02-05,423.3,4.99,1.19,29.52,1.35,1.4
2021-02-08,418.95,-4.35,-1.03,29.21,1.34,1.41
2021-02-09,417.91,-1.04,-0.25,29.14,1.33,1.42
2021-02-10,419.65,1.74,0.42,29.26,1.34,1.41
2021-02-15,427.01,7.36,1.75,29.78,1.36,1.39
2021-02-16,429.24,2.23,0.52,29.94,1.37,1.38
2021-02-17,424.2,-5.04,-1.17,29.58,1.36,1.4
2021-02-18,417.44,-6.76,-1.59,29.11,1.33,1.42
2021-02-19,420.94,3.5,0.84,29.36,1.34,1.41
2021-02-22,416.88,-4.06,-0.96,29.08,1.33,1.42
2021-02-23,415.82,-1.06,-0.25,29.0,1.33,1.42
2021-02-24,407.16,-8.66,-2.08,28.4,1.3,1.45
2021-02-25,422.52,15.36,3.77,29.47,1.35,1.4
2021-02-26,409.91,-12.61,-2.98,28.59,1.31,1.44
2021-03-02,414.8,4.89,1.19,28.93,1.33,1.43
2021-03-03,420.27,5.47,1.32,29.31,1.34,1.41
2021-03-04,414.17,-6.1,-1.45,28.89,1.32,1.43
2021-03-05,412.0,-2.17,-0.52,28.74,1.32,1.44
2021-03-08,408.34,-3.66,-0.89,28.48,1.3,1.45
2021-03-09,405.79,-2.55,-0.62,28.3,1.3,1.46
2021-03-10,403.48,-2.31,-0.57,28.14,1.29,1.47
2021-03-11,411.02,7.54,1.87,28.67,1.31,1.44
2021-03-12,416.13,5.11,1.24,29.02,1.33,1.42
2021-03-15,414.18,-1.95,-0.47,28.89,1.32,1.43
2021-03-16,417.31,3.13,0.76,29.1,1.33,1.42
2021-03-17,414.01,-3.3,-0.79,28.87,1.32,1.43
2021-03-18,417.06,3.05,0.74,29.09,1.33,1.42
2021-03-19,412.91,-4.15,-1.0,28.8,1.32,1.43
2021-03-22,412.64,-0.27,-0.07,28.78,1.32,1.43
2021-03-23,408.71,-3.93,-0.95,28.5,1.31,1.45
2021-03-24,407.1,-1.61,-0.39,28.39,1.3,1.45
2021-03-25,408.53,1.43,0.35,28.49,1.31,1.45
2021-03-26,412.89,4.36,1.07,28.79,1.32,1.43
2021-03-29,412.05,-0.84,-0.2,28.74,1.32,1.44
2021-03-30,416.61,4.56,1.11,29.06,1.33,1.42
2021-03-31,415.04,-1.57,-0.38,28.95,1.33,1.43
2021-04-01,419.42,4.38,1.06,29.26,1.34,1.41
2021-04-02,423.74,4.32,1.03,29.56,1.35,1.4
2021-04-05,424.85,1.11,0.26,29.64,1.36,1.39
2021-04-06,425.88,1.03,0.24,29.71,1.36,1.39
2021-04-07,426.7,0.82,0.19,29.77,1.36,1.39
2021-04-08,426.86,0.16,0.04,29.78,1.36,1.39
2021-04-09,424.3,-2.56,-0.6,29.6,1.36,1.39
2021-04-12,424.22,-0.08,-0.02,29.59,1.36,1.4
2021-04-13,429.08,4.86,1.15,29.93,1.37,1.38
2021-04-14,430.71,1.63,0.38,30.05,1.38,1.37
2021-04-15,432.66,1.95,0.45,30.19,1.38,1.37
2021-04-16,432.43,-0.23,-0.05,30.18,1.38,1.37
2021-04-19,431.96,-0.47,-0.11,30.14,1.38,1.37
2021-04-20,434.6,2.64,0.61,30.33,1.39,1.36
2021-04-21,426.75,-7.85,-1.81,29.79,1.36,1.39
2021-04-22,427.37,0.62,0.15,29.83,1.37,1.38
2021-04-23,428.34,0.97,0.23,29.9,1.37,1.38
2021-04-26,432.36,4.02,0.94,30.18,1.38,1.37
2021-04-27,432.14,-0.22,-0.05,30.16,1.38,1.37
2021-04-28,427.48,-4.66,-1.08,29.84,1.37,1.38
2021-04-29,426.28,-1.2,-0.28,29.75,1.36,1.39
2021-04-30,422.36,-3.92,-0.92,29.48,1.35,1.4
2021-05-03,420.36,-2.0,-0.47,24.12,1.34,2.02
2021-05-04,423.57,3.21,0.76,24.31,1.35,2.0
2021-05-06,426.64,3.07,0.72,24.48,1.36,1.99
2021-05-07,428.56,1.92,0.45,24.59,1.36,1.98
2021-05-10,435.63,7.07,1.65,25.0,1.38,1.95
2021-05-11,428.77,-6.86,-1.57,24.6,1.36,1.98
2021-05-12,421.86,-6.91,-1.61,24.21,1.34,2.01
2021-05-13,416.07,-5.79,-1.37,23.84,1.32,2.04
2021-05-14,420.17,4.1,0.99,24.08,1.33,2.02
2021-05-17,418.27,-1.9,-0.45,23.97,1.33,2.03
2021-05-18,423.09,4.82,1.15,24.25,1.34,2.01
2021-05-20,421.68,-1.41,-0.33,24.17,1.34,2.01
2021-05-21,422.08,0.4,0.09,24.19,1.34,2.01
2021-05-24,420.57,-1.51,-0.36,24.09,1.33,2.02
2021-05-25,424.35,3.78,0.9,24.31,1.35,2.0
2021-05-26,423.54,-0.81,-0.19,24.26,1.34,2.0
2021-05-27,423.0,-0.54,-0.13,24.23,1.34,2.01
2021-05-28,425.95,2.95,0.7,24.35,1.35,2.0
2021-05-31,427.91,1.96,0.46,24.46,1.35,1.99
2021-06-01,430.32,2.41,0.56,24.6,1.36,1.98
2021-06-02,430.15,-0.17,-0.04,24.59,1.36,1.98
2021-06-03,433.87,3.72,0.86,16.83,1.34,1.96
2021-06-04,432.22,-1.65,-0.38,16.77,1.33,1.96
2021-06-07,433.26,1.04,0.24,16.81,1.34,1.96
2021-06-08,432.88,-0.38,-0.09,16.8,1.34,1.96
2021-06-09,428.16,-4.72,-1.09,16.61,1.32,1.98
2021-06-10,429.35,1.19,0.28,16.65,1.33,1.98
2021-06-11,432.78,3.43,0.8,17.04,1.35,1.94
2021-06-14,433.22,0.44,0.1,17.05,1.36,1.94
2021-06-15,434.13,0.91,0.21,17.09,1.36,1.93
2021-06-16,436.96,2.83,0.65,17.2,1.37,1.92
2021-06-17,434.73,-2.23,-0.51,17.11,1.36,1.93
2021-06-18,435.02,0.29,0.07,17.12,1.36,1.93
2021-06-21,431.46,-3.56,-0.82,16.98,1.35,1.94
2021-06-22,434.42,2.96,0.69,17.1,1.36,1.93
2021-06-23,436.73,2.31,0.53,17.19,1.37,1.92
2021-06-24,438.38,1.65,0.38,17.26,1.37,1.91
2021-06-25,440.4,2.02,0.46,17.34,1.38,1.9
2021-06-28,439.98,-0.42,-0.1,17.32,1.38,1.91
2021-06-29,437.54,-2.44,-0.55,17.23,1.37,1.92
2021-06-30,438.84,1.3,0.3,17.28,1.37,1.91
2021-07-01,436.34,-2.5,-0.57,17.18,1.37,1.92
2021-07-02,436.0,-0.34,-0.08,17.17,1.36,1.92
2021-07-05,437.66,1.66,0.38,17.24,1.37,1.92
2021-07-06,439.5,1.84,0.42,17.31,1.38,1.91
2021-07-07,436.97,-2.53,-0.58,17.21,1.37,1.92
2021-07-08,432.63,-4.34,-0.99,17.04,1.35,1.94
2021-07-09,427.84,-4.79,-1.11,16.85,1.34,1.96
2021-07-12,431.28,3.44,0.8,16.99,1.35,1.94
2021-07-13,434.71,3.43,0.8,17.12,1.36,1.93
2021-07-14,433.57,-1.14,-0.26,17.08,1.36,1.93
2021-07-15,436.76,3.19,0.74,17.2,1.37,1.92
2021-07-16,434.82,-1.94,-0.44,17.16,1.36,1.93
2021-07-19,429.89,-4.93,-1.13,16.96,1.35,1.95
2021-07-20,428.55,-1.34,-0.31,16.91,1.34,1.95
2021-07-21,426.0,-2.55,-0.6,16.82,1.34,1.96
2021-07-22,431.38,5.38,1.26,17.02,1.35,1.94
2021-07-23,431.55,0.17,0.04,17.02,1.35,1.94
2021-07-26,427.47,-4.08,-0.95,16.86,1.34,1.96
2021-07-27,428.22,0.75,0.18,16.89,1.34,1.96
2021-07-28,429.15,0.93,0.22,16.93,1.35,1.95
2021-07-29,429.49,0.34,0.08,16.94,1.35,1.95
2021-07-30,423.91,-5.58,-1.3,16.72,1.33,1.97
2021-08-02,426.79,2.88,0.68,16.84,1.34,1.96
2021-08-03,429.98,3.19,0.75,16.96,1.35,1.95
2021-08-04,436.05,6.07,1.41,17.2,1.37,1.92
2021-08-05,434.74,-1.31,-0.3,17.15,1.36,1.93
2021-08-06,433.29,-1.45,-0.33,17.09,1.36,1.93
2021-08-09,431.65,-1.64,-0.38,17.03,1.35,1.94
2021-08-10,428.56,-3.09,-0.72,16.91,1.34,1.95
2021-08-11,424.74,-3.82,-0.89,16.76,1.33,1.97
2021-08-12,422.38,-2.36,-0.56,16.66,1.32,1.98
2021-08-13,416.06,-6.32,-1.5,16.41,1.3,2.01
2021-08-17,411.31,-4.75,-1.14,16.23,1.29,2.04
2021-08-18,413.36,2.05,0.5,16.31,1.3,2.03
2021-08-19,404.96,-8.4,-2.03,15.98,1.27,2.07
2021-08-20,400.78,-4.18,-1.03,15.81,1.26,2.09
2021-08-23,404.58,3.8,0.95,15.96,1.27,2.07
2021-08-24,412.48,7.9,1.95,16.27,1.29,2.03
2021-08-25,413.95,1.47,0.36,16.33,1.3,2.02
2021-08-26,410.38,-3.57,-0.86,16.19,1.29,2.04
2021-08-27,410.24,-0.14,-0.03,16.19,1.29,2.04
2021-08-30,411.5,1.26,0.31,16.24,1.29,2.03
2021-08-31,419.79,8.29,2.01,16.56,1.32,1.99
2021-09-01,419.92,0.13,0.03,16.57,1.32,1.99
2021-09-02,415.89,-4.03,-0.96,16.42,1.3,2.01
2021-09-03,419.22,3.33,0.8,16.55,1.31,2.0
2021-09-06,420.37,1.15,0.27,16.59,1.32,1.99
2021-09-07,417.8,-2.57,-0.61,16.49,1.31,2.0
2021-09-08,414.54,-3.26,-0.78,16.36,1.3,2.02
2021-09-09,407.28,-7.26,-1.75,13.64,1.23,2.05
2021-09-10,408.7,1.42,0.35,13.84,1.25,2.02
2021-09-13,409.7,1.0,0.24,13.88,1.26,2.01
2021-09-14,412.36,2.66,0.65,13.97,1.26,2.0
2021-09-15,412.85,0.49,0.12,13.98,1.27,2.0
2021-09-16,409.22,-3.63,-0.88,13.87,1.26,2.01
2021-09-17,410.99,1.77,0.43,13.93,1.26,2.0
2021-09-23,410.46,-0.53,-0.13,13.91,1.26,2.01
2021-09-24,409.84,-0.62,-0.15,13.89,1.26,2.01
2021-09-27,410.97,1.13,0.28,13.93,1.26,2.0
2021-09-28,406.2,-4.77,-1.16,13.77,1.25,2.03
2021-09-29,400.09,-6.11,-1.5,13.56,1.23,2.06
2021-09-30,401.3,1.21,0.3,13.6,1.23,2.05
2021-10-01,394.79,-6.51,-1.62,13.38,1.21,2.09
2021-10-05,388.01,-6.78,-1.72,13.15,1.19,2.12
2021-10-06,381.93,-6.08,-1.57,12.95,1.17,2.16
2021-10-07,388.14,6.21,1.63,13.16,1.19,2.12
2021-10-08,387.42,-0.72,-0.19,13.13,1.19,2.13
2021-10-12,380.69,-6.73,-1.74,12.91,1.17,2.16
2021-10-13,384.1,3.41,0.9,13.02,1.18,2.14
2021-10-14,389.59,5.49,1.43,13.21,1.2,2.11
2021-10-15,393.19,3.6,0.92,13.33,1.21,2.09
2021-10-18,392.02,-1.17,-0.3,13.29,1.2,2.1
2021-10-19,395.41,3.39,0.86,13.4,1.21,2.08
2021-10-20,393.74,-1.67,-0.42,13.35,1.21,2.09
2021-10-21,393.18,-0.56,-0.14,13.33,1.21,2.09
2021-10-22,393.34,0.16,0.04,13.33,1.21,2.09
2021-10-25,395.01,1.67,0.42,13.39,1.21,2.09
2021-10-26,399.07,4.06,1.03,13.53,1.22,2.06
2021-10-27,395.48,-3.59,-0.9,13.41,1.21,2.08
2021-10-28,393.89,-1.59,-0.4,13.35,1.21,2.09
2021-10-29,388.47,-5.42,-1.38,13.17,1.19,2.12
2021-11-01,389.81,1.34,0.34,13.22,1.2,2.11
2021-11-02,394.82,5.01,1.29,13.39,1.21,2.09
2021-11-03,389.48,-5.34,-1.35,13.21,1.2,2.11
2021-11-04,391.54,2.06,0.53,13.28,1.2,2.1
2021-11-05,389.86,-1.68,-0.43,13.22,1.2,2.11
2021-11-08,389.59,-0.27,-0.07,13.21,1.2,2.11
2021-11-09,390.36,0.77,0.2,13.24,1.2,2.11
2021-11-10,386.24,-4.12,-1.06,13.1,1.19,2.13
2021-11-11,385.97,-0.27,-0.07,13.09,1.19,2.13
2021-11-12,390.38,4.41,1.14,13.24,1.2,2.11
2021-11-15,394.36,3.98,1.02,13.38,1.21,2.09
2021-11-16,394.07,-0.29,-0.07,13.37,1.21,2.09
2021-11-17,389.44,-4.63,-1.17,13.21,1.2,2.12
2021-11-18,387.44,-2.0,-0.51,13.14,1.19,2.13
2021-11-19,390.53,3.09,0.8,13.25,1.2,2.11
2021-11-22,399.07,8.54,2.19,13.54,1.23,2.06
2021-11-23,396.44,-2.63,-0.66,13.45,1.22,2.08
2021-11-24,395.4,-1.04,-0.26,13.41,1.21,2.08
2021-11-25,391.93,-3.47,-0.88,13.29,1.2,2.1
2021-11-26,385.07,-6.86,-1.75,13.06,1.18,2.14
2021-11-29,381.63,-3.44,-0.89,12.95,1.17,2.16
2021-11-30,373.24,-8.39,-2.2,12.6,1.14,2.22
2021-12-01,383.13,9.89,2.65,12.94,1.17,2.16
2021-12-02,389.64,6.51,1.7,13.16,1.19,2.12
2021-12-03,391.96,2.32,0.6,13.24,1.2,2.11
2021-12-06,392.85,0.89,0.23,13.27,1.2,2.11
2021-12-07,396.31,3.46,0.88,13.39,1.21,2.09
2021-12-08,397.27,0.96,0.24,13.42,1.22,2.08
2021-12-09,401.13,3.86,0.97,13.56,1.23,2.06
2021-12-10,397.97,-3.16,-0.79,13.69,1.24,2.04
2021-12-13,397.27,-0.7,-0.18,11.97,1.19,2.04
2021-12-14,395.41,-1.86,-0.47,11.92,1.18,2.05
2021-12-15,395.66,0.25,0.06,11.92,1.18,2.05
2021-12-16,397.68,2.02,0.51,11.99,1.19,2.04
2021-12-17,398.96,1.28,0.32,12.03,1.19,2.03
2021-12-20,391.37,-7.59,-1.9,11.79,1.17,2.07
2021-12-21,393.95,2.58,0.66,11.87,1.18,2.06
2021-12-22,396.07,2.12,0.54,11.93,1.18,2.05
2021-12-23,398.15,2.08,0.53,11.99,1.19,2.04
2021-12-24,400.53,2.38,0.6,12.06,1.2,2.03
2021-12-27,398.61,-1.92,-0.48,12.0,1.19,2.04
2021-12-28,401.21,2.6,0.65,12.08,1.2,2.02
2021-12-29,396.72,-4.49,-1.12,11.95,1.19,2.04
2021-12-30,394.19,-2.53,-0.64,11.88,1.18,2.06
2022-01-03,395.51,1.32,0.33,11.92,1.18,2.05
2022-01-04,395.4,-0.11,-0.03,11.91,1.18,2.05
2022-01-05,390.39,-5.01,-1.27,11.76,1.17,2.08
2022-01-06,386.22,-4.17,-1.07,11.64,1.15,2.1
2022-01-07,390.85,4.63,1.2,11.78,1.17,2.07
2022-01-10,387.52,-3.33,-0.85,11.68,1.16,2.09
2022-01-11,388.97,1.45,0.37,11.73,1.16,2.08
2022-01-12,394.66,5.69,1.46,11.9,1.18,2.05
2022-01-13,393.0,-1.66,-0.42,11.85,1.18,2.06
2022-01-14,387.45,-5.55,-1.41,11.68,1.16,2.09
2022-01-17,383.81,-3.64,-0.94,11.57,1.15,2.11
2022-01-18,381.01,-2.8,-0.73,11.48,1.14,2.13
2022-01-19,378.21,-2.8,-0.73,11.4,1.13,2.14
2022-01-20,380.39,2.18,0.58,11.46,1.14,2.13
2022-01-21,376.08,-4.31,-1.13,11.33,1.12,2.16
2022-01-24,371.3,-4.78,-1.27,11.19,1.11,2.18
2022-01-25,362.39,-8.91,-2.4,10.92,1.08,2.24
2022-01-26,360.83,-1.56,-0.43,10.88,1.08,2.25
2022-01-27,348.58,-12.25,-3.39,10.51,1.04,2.33
2022-01-28,357.98,9.4,2.7,10.79,1.07,2.26
2022-02-03,361.6,3.62,1.01,10.9,1.08,2.24
2022-02-04,366.34,4.74,1.31,11.04,1.1,2.21
2022-02-07,362.92,-3.42,-0.93,10.94,1.09,2.23
2022-02-08,363.48,0.56,0.15,10.96,1.09,2.23
2022-02-09,368.65,5.17,1.42,11.11,1.1,2.2
2022-02-10,371.57,2.92,0.79,11.2,1.11,2.18
2022-02-11,368.61,-2.96,-0.8,11.11,1.1,2.2
2022-02-14,362.98,-5.63,-1.53,10.95,1.09,2.23
2022-02-15,360.43,-2.55,-0.7,10.87,1.08,2.25
2022-02-16,367.3,6.87,1.91,11.08,1.1,2.21
2022-02-17,369.55,2.25,0.61,11.14,1.11,2.19
2022-02-18,368.55,-1.0,-0.27,11.11,1.1,2.2
2022-02-21,368.29,-0.26,-0.07,11.1,1.1,2.2
2022-02-22,363.51,-4.78,-1.3,10.96,1.09,2.23
2022-02-23,364.44,0.93,0.26,10.99,1.09,2.22
2022-02-24,355.04,-9.4,-2.58,10.7,1.06,2.28
2022-02-25,358.44,3.4,0.96,10.8,1.07,2.26
2022-02-28,361.54,3.1,0.86,10.91,1.08,2.24
2022-03-02,360.59,-0.95,-0.26,10.88,1.08,2.25
2022-03-03,367.06,6.47,1.79,11.08,1.1,2.21
2022-03-04,361.69,-5.37,-1.46,10.91,1.08,2.24
2022-03-07,353.03,-8.66,-2.39,10.65,1.06,2.29
2022-03-08,349.38,-3.65,-1.03,10.54,1.05,2.32
2022-03-10,358.01,8.63,2.47,10.8,1.07,2.26
2022-03-11,355.31,-2.7,-0.75,10.82,1.07,2.26
2022-03-14,354.61,-0.7,-0.2,10.8,1.07,2.26
2022-03-15,351.03,-3.58,-1.01,10.69,1.06,2.29
2022-03-16,356.09,5.06,1.44,10.85,1.07,2.25
2022-03-17,361.46,5.37,1.51,11.01,1.09,2.22
2022-03-18,362.33,0.87,0.24,11.03,1.09,2.22
2022-03-21,358.77,-3.56,-0.98,10.92,1.08,2.24
2022-03-22,361.66,2.89,0.81,11.01,1.09,2.22
2022-03-23,364.84,3.18,0.88,11.11,1.1,2.2
2022-03-24,363.38,-1.46,-0.4,11.06,1.1,2.21
2022-03-25,362.06,-1.32,-0.36,11.03,1.09,2.22
2022-03-28,362.06,0.0,0.0,11.02,1.09,2.22
2022-03-29,363.77,1.71,0.47,11.08,1.1,2.21
2022-03-30,364.5,0.73,0.2,11.1,1.1,2.2
2022-03-31,365.61,1.11,0.3,11.13,1.1,2.2
2022-04-01,363.19,-2.42,-0.66,11.06,1.1,2.21
2022-04-04,364.94,1.75,0.48,11.11,1.1,2.2
2022-04-05,364.74,-0.2,-0.05,11.11,1.1,2.2
2022-04-06,361.01,-3.73,-1.02,10.99,1.09,2.22
2022-04-07,355.73,-5.28,-1.46,10.83,1.07,2.26
2022-04-08,356.01,0.28,0.08,10.84,1.07,2.25
2022-04-11,355.78,-0.23,-0.06,10.83,1.07,2.26
2022-04-12,352.32,-3.46,-0.97,10.73,1.06,2.28
2022-04-13,359.0,6.68,1.9,10.93,1.08,2.24
2022-04-14,357.38,-1.62,-0.45,10.88,1.08,2.25
2022-04-15,353.84,-3.54,-0.99,10.77,1.07,2.27
2022-04-18,353.63,-0.21,-0.06,10.77,1.07,2.27
2022-04-19,357.36,3.73,1.05,10.88,1.08,2.25
2022-04-20,357.52,0.16,0.04,10.89,1.08,2.24
2022-04-21,359.02,1.5,0.42,10.93,1.08,2.24
2022-04-22,355.43,-3.59,-1.0,10.83,1.07,2.26
2022-04-25,348.98,-6.45,-1.81,10.63,1.05,2.3
2022-04-26,350.67,1.69,0.48,10.68,1.06,2.29
2022-04-27,346.21,-4.46,-1.27,10.55,1.05,2.32
2022-04-28,350.16,3.95,1.14,10.67,1.06,2.29
2022-04-29,355.08,4.92,1.41,10.82,1.07,2.26
2022-05-02,354.02,-1.06,-0.3,9.84,1.05,2.05
2022-05-03,353.32,-0.7,-0.2,9.82,1.05,2.05
2022-05-04,353.85,0.53,0.15,9.84,1.05,2.05
2022-05-06,349.0,-4.85,-1.37,9.7,1.03,2.08
2022-05-09,345.41,-3.59,-1.03,9.6,1.02,2.1
2022-05-10,343.67,-1.74,-0.5,9.56,1.02,2.11
2022-05-11,343.44,-0.23,-0.07,9.55,1.02,2.11
2022-05-12,337.94,-5.5,-1.6,9.4,1.0,2.15
2022-05-13,345.5,7.56,2.24,9.61,1.02,2.1
2022-05-16,343.94,-1.56,-0.45,9.56,1.02,2.11
2022-05-17,347.53,3.59,1.04,9.66,1.03,2.09
2022-05-18,348.34,0.81,0.23,9.68,1.03,2.08
2022-05-19,343.24,-5.1,-1.46,9.54,1.02,2.11
2022-05-20,349.29,6.05,1.76,9.71,1.03,2.08
2022-05-23,350.34,1.05,0.3,9.74,1.04,2.07
2022-05-24,344.08,-6.26,-1.79,9.56,1.02,2.11
2022-05-25,345.6,1.52,0.44,9.61,1.02,2.1
2022-05-26,344.26,-1.34,-0.39,9.57,1.02,2.11
2022-05-27,348.04,3.78,1.1,9.67,1.03,2.08
2022-05-30,352.49,4.45,1.28,9.8,1.04,2.06
2022-05-31,354.54,2.05,0.58,9.86,1.05,2.05
2022-06-02,350.51,-4.03,-1.14,9.74,1.04,2.07
2022-06-03,352.01,1.5,0.43,9.78,1.04,2.06
2022-06-07,345.67,-6.34,-1.8,9.61,1.02,2.1
2022-06-08,346.22,0.55,0.16,9.62,1.03,2.09
2022-06-09,346.62,0.4,0.12,10.24,1.01,2.09
2022-06-10,341.89,-4.73,-1.36,10.17,1.01,2.1
2022-06-13,329.88,-12.01,-3.51,9.81,0.97,2.17
2022-06-14,328.23,-1.65,-0.5,9.76,0.97,2.18
2022-06-15,322.21,-6.02,-1.83,9.58,0.95,2.22
2022-06-16,322.25,0.04,0.01,9.58,0.95,2.22
2022-06-17,320.09,-2.16,-0.67,9.52,0.94,2.24
2022-06-20,314.44,-5.65,-1.77,9.35,0.93,2.28
2022-06-21,316.38,1.94,0.62,9.41,0.93,2.26
2022-06-22,308.08,-8.3,-2.62,9.16,0.91,2.32
2022-06-23,305.45,-2.63,-0.85,9.08,0.9,2.35
2022-06-24,312.07,6.62,2.17,9.28,0.92,2.3
2022-06-27,316.2,4.13,1.32,9.4,0.93,2.27
2022-06-28,319.11,2.91,0.92,9.49,0.94,2.24
2022-06-29,312.86,-6.25,-1.96,9.3,0.92,2.29
2022-06-30,307.2,-5.66,-1.81,9.14,0.91,2.33
2022-07-01,304.02,-3.18,-1.04,9.04,0.9,2.36
2022-07-04,304.01,-0.01,0.0,9.04,0.9,2.36
2022-07-05,309.03,5.02,1.65,9.19,0.91,2.32
2022-07-06,302.28,-6.75,-2.18,8.99,0.89,2.37
2022-07-07,308.31,6.03,1.99,9.17,0.91,2.32
2022-07-08,310.15,1.84,0.6,9.22,0.91,2.31
2022-07-11,308.29,-1.86,-0.6,9.17,0.91,2.32
2022-07-12,305.03,-3.26,-1.06,9.07,0.9,2.35
2022-07-13,306.59,1.56,0.51,9.12,0.9,2.34
2022-07-14,305.35,-1.24,-0.4,9.08,0.9,2.35
2022-07-15,307.91,2.56,0.84,9.16,0.91,2.33
2022-07-18,314.87,6.96,2.26,9.37,0.93,2.27
2022-07-19,313.9,-0.97,-0.31,9.34,0.93,2.28
2022-07-20,316.02,2.12,0.68,9.4,0.93,2.27
2022-07-21,319.68,3.66,1.16,9.51,0.94,2.24
2022-07-22,317.33,-2.35,-0.74,9.44,0.94,2.26
2022-07-25,318.34,1.01,0.32,9.47,0.94,2.25
2022-07-26,319.61,1.27,0.4,9.51,0.94,2.24
2022-07-27,319.74,0.13,0.04,9.51,0.94,2.24
2022-07-28,321.62,1.88,0.59,9.57,0.95,2.23
2022-07-29,323.31,1.69,0.53,9.62,0.95,2.21
2022-08-01,322.97,-0.34,-0.11,9.61,0.95,2.22
2022-08-02,321.64,-1.33,-0.41,9.57,0.95,2.23
2022-08-03,323.8,2.16,0.67,9.63,0.96,2.21
2022-08-04,325.47,1.67,0.52,9.68,0.96,2.2
2022-08-05,327.5,2.03,0.62,9.74,0.97,2.19
2022-08-08,327.23,-0.27,-0.08,9.73,0.97,2.19
2022-08-09,328.11,0.88,0.27,9.76,0.97,2.18
2022-08-10,324.35,-3.76,-1.15,9.65,0.96,2.21
2022-08-11,329.92,5.57,1.72,9.81,0.97,2.17
2022-08-12,330.67,0.75,0.23,9.84,0.98,2.17
2022-08-16,331.78,1.11,0.34,9.87,0.98,2.16
2022-08-17,329.91,-1.87,-0.56,9.81,0.97,2.17
2022-08-18,328.8,-1.11,-0.34,9.78,0.97,2.18
2022-08-19,326.79,-2.01,-0.61,9.72,0.96,2.19
2022-08-22,322.77,-4.02,-1.23,9.6,0.95,2.22
2022-08-23,318.69,-4.08,-1.26,9.48,0.94,2.25
2022-08-24,319.86,1.17,0.37,9.51,0.94,2.24
2022-08-25,323.63,3.77,1.18,9.63,0.95,2.21
2022-08-26,323.91,0.28,0.09,9.63,0.96,2.21
2022-08-29,316.35,-7.56,-2.33,9.41,0.93,2.26
2022-08-30,319.49,3.14,0.99,9.5,0.94,2.24
2022-08-31,322.96,3.47,1.09,9.61,0.95,2.22
2022-09-01,315.02,-7.94,-2.46,9.37,0.93,2.27
2022-09-02,312.92,-2.1,-0.67,9.31,0.92,2.29
2022-09-05,312.47,-0.45,-0.14,9.29,0.92,2.29
2022-09-06,313.01,0.54,0.17,9.31,0.92,2.29
2022-09-07,308.16,-4.85,-1.55,9.16,0.91,2.33
2022-09-08,309.12,0.96,0.31,9.19,0.91,2.32
2022-09-13,318.56,9.44,3.05,9.47,0.94,2.25
2022-09-14,312.74,-5.82,-1.83,9.3,0.92,2.29
2022-09-15,310.63,-2.11,-0.67,9.24,0.92,2.31
2022-09-16,308.69,-1.94,-0.62,8.87,0.89,2.32
2022-09-19,306.49,-2.2,-0.71,8.81,0.88,2.34
2022-09-20,307.54,1.05,0.34,8.84,0.89,2.33
2022-09-21,304.67,-2.87,-0.93,8.76,0.88,2.35
2022-09-22,301.65,-3.02,-0.99,8.67,0.87,2.37
2022-09-23,297.74,-3.91,-1.3,8.56,0.86,2.41
2022-09-26,289.77,-7.97,-2.68,8.33,0.83,2.47
2022-09-27,290.2,0.43,0.15,8.34,0.84,2.47
2022-09-28,283.19,-7.01,-2.42,8.14,0.82,2.53
2022-09-29,282.65,-0.54,-0.19,8.13,0.81,2.53
2022-09-30,281.36,-1.29,-0.46,8.09,0.81,2.55
2022-10-04,288.27,6.91,2.46,8.29,0.83,2.48
2022-10-05,289.05,0.78,0.27,8.31,0.83,2.48
2022-10-06,291.26,2.21,0.76,8.37,0.84,2.46
2022-10-07,290.41,-0.85,-0.29,8.35,0.84,2.47
2022-10-11,284.96,-5.45,-1.88,8.19,0.82,2.51
2022-10-12,287.09,2.13,0.75,8.25,0.83,2.5
2022-10-13,282.57,-4.52,-1.57,8.12,0.81,2.54
2022-10-14,289.36,6.79,2.4,8.32,0.83,2.48
2022-10-17,289.57,0.21,0.07,8.32,0.83,2.47
2022-10-18,293.59,4.02,1.39,8.44,0.84,2.44
2022-10-19,291.29,-2.3,-0.78,8.37,0.84,2.46
2022-10-20,288.61,-2.68,-0.92,8.3,0.83,2.48
2022-10-21,288.57,-0.04,-0.01,8.3,0.83,2.48
2022-10-24,291.47,2.9,1.0,8.38,0.84,2.46
2022-10-25,291.58,0.11,0.04,8.38,0.84,2.46
2022-10-26,293.85,2.27,0.78,8.45,0.85,2.44
2022-10-27,298.82,4.97,1.69,8.59,0.86,2.4
2022-10-28,295.06,-3.76,-1.26,8.48,0.85,2.43
2022-10-31,299.58,4.52,1.53,8.61,0.86,2.39
2022-11-01,303.88,4.3,1.44,8.74,0.87,2.36
2022-11-03,301.66,-2.21,-0.73,8.67,0.87,2.37
2022-11-04,304.33,2.67,0.89,8.75,0.88,2.35
2022-11-07,307.87,3.54,1.16,8.85,0.89,2.33
2022-11-08,312.01,4.14,1.34,8.97,0.9,2.3
2022-11-09,315.23,3.22,1.03,9.06,0.91,2.27
2022-11-10,311.13,-4.1,-1.3,8.94,0.9,2.3
2022-11-11,323.09,11.96,3.84,9.29,0.93,2.22
2022-11-14,321.53,-1.56,-0.48,9.24,0.93,2.23
2022-11-15,322.31,0.78,0.24,9.26,0.93,2.22
2022-11-16,321.96,-0.35,-0.11,9.26,0.93,2.22
2022-11-17,316.75,-5.21,-1.62,9.11,0.91,2.26
2022-11-18,317.12,0.37,0.12,9.12,0.91,2.26
2022-11-21,314.67,-2.45,-0.77,9.05,0.91,2.28
2022-11-22,312.02,-2.65,-0.84,8.97,0.9,2.29
2022-11-23,314.11,2.09,0.67,9.03,0.9,2.28
2022-11-24,317.3,3.19,1.02,9.12,0.91,2.26
2022-11-25,316.07,-1.23,-0.39,9.09,0.91,2.27
2022-11-28,312.21,-3.86,-1.22,8.98,0.9,2.29
2022-11-29,315.58,3.37,1.08,9.08,0.91,2.27
2022-11-30,321.0,5.42,1.72,9.23,0.92,2.23
2022-12-01,322.02,1.02,0.32,9.26,0.93,2.22
2022-12-02,315.02,-7.0,-2.17,9.06,0.91,2.27
2022-12-05,313.91,-1.11,-0.35,9.03,0.9,2.28
2022-12-06,310.14,-3.77,-1.2,8.92,0.89,2.31
2022-12-07,308.27,-1.87,-0.6,8.86,0.89,2.32
2022-12-08,308.24,-0.03,-0.01,8.86,0.89,2.32
2022-12-09,311.63,3.39,1.1,9.0,0.9,2.29
2022-12-12,309.64,-1.99,-0.64,8.94,0.89,2.3
2022-12-13,309.56,-0.08,-0.03,8.94,0.89,2.3
2022-12-14,313.23,3.67,1.19,9.05,0.9,2.28
2022-12-15,307.73,-5.5,-1.76,8.89,0.89,2.32
2022-12-16,307.48,-0.25,-0.08,9.88,0.86,2.32
2022-12-19,306.77,-0.71,-0.23,9.86,0.86,2.32
2022-12-20,304.05,-2.72,-0.89,9.77,0.85,2.34
2022-12-21,303.23,-0.82,-0.27,9.74,0.85,2.35
2022-12-22,307.48,4.25,1.4,9.88,0.86,2.32
2022-12-23,302.07,-5.41,-1.76,9.71,0.84,2.36
2022-12-26,302.27,0.2,0.07,9.71,0.84,2.36
2022-12-27,304.22,1.95,0.65,9.78,0.85,2.34
2022-12-28,297.09,-7.13,-2.34,9.55,0.83,2.4
2022-12-29,291.1,-5.99,-2.02,9.36,0.81,2.45
2023-01-02,289.79,-1.31,-0.45,9.31,0.81,2.46
2023-01-03,289.58,-0.21,-0.07,9.31,0.81,2.46
2023-01-04,295.98,6.4,2.21,9.51,0.83,2.41
2023-01-05,297.87,1.89,0.64,9.57,0.83,2.39
2023-01-06,301.53,3.66,1.23,9.69,0.84,2.36
2023-01-09,309.69,8.16,2.71,9.95,0.86,2.3
2023-01-10,309.57,-0.12,-0.04,9.95,0.86,2.3
2023-01-11,310.38,0.81,0.26,9.98,0.87,2.3
2023-01-12,310.7,0.32,0.1,9.99,0.87,2.29
2023-01-13,313.77,3.07,0.99,10.09,0.88,2.27
2023-01-16,316.04,2.27,0.72,10.16,0.88,2.26
2023-01-17,313.75,-2.29,-0.72,10.08,0.88,2.27
2023-01-18,311.91,-1.84,-0.59,10.03,0.87,2.29
2023-01-19,313.81,1.9,0.61,10.09,0.88,2.27
2023-01-20,315.58,1.77,0.56,10.15,0.88,2.26
2023-01-25,320.76,5.18,1.64,10.31,0.9,2.22
2023-01-26,325.57,4.81,1.5,10.47,0.91,2.19
2023-01-27,327.98,2.41,0.74,10.55,0.92,2.17
2023-01-30,322.67,-5.31,-1.62,10.36,0.9,2.21
2023-01-31,317.26,-5.41,-1.68,10.19,0.88,2.25
2023-02-01,321.19,3.93,1.24,10.31,0.89,2.22
2023-02-02,323.93,2.74,0.85,10.4,0.9,2.21
2023-02-03,325.86,1.93,0.6,10.46,0.91,2.19
2023-02-06,318.83,-7.03,-2.16,10.24,0.89,2.24
2023-02-07,320.55,1.72,0.54,10.29,0.89,2.23
2023-02-08,325.63,5.08,1.58,10.45,0.91,2.19
2023-02-09,324.9,-0.73,-0.22,10.43,0.9,2.2
2023-02-10,323.69,-1.21,-0.37,10.39,0.9,2.21
2023-02-13,321.75,-1.94,-0.6,10.33,0.9,2.22
2023-02-14,323.47,1.72,0.53,10.39,0.9,2.21
2023-02-15,317.99,-5.48,-1.69,10.21,0.89,2.25
2023-02-16,324.1,6.11,1.92,10.41,0.9,2.2
2023-02-17,320.78,-3.32,-1.02,10.3,0.89,2.23
2023-02-20,321.79,1.01,0.31,10.33,0.9,2.22
2023-02-21,321.56,-0.23,-0.07,10.32,0.9,2.22
2023-02-22,315.94,-5.62,-1.75,10.14,0.88,2.26
2023-02-23,319.44,3.5,1.11,10.26,0.89,2.24
2023-02-24,316.94,-2.5,-0.78,10.17,0.88,2.25
2023-02-27,313.94,-3.0,-0.95,10.08,0.87,2.28
2023-02-28,314.8,0.86,0.27,10.1,0.88,2.27
2023-03-02,316.26,1.46,0.46,10.15,0.88,2.26
2023-03-03,316.36,0.1,0.03,10.15,0.88,2.26
2023-03-06,320.94,4.58,1.45,10.3,0.89,2.23
2023-03-07,319.8,-1.14,-0.36,10.26,0.89,2.23
2023-03-08,315.38,-4.42,-1.38,10.12,0.88,2.27
2023-03-09,314.04,-1.34,-0.42,10.08,0.87,2.28
2023-03-10,310.65,-3.39,-1.08,9.97,0.87,2.3
2023-03-13,313.21,2.56,0.82,10.05,0.87,2.28
2023-03-14,305.58,-7.63,-2.44,9.81,0.85,2.34
2023-03-15,309.1,3.52,1.15,9.92,0.86,2.31
2023-03-16,308.39,-0.71,-0.23,9.9,0.86,2.32
2023-03-17,312.07,3.68,1.19,10.02,0.87,2.29
2023-03-20,309.49,-2.58,-0.83,9.93,0.86,2.31
2023-03-21,310.36,0.87,0.28,9.96,0.86,2.3
2023-03-22,314.11,3.75,1.21,10.08,0.87,2.28
2023-03-23,315.75,1.64,0.52,10.13,0.88,2.26
2023-03-24,314.3,-1.45,-0.46,10.09,0.88,2.27
2023-03-27,312.85,-1.45,-0.46,10.04,0.87,2.28
2023-03-28,316.36,3.51,1.12,10.15,0.88,2.26
2023-03-29,317.01,0.65,0.21,10.18,0.88,2.25
2023-03-30,318.05,1.04,0.33,10.21,0.89,2.25
2023-03-31,322.03,3.98,1.25,10.34,0.9,2.22
2023-04-03,320.38,-1.65,-0.51,10.28,0.89,2.24
2023-04-04,321.75,1.37,0.43,10.32,0.89,2.23
2023-04-05,323.56,1.81,0.56,10.38,0.9,2.21
2023-04-06,317.82,-5.74,-1.77,10.2,0.88,2.25
2023-04-07,323.36,5.54,1.74,10.37,0.9,2.22
2023-04-10,326.38,3.02,0.93,10.47,0.91,2.2
2023-04-11,330.87,4.49,1.38,10.61,0.92,2.17
2023-04-12,332.09,1.22,0.37,10.65,0.92,2.16
2023-04-13,333.09,1.0,0.3,10.68,0.93,2.15
2023-04-14,333.68,0.59,0.18,10.7,0.93,2.15
2023-04-17,333.92,0.24,0.07,10.71,0.93,2.14
2023-04-18,333.5,-0.42,-0.13,10.7,0.93,2.15
2023-04-19,333.77,0.27,0.08,10.71,0.93,2.15
2023-04-20,332.66,-1.11,-0.33,10.67,0.93,2.15
2023-04-21,330.94,-1.72,-0.52,10.61,0.92,2.16
2023-04-24,328.7,-2.24,-0.68,10.54,0.91,2.18
2023-04-25,324.48,-4.22,-1.28,10.41,0.9,2.21
2023-04-26,323.97,-0.51,-0.16,10.39,0.9,2.21
2023-04-27,325.09,1.12,0.35,10.43,0.9,2.2
2023-04-28,326.46,1.37,0.42,10.47,0.91,2.19
2023-05-02,329.09,2.63,0.81,11.26,0.92,2.19
2023-05-03,326.52,-2.57,-0.78,11.18,0.92,2.21
2023-05-04,326.17,-0.35,-0.11,11.16,0.92,2.21
2023-05-08,328.9,2.73,0.84,11.26,0.92,2.19
2023-05-09,328.22,-0.68,-0.21,11.23,0.92,2.2
2023-05-10,326.04,-2.18,-0.66,11.16,0.92,2.21
2023-05-11,325.28,-0.76,-0.23,11.13,0.91,2.22
2023-05-12,323.61,-1.67,-0.51,11.08,0.91,2.23
2023-05-15,324.46,0.85,0.26,11.1,0.91,2.22
2023-05-16,325.31,0.85,0.26,11.13,0.91,2.22
2023-05-17,326.61,1.3,0.4,11.18,0.92,2.21
2023-05-18,329.84,3.23,0.99,11.29,0.93,2.19
2023-05-19,334.23,4.39,1.33,11.44,0.94,2.16
2023-05-22,336.27,2.04,0.61,11.51,0.95,2.15
2023-05-23,337.09,0.82,0.24,11.54,0.95,2.14
2023-05-24,336.49,-0.6,-0.18,11.52,0.95,2.14
2023-05-25,335.35,-1.14,-0.34,11.48,0.94,2.15
2023-05-26,337.11,1.76,0.52,11.54,0.95,2.14
2023-05-30,341.5,4.39,1.3,11.69,0.96,2.11
2023-05-31,339.12,-2.38,-0.7,11.6,0.95,2.13
2023-06-01,338.08,-1.04,-0.31,11.56,0.95,2.14
2023-06-02,342.67,4.59,1.36,11.72,0.96,2.11
2023-06-05,343.91,1.24,0.36,11.76,0.97,2.1
2023-06-07,343.22,-0.69,-0.2,11.74,0.96,2.1
2023-06-08,342.75,-0.47,-0.14,11.72,0.96,2.11
2023-06-09,346.79,4.04,1.18,14.14,0.94,2.07
2023-06-12,344.57,-2.22,-0.64,14.05,0.94,2.09
2023-06-13,346.39,1.82,0.53,14.14,0.94,2.08
2023-06-14,344.65,-1.74,-0.5,14.06,0.94,2.09
2023-06-15,343.19,-1.46,-0.42,14.0,0.93,2.1
2023-06-16,345.17,1.98,0.58,14.08,0.94,2.08
2023-06-19,343.13,-2.04,-0.59,13.99,0.93,2.1
2023-06-20,342.58,-0.55,-0.16,13.97,0.93,2.1
2023-06-21,339.44,-3.14,-0.92,13.85,0.92,2.12
2023-06-22,341.12,1.68,0.49,13.92,0.93,2.11
2023-06-23,338.45,-2.67,-0.78,13.81,0.92,2.12
2023-06-26,340.38,1.93,0.57,13.89,0.93,2.11
2023-06-27,340.32,-0.06,-0.02,13.89,0.93,2.11
2023-06-28,338.41,-1.91,-0.56,13.81,0.92,2.12
2023-06-29,336.39,-2.02,-0.6,13.72,0.92,2.14
2023-06-30,337.95,1.56,0.46,13.79,0.92,2.13
2023-07-03,343.08,5.13,1.52,14.0,0.93,2.09
2023-07-04,341.59,-1.49,-0.43,13.94,0.93,2.1
2023-07-05,339.04,-2.55,-0.75,13.83,0.92,2.12
2023-07-06,336.2,-2.84,-0.84,13.72,0.92,2.14
2023-07-07,331.57,-4.63,-1.38,13.53,0.9,2.17
2023-07-10,330.84,-0.73,-0.22,13.5,0.9,2.17
2023-07-11,337.02,6.18,1.87,13.75,0.92,2.13
2023-07-12,339.46,2.44,0.72,13.85,0.92,2.12
2023-07-13,341.13,1.67,0.49,13.92,0.93,2.11
2023-07-14,346.93,5.8,1.7,14.15,0.94,2.07
2023-07-17,345.75,-1.18,-0.34,14.11,0.94,2.08
2023-07-18,343.38,-2.37,-0.69,14.01,0.94,2.09
2023-07-19,343.11,-0.27,-0.08,14.0,0.93,2.09
2023-07-20,341.67,-1.44,-0.42,13.94,0.93,2.1
2023-07-21,342.39,0.72,0.21,13.97,0.93,2.1
2023-07-24,344.32,1.93,0.56,14.05,0.94,2.09
2023-07-25,344.92,0.6,0.17,14.07,0.94,2.08
2023-07-26,340.56,-4.36,-1.26,13.89,0.93,2.11
2023-07-27,344.76,4.2,1.23,14.07,0.94,2.08
2023-07-28,344.03,-0.73,-0.21,14.04,0.94,2.09
2023-07-31,345.62,1.59,0.46,14.1,0.94,2.08
2023-08-01,351.0,5.38,1.56,14.32,0.96,2.05
2023-08-02,343.8,-7.2,-2.05,14.03,0.94,2.09
2023-08-03,341.54,-2.26,-0.66,13.94,0.93,2.1
2023-08-04,341.25,-0.29,-0.08,13.94,0.93,2.1
2023-08-07,339.68,-1.57,-0.46,13.87,0.93,2.11
2023-08-08,337.95,-1.73,-0.51,13.8,0.92,2.12
2023-08-09,341.61,3.66,1.08,13.95,0.93,2.1
2023-08-10,340.46,-1.15,-0.34,13.9,0.93,2.11
2023-08-11,338.98,-1.48,-0.43,13.84,0.92,2.12
2023-08-14,336.33,-2.65,-0.78,13.74,0.92,2.13
2023-08-16,331.28,-5.05,-1.5,13.53,0.9,2.17
2023-08-17,330.23,-1.05,-0.32,13.49,0.9,2.17
2023-08-18,328.42,-1.81,-0.55,13.41,0.9,2.19
2023-08-21,328.84,0.42,0.13,13.43,0.9,2.18
2023-08-22,329.7,0.86,0.26,13.47,0.9,2.18
2023-08-23,329.15,-0.55,-0.17,13.44,0.9,2.18
2023-08-24,333.82,4.67,1.42,13.63,0.91,2.15
2023-08-25,330.25,-3.57,-1.07,13.49,0.9,2.17
2023-08-28,332.53,2.28,0.69,13.58,0.91,2.16
2023-08-29,333.76,1.23,0.37,13.63,0.91,2.15
2023-08-30,334.94,1.18,0.35,13.68,0.91,2.14
2023-08-31,334.75,-0.19,-0.06,13.67,0.91,2.14
2023-09-01,338.28,3.53,1.05,13.82,0.92,2.12
2023-09-04,341.02,2.74,0.81,13.93,0.93,2.1
2023-09-05,340.29,-0.73,-0.21,13.9,0.93,2.11
2023-09-06,337.85,-2.44,-0.72,13.8,0.92,2.12
2023-09-07,336.74,-1.11,-0.33,13.75,0.92,2.13
2023-09-08,336.4,-0.34,-0.1,13.74,0.92,2.13
2023-09-11,337.58,1.18,0.35,13.79,0.92,2.13
2023-09-12,335.54,-2.04,-0.6,13.7,0.91,2.14
2023-09-13,335.99,0.45,0.13,13.72,0.92,2.14
2023-09-14,341.19,5.2,1.55,13.93,0.93,2.1
2023-09-15,344.98,3.79,1.11,14.09,0.94,2.08
2023-09-18,340.67,-4.31,-1.25,13.91,0.93,2.11
2023-09-19,338.82,-1.85,-0.54,17.18,0.91,2.12
2023-09-20,338.75,-0.07,-0.02,17.18,0.91,2.12
2023-09-21,333.04,-5.71,-1.69,16.89,0.9,2.16
2023-09-22,332.02,-1.02,-0.31,16.84,0.9,2.16
2023-09-25,331.58,-0.44,-0.13,16.82,0.89,2.16
2023-09-26,326.9,-4.68,-1.41,16.58,0.88,2.2
2023-09-27,326.71,-0.19,-0.06,16.57,0.88,2.2
2023-10-04,319.45,-7.26,-2.22,16.21,0.86,2.25
2023-10-05,318.58,-0.87,-0.27,16.16,0.86,2.25
2023-10-06,318.94,0.36,0.11,16.18,0.86,2.25
2023-10-10,319.11,0.17,0.05,16.19,0.86,2.25
2023-10-11,324.74,5.63,1.76,16.48,0.88,2.21
2023-10-12,328.85,4.11,1.27,16.69,0.89,2.18
2023-10-13,325.77,-3.08,-0.94,16.54,0.88,2.2
2023-10-16,323.29,-2.48,-0.76,16.41,0.87,2.22
2023-10-17,327.35,4.06,1.26,16.62,0.88,2.19
2023-10-18,328.82,1.47,0.45,16.69,0.89,2.18
2023-10-19,322.76,-6.06,-1.84,16.38,0.87,2.22
2023-10-20,317.96,-4.8,-1.49,16.14,0.86,2.26
2023-10-23,315.5,-2.46,-0.77,16.01,0.85,2.27
2023-10-24,318.43,2.93,0.93,16.16,0.86,2.25
2023-10-25,316.49,-1.94,-0.61,16.06,0.85,2.27
2023-10-26,307.75,-8.74,-2.76,15.62,0.83,2.33
2023-10-27,308.53,0.78,0.25,15.66,0.83,2.33
2023-10-30,308.95,0.42,0.14,15.68,0.83,2.32
2023-10-31,305.56,-3.39,-1.1,15.5,0.82,2.35
2023-11-01,309.71,4.15,1.36,15.72,0.84,2.32
2023-11-02,315.16,5.45,1.76,15.99,0.85,2.28
2023-11-03,318.24,3.08,0.98,16.15,0.86,2.25
