,date,y_rate_1400
0,20181001,-0.0024679534404007664
1,20181002,-0.006795686216575565
2,20181004,-0.01745877788554801
3,20181005,-0.0005319957440340478
4,20181008,0.0008780636787050469
5,20181010,-0.008882958444529165
6,20181011,-0.010131272913627943
7,20181012,0.016047500601781273
8,20181015,-0.002349193708938881
9,20181016,-0.005208540415888036
10,20181017,-0.000711997152011392
11,20181018,-0.003927168868261335
12,20181019,0.007434197307615029
13,20181022,0.008800704056324505
14,20181023,-0.016012458571257437
15,20181024,-0.00415859173126615
16,20181025,0.004665889018496917
17,20181026,-0.016605930097730662
18,20181029,-0.0009654130288784419
19,20181030,0.012671145505570202
20,20181031,-0.003028391167192429
21,20181101,0.003437290409121395
22,20181102,0.014649575495255536
23,20181105,-0.011425773280013058
24,20181106,-0.004045109095366511
25,20181107,0.004773367059687487
26,20181108,0.0016544933618498042
27,20181109,-0.0034970722186076775
28,20181112,0.008736143734289364
29,20181113,0.00447371691313533
30,20181114,-0.004066042385411533
31,20181115,0.0003712871287128713
32,20181116,-0.0007314099959366111
33,20181119,-0.002038071169445237
34,20181120,-0.00016452780519907864
35,20181121,0.008076939089887172
36,20181122,-0.001857815209313847
37,20181123,-0.0072796459444927
38,20181126,0.009960572732932143
39,20181127,0.005523053634987522
40,20181128,0.0005683663527119194
41,20181129,-0.010465766557481824
42,20181130,-0.004879229001169402
43,20181203,0.001970799983911837
44,20181204,-0.007809983896940419
45,20181205,0.006491638933399072
46,20181206,-0.010742547869941367
47,20181207,0.0024330900243309003
48,20181210,0.0009623028325174679
49,20181211,-0.002828972001497691
50,20181212,0.009194159004867496
51,20181213,0.005607553704696326
52,20181214,-0.015349257161618649
53,20181217,0.0030330729599468173
54,20181218,0.0013370659758492457
55,20181219,0.0048674959437533805
56,20181220,-0.007169056352117373
57,20181221,-0.0003771213073538655
58,20181224,0.0017186452045606976
59,20181226,-0.004402675472017611
60,20181227,0.001338072339535856
61,20181228,0.005637449367352904
62,20190102,-0.018867924528301886
63,20190103,-0.003248533940851369
64,20190104,0.007499573887847282
65,20190107,0.0022541325763900484
66,20190108,-0.0011247656738179546
67,20190109,0.016584509984125657
68,20190110,0.0016425081098837926
69,20190111,0.002006141248720573
70,20190114,-0.006101556101556101
71,20190115,0.01429275505174963
72,20190116,0.0031128719275549804
73,20190117,0.001967239441143408
74,20190118,0.0007186202491216864
75,20190121,-0.005541481950601647
76,20190122,-0.007718935264393427
77,20190123,0.007432703897147449
78,20190124,0.0059327095361337845
79,20190125,0.015110376578916302
80,20190128,0.0036756171167685522
81,20190129,0.0021365861238443013
82,20190130,0.010466957630064501
83,20190131,-0.0047602856171370285
84,20190201,-0.001559884340283062
85,20190207,-0.0030780923427702832
86,20190208,-0.008683290429169708
87,20190211,-0.00124026200534863
88,20190212,0.006461347984214192
89,20190213,-0.00019157822138779265
90,20190214,0.0017287080788290885
91,20190215,-0.01097059271674539
92,20190218,-0.0005353933228804161
93,20190219,0.001376252007034177
94,20190220,0.003617531701001485
95,20190221,0.004297068106628133
96,20190222,-0.00034171159541347105
97,20190225,-0.004406779661016949
98,20190226,-0.0044625973829513655
99,20190227,-0.000680632231717462
100,20190228,-0.004431650316275898
101,20190304,-0.006227078239608802
102,20190305,-0.00283077400341244
103,20190306,-0.0033502142578885857
104,20190307,0.0
105,20190308,-0.006372433325466132
106,20190311,-0.0016254360926102125
107,20190312,0.003387694004569448
108,20190313,-0.004962583694367861
109,20190314,-0.002286795726057643
110,20190315,0.012123366109860602
111,20190318,-0.002957543682141884
112,20190319,-0.002101739773479158
113,20190320,-0.006530835712330374
114,20190321,0.0036936236391912907
115,20190322,-0.004350001924779612
116,20190325,-0.00367675819447704
117,20190326,0.0009034488176604603
118,20190327,0.0033900977609586883
119,20190328,0.001939134908385769
120,20190329,0.0028462998102466793
121,20190401,0.008100810081008101
122,20190402,0.001239397343041946
123,20190403,0.008381290796029508
124,20190404,-0.00034300087655779563
125,20190405,0.0004947668886774501
126,20190408,-0.004959303426083665
127,20190409,0.00414637857577602
128,20190410,0.004998664478956004
129,20190411,-0.004949185840039292
130,20190412,0.002731825770223099
131,20190415,0.002224484409757569
132,20190416,0.00426270323286431
133,20190417,-0.0006749915626054674
134,20190418,-0.013541901117863306
135,20190419,-0.0017103112766523507
136,20190422,-0.0025548141086749283
137,20190423,0.00137320720170888
138,20190424,-0.01782328403488813
139,20190425,0.0003468208092485549
140,20190426,-0.001394322010922189
141,20190429,0.011549752781211372
142,20190430,-0.0055880787653006915
143,20190502,0.008293656888342804
144,20190503,-0.007508480390288524
145,20190507,-0.0015896401985111663
146,20190508,0.010282574568288854
147,20190509,-0.014539201125615572
148,20190510,-0.00969556717072976
149,20190513,-0.0033471790942452718
150,20190514,0.009580348004094167
151,20190515,0.0018194315287268022
152,20190516,-0.00966515690714979
153,20190517,-0.006359300476947536
154,20190520,0.002835072725778618
155,20190521,0.010361842105263157
156,20190522,0.0011427172182998
157,20190523,-0.001102310769984486
158,20190524,-0.0036115899203808585
159,20190527,-0.0021025725593667548
160,20190528,-0.0009468137658488391
161,20190529,-0.011170651277823579
162,20190530,0.003823297178240452
163,20190531,0.0022744189893309074
164,20190603,0.014661420583971838
165,20190604,-0.0005291651402287621
166,20190605,-0.00738826759255521
167,20190607,0.004314731143403753
168,20190610,0.009836065573770493
169,20190611,0.006790148258266704
170,20190612,-0.001994256541161455
171,20190613,-0.005743433207486545
172,20190614,0.000564903361174999
173,20190617,0.0007675217127852959
174,20190618,0.004641963348671995
175,20190619,0.0027385299253849817
176,20190620,0.00328882196774577
177,20190621,-0.0025267479963677997
178,20190624,0.0011080770905061539
179,20190625,-0.003087274886206214
180,20190626,0.0016257583567944804
181,20190627,0.010137267276743453
182,20190628,-0.0019932775736731024
183,20190701,-0.00661118456871743
184,20190702,0.0003541076487252125
185,20190703,-0.011038397855396988
186,20190704,0.0021924579446703342
187,20190705,-0.0009100261137928306
188,20190708,-0.009142081520220368
189,20190709,-0.002381144563725886
190,20190710,0.003354077426654813
191,20190711,0.006989916844092717
192,20190712,0.002598752598752599
193,20190715,0.00455599072815922
194,20190716,0.002030093145450203
195,20190717,-0.0029536201804103135
196,20190718,-0.0005213764337851929
197,20190719,0.01005666852901269
198,20190722,0.0021825396825396826
199,20190723,0.003988941548183254
200,20190724,0.000197441162533565
201,20190725,-0.004403014676715589
202,20190726,0.0012810248198558848
203,20190729,-0.011200448017920717
204,20190730,0.000564903361174999
205,20190731,-0.002430428970713331
206,20190801,0.0060732898354466745
207,20190802,0.000536480686695279
208,20190805,-0.01506349074612001
209,20190806,0.012696493349455865
210,20190807,-0.004751102170098018
211,20190808,-0.0021355657113569385
212,20190809,0.0015768837367882713
213,20190812,0.0027232883707076294
214,20190813,-0.0035442821761038517
215,20190814,-0.0011909825606125054
216,20190816,0.00021452782425880637
217,20190819,-0.001360891383856426
218,20190820,0.008595378920045955
219,20190821,0.001772301460038822
220,20190822,-0.0057951539075295
221,20190823,0.002936045274669163
222,20190826,0.0031944744226203325
223,20190827,0.00038545547989207247
224,20190828,0.003933304831124412
225,20190829,-0.002336250106193187
226,20190830,0.011886568177958906
227,20190902,0.0031147402980048824
228,20190903,0.0005890520469558632
229,20190904,0.006197040596939421
230,20190905,0.011228506318624404
231,20190906,-0.00245188181929631
232,20190909,0.00600711045727596
233,20190910,0.0020291384278235463
234,20190911,0.00241964753800863
235,20190916,-0.0020396736522156453
236,20190917,0.0014811256554981785
237,20190918,0.004396834279318891
238,20190919,0.005302607447571964
239,20190920,0.003997466951634608
240,20190923,0.001616846754475905
241,20190924,0.002908233444684614
242,20190925,-0.0056137871471754405
243,20190926,-0.0027259797724399496
244,20190927,-0.011653256173451186
245,20190930,0.008457252795703234
246,20191001,0.005281340586903864
247,20191002,-0.008964143426294821
248,20191004,0.005226480836236934
249,20191007,-0.0012924071082390954
250,20191008,0.006868409357197689
251,20191010,0.0014938027372925836
252,20191011,0.0011169618637306526
253,20191014,0.002014138462146045
254,20191015,0.0023359860632695888
255,20191016,-0.0009027750520076933
256,20191017,-0.003058823529411765
257,20191018,-0.0065225933202357565
258,20191021,0.004213036565977743
259,20191022,0.008864898940152082
260,20191023,-0.003403755868544601
261,20191024,-0.004147104851330204
262,20191025,-0.004843560798406313
263,20191028,0.0
264,20191029,-0.0050099032972154255
265,20191030,-0.007728337236533958
266,20191031,0.0063449788500704995
267,20191101,0.004512989561258928
268,20191104,0.0035481507192718577
269,20191105,0.005328732988307457
270,20191106,0.000686158655129036
271,20191107,-0.0003433279926756695
272,20191108,-0.007361590710735021
273,20191111,-0.005131543675563895
274,20191112,0.0010772130958334935
275,20191113,-0.005831127479188246
276,20191114,0.000730966029315585
277,20191115,0.010566872663462273
278,20191118,-0.0029815821256038645
279,20191119,0.0007208711158326062
280,20191120,-0.006859233290145568
281,20191121,-0.015072864997885184
282,20191122,0.0018299330322379692
283,20191125,0.0057070142289746655
284,20191126,0.004939122444291294
285,20191127,-0.0012239433926180914
286,20191128,0.002155587205050233
287,20191129,-0.01736124447858652
288,20191202,-0.0016346228691523313
289,20191203,0.003622903047964086
290,20191204,0.00035550639911518405
291,20191205,-0.007033675193524304
292,20191206,0.0059943999684505265
293,20191209,-0.00035046728971962614
294,20191210,0.00738627481632015
295,20191211,0.003916854106879702
296,20191212,0.011132864985220162
297,20191213,0.0017229755037830548
298,20191216,0.0010083280427232327
299,20191217,0.009786774829754772
300,20191218,-0.0010304346226033194
301,20191219,-0.005215219626854708
302,20191220,-0.0018711476372174935
303,20191223,-0.004573728503476033
304,20191224,-0.007270590827305108
305,20191226,-0.00033290179397077864
306,20191227,0.014560792224463598
307,20191230,-0.00318552036199095
308,20200102,-0.007389072907945983
309,20200103,-0.008430964633745756
310,20200106,0.0003337536156641697
311,20200107,0.0030596822354112137
312,20200108,0.00459055234710499
313,20200109,-0.001349527665317139
314,20200110,0.005346232179226069
315,20200113,0.0077916456244138226
316,20200114,-0.00031965903036760787
317,20200115,-0.001282233936458185
318,20200116,0.005254691689008043
319,20200117,-0.004224757076468103
320,20200120,0.00664323374340949
321,20200121,-0.0077505786631128564
322,20200122,0.009836997052452147
323,20200123,-0.005491410870177415
324,20200128,-0.006531204644412192
325,20200129,0.0035295829997816753
326,20200130,-0.0139694350220666
327,20200131,-0.006306007301692665
328,20200203,0.009449356760654245
329,20200204,0.018176366975227672
330,20200205,-0.0026994491664538724
331,20200206,0.015055323780155994
332,20200207,-0.01070587395617729
333,20200210,0.0023612321999418773
334,20200211,0.007125634289415914
335,20200212,0.006944941648170688
336,20200213,-0.003255254405208407
337,20200214,0.008547921786515653
338,20200217,-0.00017697235691784943
339,20200218,-0.007232435513752316
340,20200219,-0.005433228481555619
341,20200220,-0.010869952599878828
342,20200221,0.002705865145531666
343,20200224,-0.01406406965063065
344,20200225,0.010039931545921277
345,20200226,0.0010682130321989928
346,20200227,-0.011792542838606266
347,20200228,-0.0155314737295098
348,20200302,0.006579729676166317
349,20200303,-0.010304106205619019
350,20200304,0.02925458216222636
351,20200305,-0.0014125372222646407
352,20200306,-0.009644317568088883
353,20200309,-0.011312126439087007
354,20200310,0.0033719276863700995
355,20200311,-0.02221863133230993
356,20200312,-0.022784385994303904
357,20200313,0.03982465957843686
358,20200316,-0.032580574435430824
359,20200317,0.025917823853909075
360,20200318,-0.005855623741040896
361,20200319,-0.08102996799534477
362,20200320,0.023975452465154982
363,20200323,0.03389013813042081
364,20200324,0.03859973308695206
365,20200325,-0.0034710821333083165
366,20200326,0.0033825478813365637
367,20200327,-0.032989137722944886
368,20200330,0.019069090225917053
369,20200331,-0.0033654720756776425
370,20200401,0.0
371,20200402,0.0145036376437456
372,20200403,-0.016033986569823216
373,20200406,0.016131230971963464
374,20200407,-0.00682638375581547
375,20200408,0.008255798715764644
376,20200409,-0.00498418064404282
377,20200410,0.004001739886907351
378,20200413,-0.007167220759034584
379,20200414,0.01302818430538064
380,20200416,0.00965847291711986
381,20200417,0.009322534379481988
382,20200420,-0.002133534136546185
383,20200421,-0.01100488633949437
384,20200422,0.006024357474103931
385,20200423,0.00408627517061252
386,20200424,-0.008613773592872525
387,20200427,0.01881183914391269
388,20200428,-0.0025394446525956456
389,20200429,0.008587429993777224
390,20200504,-0.004543924604510266
391,20200506,-0.005305593850524293
392,20200507,0.004948211515075272
393,20200508,0.004866888519134776
394,20200511,-0.003106490494139088
395,20200512,-0.005471784804310597
396,20200513,0.017002599394894957
397,20200514,-0.0025634560430324426
398,20200515,-0.0037145242070116863
399,20200518,0.003132701223841945
400,20200519,0.005385776653474234
401,20200520,0.006899367217799551
402,20200521,-0.0013306451612903226
403,20200522,-0.018216334114225706
404,20200525,0.003432494279176201
405,20200526,0.015030587853988576
406,20200527,0.00656682950268279
407,20200528,-0.00889750079088896
408,20200529,0.002078669651423089
409,20200601,0.014924188298801301
410,20200602,0.007139791658538489
411,20200603,0.029283417547083142
412,20200604,-0.010187943653683475
413,20200605,0.01715521742373387
414,20200608,-0.013903434328843306
415,20200609,-0.015021459227467811
416,20200610,0.002051507491665751
417,20200611,-0.009494020239190432
418,20200612,0.014476571824587071
419,20200615,-0.004292009963594559
420,20200616,0.022091711718719615
421,20200617,-0.0015824573301684187
422,20200618,0.004619462324876941
423,20200619,-0.011420654534561522
424,20200622,0.0067662599308168925
425,20200623,-0.0028223075186272297
426,20200624,0.01592920353982301
427,20200625,-0.006575466706976041
428,20200626,0.006732733187079204
429,20200629,-0.004843261383571047
430,20200630,0.006566285520208309
431,20200701,-0.007581159692249953
432,20200702,0.005862773280883577
433,20200703,-0.00018656716417910448
434,20200706,0.013235457679902125
435,20200707,-0.013825723121702747
436,20200708,-0.005036850487019
437,20200709,0.005174070515189593
438,20200710,-0.011254612546125461
439,20200713,0.007464341142561525
440,20200714,-0.0014019553587898911
441,20200715,-0.0006533575317604356
442,20200716,-0.009372615977040723
443,20200717,0.004328051643192488
444,20200720,-0.0044342674372115
445,20200721,0.009197566628041715
446,20200722,-0.0035666678675649387
447,20200723,-0.008817577334489736
448,20200724,0.0012101653892698668
449,20200727,0.011867262471613802
450,20200728,0.010967672336294006
451,20200729,0.0
452,20200730,0.0008436742011459908
453,20200731,-0.005756607813542069
454,20200803,-0.0008525452026570992
455,20200804,0.0028253575843192654
456,20200805,0.005251181515841064
457,20200806,0.011873031257572086
458,20200807,-0.0030334014996591684
459,20200810,0.01585839983630039
460,20200811,0.010073290719855427
461,20200812,0.0010971109411882043
462,20200813,-0.0032287522014219556
463,20200814,-0.008549265555372174
464,20200818,-0.0035849432383987254
465,20200819,-0.0025334414268342116
466,20200820,-0.026045939294503693
467,20200821,0.012756168966959431
468,20200824,0.004885485603409445
469,20200825,0.003853761680649342
470,20200826,0.0003054678749618165
471,20200827,-0.007611379858597477
472,20200828,-0.0014266788953429125
473,20200831,-0.020503985947844885
474,20200901,0.00631709758707584
475,20200902,-0.009305972184346877
476,20200903,0.0074748021375904755
477,20200904,0.011665631255608476
478,20200907,0.0045025070778046865
479,20200908,0.0
480,20200909,0.005769165507177521
481,20200910,0.002387357094821789
482,20200911,-0.0018919558093178823
483,20200914,0.002801400700350175
484,20200915,0.004500330906684315
485,20200916,0.001087924043121353
486,20200917,-0.012613388068595643
487,20200918,-0.0033052884615384615
488,20200921,0.0007695911128956702
489,20200922,-0.01779323384428388
490,20200923,-0.004664403059299654
491,20200924,-0.009994776249347031
492,20200925,-0.0006640570390046135
493,20200928,0.006176480793920677
494,20200929,-0.0004786161156883525
495,20201005,0.012081593538229858
496,20201006,-0.0003370407819346141
497,20201007,0.013249532869033463
498,20201008,-0.0040847502656748145
499,20201012,-0.003587205633241439
500,20201013,-0.005295383087870263
501,20201014,-0.008440501113215699
502,20201015,-0.008851642434033387
503,20201016,-0.014453111809002803
504,20201019,0.002851033499643621
505,20201020,0.003992084072608162
506,20201021,0.0009429831946923518
507,20201022,-0.0060532278245578434
508,20201023,0.0003034799028864311
509,20201026,-0.004742524637583667
510,20201027,0.000646852551663092
511,20201028,0.0036957191253464737
512,20201029,-0.00226656135169477
513,20201030,-0.011009048061375443
514,20201102,0.009769811983834123
515,20201103,0.009778852798894264
516,20201104,-0.0006420003378949147
517,20201105,0.011557586345921246
518,20201106,-0.002800843548174509
519,20201109,0.007843649911758939
520,20201110,-0.0073298089709077936
521,20201111,0.010845564359007664
522,20201112,-0.006802939383242949
523,20201113,0.012164741661004886
524,20201116,0.016287470688890297
525,20201117,0.0014641744548286604
526,20201118,-0.0005932864949258392
527,20201119,-0.000282574568288854
528,20201120,0.002816548788884021
529,20201123,0.018746502518186905
530,20201124,0.0018842121258167452
531,20201125,-0.006841676964344917
532,20201126,0.0057694068805519095
533,20201127,0.001148105625717566
534,20201130,-0.009315743606695315
535,20201201,0.008609150644925772
536,20201202,0.010885210507376755
537,20201203,-0.001652892561983471
538,20201204,0.01684290693927766
539,20201207,-0.00512791130718767
540,20201208,-0.006097210238711533
541,20201209,0.01094180815556523
542,20201210,0.010333978004214416
543,20201211,0.0026867122073913167
544,20201214,-0.0024226187083167075
545,20201215,-0.009042781513807411
546,20201216,-0.0038921560271598624
547,20201217,-0.0047015244336800115
548,20201218,-0.0028185855825076872
549,20201221,-0.0027965642210997918
550,20201222,-0.0020056157240272766
551,20201223,0.008977282567906936
552,20201224,0.014106225014277555
553,20201228,0.0014493965493212922
554,20201229,-0.00038712531799579695
555,20201230,0.020781654815059808
556,20210104,0.024379777390371463
557,20210105,0.0016060239060607655
558,20210106,-0.005067915208890718
559,20210107,0.01795651277823578
560,20210108,0.015732200748913072
561,20210111,-0.017396969404497635
562,20210112,-0.029139267118097147
563,20210113,0.010846943022942632
564,20210114,0.001616775268237715
565,20210115,-0.022867407874933243
566,20210118,-0.0023708038033746124
567,20210119,0.024773229666895342
568,20210120,-0.018318333007239288
569,20210121,0.0027706943899568457
570,20210122,-0.0029899363119257135
571,20210125,0.017170951251131276
572,20210126,-0.029307111602634994
573,20210127,-0.011064871481028152
574,20210128,-0.0030690279734352987
575,20210129,-0.02688828527997209
576,20210201,0.024157463207717972
577,20210202,0.0022154734641043512
578,20210203,-0.002901615560528192
579,20210204,-0.017891909209650787
580,20210205,-0.00034801630704981606
581,20210208,-0.0021997577794804616
582,20210209,-0.00500086648676751
583,20210210,0.0015211590733398169
584,20210215,0.0020814457477287755
585,20210216,0.0013903456350464669
586,20210217,-0.007992154939936259
587,20210218,-0.011999407436669794
588,20210219,-0.0008245671022713075
589,20210222,-0.012438117287751533
590,20210223,0.011550197967366909
591,20210224,-0.007354048491541589
592,20210225,0.016912785561024865
593,20210226,-0.012257379700768298
594,20210302,-0.014650741228179087
595,20210303,0.0065285339786247225
596,20210304,-0.0009572752922208786
597,20210305,0.005063161663171892
598,20210308,-0.016339541187691382
599,20210309,-0.00733640081799591
600,20210310,-0.014855256475368207
601,20210311,0.014097938144329896
602,20210312,0.0008281677416116646
603,20210315,-0.0026115561359013636
604,20210316,0.0018855591311343523
605,20210317,-0.013349362586720766
606,20210318,0.0018793224416157161
607,20210319,0.008389048478531662
608,20210322,-0.0009588695432752965
609,20210323,-0.01375201126307321
610,20210324,0.00048826870197620333
611,20210325,0.005092592592592593
612,20210326,0.004426467221247042
613,20210329,-0.0010591884598895418
614,20210330,0.010493312093858252
615,20210331,-0.0026004550796389367
616,20210401,0.0011981129720689914
617,20210402,0.0
618,20210405,-0.00370661299032844
619,20210406,-0.004840247390422177
620,20210407,-0.0001225370061758651
621,20210408,-0.0010302703233086396
622,20210409,-0.002425103495578473
623,20210412,-0.00370661299032844
624,20210413,0.011476136531547061
625,20210414,0.002987539773141289
626,20210415,0.003998061545917131
627,20210416,-0.004432026206763658
628,20210419,0.003989844033369605
629,20210420,0.0056947608200455585
630,20210421,-0.012529933963861541
631,20210422,-0.001705694583201345
632,20210423,0.007418506964062001
633,20210426,0.004481465244288567
634,20210427,-0.0031914893617021275
635,20210428,-0.008203862349353856
636,20210429,-0.002118076688983567
637,20210430,-0.007758409035109256
638,20210503,-0.0018781199031285523
639,20210504,0.0002481759070829404
640,20210506,0.007941023674640675
641,20210507,0.007727483921453549
642,20210510,0.012972240373677968
643,20210511,-0.013162335470806615
644,20210512,-0.021353786218651083
645,20210513,0.005171461565496812
646,20210514,0.005267230834519084
647,20210517,-0.011725499876573686
648,20210518,0.008450984291111553
649,20210520,0.002508070523963248
650,20210521,-0.005531381370307545
651,20210524,0.0009408269373607328
652,20210525,0.0036521567466192874
653,20210526,-0.0029444962457672867
654,20210527,-0.0021157252509348555
655,20210528,0.006122750073768073
656,20210531,-0.004911303327957778
657,20210601,0.006201928946404591
658,20210602,-0.00046117624214179955
659,20210603,0.010089006378386244
660,20210604,0.0018609822119102862
661,20210607,-0.00105715864587588
662,20210608,-0.00012039489525644112
663,20210609,-0.005319534782503566
664,20210610,0.004072376121732345
665,20210611,0.003371086265855019
666,20210614,-0.0018573013652371075
667,20210615,0.0013758478360568684
668,20210616,0.007069951499650122
669,20210617,0.0011560693641618498
670,20210618,0.0013940297072537614
671,20210621,-0.0012861268169574607
672,20210622,0.002194992522552945
673,20210623,0.0024004416812693536
674,20210624,0.0035408392746064405
675,20210625,0.00023777820049457866
676,20210628,-0.0029651066252342436
677,20210629,-0.006582699619771863
678,20210630,0.0035481259227508693
679,20210701,-0.0066094481824017495
680,20210702,-0.0006701289998324678
681,20210705,0.0020514288440437
682,20210706,0.0020686703443028344
683,20210707,-0.004096310938579152
684,20210708,-0.007872700813512417
685,20210709,-0.006312146617274322
686,20210712,0.003709810387469085
687,20210713,0.0033454475438638716
688,20210714,-0.0010344495765973827
689,20210715,0.0027585876031471887
690,20210716,-0.001392089093701997
691,20210719,-0.002541511352084039
692,20210720,0.0012957801574495136
693,20210721,-0.011591327073855387
694,20210722,0.007688751551132631
695,20210723,-0.00012067384273784815
696,20210726,-0.010150819041204628
697,20210727,0.001722715582083758
698,20210728,-0.0013904813016856537
699,20210729,-0.0027838969716042507
700,20210730,-0.00640307737254711
701,20210802,0.0002442897276169537
702,20210803,0.00621285130738938
703,20210804,0.011569768846163135
704,20210805,0.0011465150718960493
705,20210806,-0.005407474757142173
706,20210809,0.001955577015934331
707,20210810,-0.011985848034850418
708,20210811,-0.0057273768613974796
709,20210812,-0.004244044844589456
710,20210813,-0.01584676523585022
711,20210817,-0.008758320404384165
712,20210818,0.008509129586952668
713,20210819,-0.007443538348195005
714,20210820,-0.009838081574093051
715,20210823,0.008410081779016072
716,20210824,0.006970331409896339
717,20210825,-0.0021920431353775606
718,20210826,-0.009881820467689213
719,20210827,0.0006112002444800978
720,20210830,-0.008069381598793364
721,20210831,0.010805749569794514
722,20210901,0.0005967774020290431
723,20210902,-0.008449304174950299
724,20210903,0.00394241085909624
725,20210906,-0.00012420817289777666
726,20210907,-0.00749063670411985
727,20210908,-0.004553756849400755
728,20210909,-0.013295993541225149
729,20210910,0.003552443263136373
730,20210913,0.001585921113214304
731,20210914,0.007650799280520862
732,20210915,0.004117929414142435
733,20210916,-0.011560984191610746
734,20210917,0.004904590390068205
735,20210923,0.004649142973918819
736,20210924,-0.005340284983928526
737,20210927,0.0019342852052632918
738,20210928,-0.01071419503897225
739,20210929,-0.0032264779350541215
740,20210930,0.006002557611504032
741,20211001,-0.012652614003965355
742,20211005,-0.005629218579089187
743,20211006,-0.015990816626177955
744,20211007,0.00478145766924199
745,20211008,-0.006805625984146895
746,20211012,-0.012800129348675523
747,20211013,0.010230318945237704
748,20211014,0.003094142653429117
749,20211015,0.003423566878980892
750,20211018,-0.003276349512510899
751,20211019,0.0011329802650646853
752,20211020,-0.005163826998689384
753,20211021,-0.0013991182914917769
754,20211022,0.0035526804178376372
755,20211025,0.0072406110757479315
756,20211026,0.00314078571989426
757,20211027,-0.0061468441840391306
758,20211028,0.0028946606668245572
759,20211029,-0.014993960401239431
760,20211101,-0.0019135704034444268
761,20211102,0.010724999336324299
762,20211103,-0.0181551054675202
763,20211104,-0.0019319835913722376
764,20211105,-0.012025633587383634
765,20211108,-0.007297131747849477
766,20211109,-0.00040065172680894254
767,20211110,-0.004904325454253095
768,20211111,0.002088078967350038
769,20211112,0.005164432313826229
770,20211115,0.004845115170770453
771,20211116,-0.0017925871250065904
772,20211117,-0.01227834426791031
773,20211118,0.004402566374057072
774,20211119,0.0024362818590704647
775,20211122,0.013889257030773717
776,20211123,-0.006626317437128248
777,20211124,-0.008698158191202284
778,20211125,-0.00734094616639478
779,20211126,-0.012283506528110845
780,20211129,0.006579126968960717
781,20211130,-0.016495680345572354
782,20211201,0.019732283901006013
783,20211202,0.018908137056669765
784,20211203,0.011476376897088003
785,20211206,0.008169673745276492
786,20211207,0.0059767804723243325
787,20211208,-0.0036180015096696945
788,20211209,0.00277436071923993
789,20211210,-0.001124594622868501
790,20211213,0.00013038829634651994
791,20211214,-0.0027659238185553975
792,20211215,0.0026716749550312136
793,20211216,-0.006398704588785291
794,20211217,0.0045559886231960394
795,20211220,-0.012884771826698506
796,20211221,0.004710365450263304
797,20211222,-0.0013911856576633332
798,20211223,-0.002376661704405965
799,20211224,0.0036180015096696945
800,20211227,-0.005237502592823066
801,20211228,-0.0027286193186247757
802,20211229,-0.0011128364389233955
803,20211230,-0.006220517339692084
804,20220103,-0.0027538905198617857
805,20220104,-0.004855881589197611
806,20220105,-0.015065667510901068
807,20220106,0.0001330565756559689
808,20220107,0.006764284577431163
809,20220110,-0.007601953279662135
810,20220111,0.001273277096928219
811,20220112,0.008577593011629742
812,20220113,-0.004633124235404357
813,20220114,-0.007604763539383697
814,20220117,-0.01112204986296996
815,20220118,-0.010902094912355708
816,20220119,0.0001359952129685035
817,20220120,0.004706714550005441
818,20220121,-0.007346314553349537
819,20220124,-0.009631215014817254
820,20220125,-0.025052018310445276
821,20220126,-0.0010741442179947424
822,20220127,-0.03210058751738427
823,20220128,0.015657467294916443
824,20220203,0.0009296298383007493
825,20220204,0.004783605536528065
826,20220207,-0.009740897734609663
827,20220208,-0.003229611323298135
828,20220209,0.003780030240241922
829,20220210,0.0017449590073122091
830,20220211,0.0014780110990267436
831,20220214,-0.003803566900515595
832,20220215,-0.008823363590235101
833,20220216,0.0065004502476362
834,20220217,0.003900047357717915
835,20220218,0.007436091702444089
836,20220221,0.010605291363456873
837,20220222,-0.003395681824613034
838,20220223,-0.003367286808653927
839,20220224,-0.012201031956441176
840,20220225,0.002750243511144216
841,20220228,0.005122744409589317
842,20220302,0.0013614317724139886
843,20220303,0.007453205725417126
844,20220304,-0.013107668126192882
845,20220307,-0.006665704804501515
846,20220308,0.0038251044547754957
847,20220310,-0.0005482614341364882
848,20220311,-0.003904668247816278
849,20220314,-0.0008404335477887904
850,20220315,-0.0015129033196590149
851,20220316,-0.0015344528083381587
852,20220317,0.0034300941149790227
853,20220318,0.00042708274016286087
854,20220321,-0.012093364154028303
855,20220322,0.006182911120652641
856,20220323,0.0
857,20220324,-0.00014158289678606824
858,20220325,-0.007313437034119997
859,20220328,0.005606625494492984
860,20220329,-0.0024253363039002792
861,20220330,-0.004454405378904609
862,20220331,0.00500562429696288
863,20220401,-0.004051088730096213
864,20220404,0.004638927389471898
865,20220405,-0.004730051218897814
866,20220406,-0.002717314387613575
867,20220407,-0.008507965511334438
868,20220408,-0.004166666666666667
869,20220411,0.0019354652338446428
870,20220412,-0.0048680130972733335
871,20220413,0.010573274238869093
872,20220414,-0.003963614588382902
873,20220415,-0.00386668590390997
874,20220418,0.0063160345781063535
875,20220419,0.007650998960619009
876,20220420,0.0002577984016499098
877,20220421,0.0037160906726124115
878,20220422,-0.0019301126379166306
879,20220425,-0.003939765365084924
880,20220426,0.0014024016127618547
881,20220427,-0.0005626295528575659
882,20220428,0.0008521141245261952
883,20220429,0.011699669484337068
884,20220502,0.007964524316597135
885,20220503,0.0022575976845151955
886,20220504,-0.0038129350934457957
887,20220506,-0.0035683991927228055
888,20220509,-0.005747126436781609
889,20220510,-0.0013137857931981725
890,20220511,0.005270565687419519
891,20220512,-0.00015050267894768527
892,20220513,0.014121401902926652
893,20220516,-0.010489818705374196
894,20220517,0.0073854367492214145
895,20220518,-0.005267932921654131
896,20220519,0.008792198049512378
897,20220520,0.014033109832077374
898,20220523,-0.004983824429483256
899,20220524,-0.010137708760621155
900,20220525,0.002895382160900523
901,20220526,-0.00245678427658063
902,20220527,0.0012934328884708095
903,20220530,0.0022675077763888484
904,20220531,0.0042424594641715585
905,20220602,-0.005114197710234207
906,20220603,-0.002983258993222499
907,20220607,-0.011384534547683685
908,20220608,0.001597255087553242
909,20220609,0.002015411973918198
910,20220610,-0.0045385327401391415
911,20220613,-0.013140202909179806
912,20220614,0.008183254344391785
913,20220615,-0.017698838806342865
914,20220616,-0.0059508895013781005
915,20220617,0.013414358211849888
916,20220620,-0.02760132130606022
917,20220621,0.006464750945469826
918,20220622,-0.021217682475288966
919,20220623,-0.0017912824255290917
920,20220624,0.011669658886894075
921,20220627,0.011240700432084728
922,20220628,-0.0003227784771311449
923,20220629,-0.0017523933149440208
924,20220630,-0.0074968899364892296
925,20220701,-0.01886419101642372
926,20220704,-0.006230529595015576
927,20220705,0.0027546380803823304
928,20220706,-0.007278891215475122
929,20220707,0.01633582164496368
930,20220708,0.0025612399028042293
931,20220711,-0.0036759879217539712
932,20220712,-0.00923373301889926
933,20220713,0.005064303325114946
934,20220714,0.010109463395038999
935,20220715,-0.00046396023198011597
936,20220718,0.011387129590128966
937,20220719,-0.0015952078653514341
938,20220720,-0.007203457659676645
939,20220721,0.007255723960012899
940,20220722,-0.002048983512085801
941,20220725,0.01070795033059184
942,20220726,0.004530411592712785
943,20220727,-0.005776657198480835
944,20220728,-0.004612225556784078
945,20220729,-0.005218976954758386
946,20220801,0.0018661437246963563
947,20220802,-0.005435126082285281
948,20220803,0.004504647400310884
949,20220804,-0.0018159616769466795
950,20220805,0.005502063273727648
951,20220808,0.005520529468962705
952,20220809,0.003338325221515038
953,20220810,-0.004566352860225815
954,20220811,0.002147525676937442
955,20220812,0.004091500836897899
956,20220816,-0.0021140353564753824
957,20220817,-0.007370780995669666
958,20220818,-0.0005907225469468972
959,20220819,-0.006077896303646738
960,20220822,-0.001862079848508758
961,20220823,-0.0029626326017011245
962,20220824,0.0012452902484194393
963,20220825,0.006356268870173209
964,20220826,-0.003075860770220646
965,20220829,0.00016144656118824668
966,20220830,0.005046284391874518
967,20220831,0.016121751467079382
968,20220901,-0.0066148609594759485
969,20220902,-0.005555376118342431
970,20220905,-0.0012723476445256428
971,20220906,-0.0030262601282093
972,20220907,-0.010772818340066345
973,20220908,-0.004667674709092105
974,20220913,0.011257461718141707
975,20220914,0.012760064624616704
976,20220915,-0.00495485216937771
977,20220916,-0.00046437574631816373
978,20220919,-0.009541102674149884
979,20220920,-0.0029122679286494356
980,20220921,-0.0026100923571141747
981,20220922,-0.0009839514131578055
982,20220923,-0.011253474340722663
983,20220926,-0.010878253918604247
984,20220927,-0.007204357757863293
985,20220928,-0.019639876407287708
986,20220929,-0.0006755075194652824
987,20220930,0.004767580452920143
988,20221004,0.011007017418872226
989,20221005,-0.018517876339425043
990,20221006,0.006508730797494489
991,20221007,0.007265801354401806
992,20221011,-0.004180064308681672
993,20221012,0.009814808181394848
994,20221013,-0.008004838480148
995,20221014,0.01079315486757083
996,20221017,0.013257778252966963
997,20221018,-0.00405250943853694
998,20221019,-0.003917897510574856
999,20221020,-0.004643636107788644
1000,20221021,0.005562444641275465
1001,20221024,-0.005935027072053311
1002,20221025,0.001709103592605511
1003,20221026,0.009558361822367962
1004,20221027,0.010641595206116334
1005,20221028,-0.0020233890051099147
1006,20221031,0.003855207942410699
1007,20221101,0.0076589399484885455
1008,20221102,0.0026237007635641968
1009,20221103,0.011902731830428703
1010,20221104,0.008974836590239442
1011,20221107,0.007664367356459729
1012,20221108,0.005481700311833251
1013,20221109,0.006523009021873175
1014,20221110,0.0011385816525699415
1015,20221111,0.004688737525740535
1016,20221114,-0.0029194788887144875
1017,20221115,-0.002491484798788949
1018,20221116,-0.007271697044102371
1019,20221117,-0.008577691647869872
1020,20221118,-0.0002882213539998719
1021,20221121,-0.010982677467900484
1022,20221122,-0.001912913789190416
1023,20221123,-0.00048516997121324836
1024,20221124,0.00205668744777942
1025,20221125,-0.0025310777905933617
1026,20221128,-0.0027212647401840093
1027,20221129,0.009781226565811353
1028,20221130,0.01525852015031748
1029,20221201,-0.008762870465996933
1030,20221202,-0.013048297703879651
1031,20221205,-0.008363086622277976
1032,20221206,0.0004899238984877682
1033,20221207,0.002567309591205319
1034,20221208,-0.0050095577087865
1035,20221209,0.004693140794223827
1036,20221212,0.0014775898867181087
1037,20221213,-0.007538672410417074
1038,20221214,0.006281078251766554
1039,20221215,-0.008035801783556005
1040,20221216,0.00757448805174783
1041,20221219,0.0006650704974727321
1042,20221220,-0.00392835741394234
1043,20221221,-0.007679010704075527
1044,20221222,0.005740221599252436
1045,20221223,-0.0029455081001472753
1046,20221226,0.0027979099949435363
1047,20221227,0.0006696578048617156
1048,20221228,-0.005769488796457802
1049,20221229,-0.008663450431473806
1050,20230102,-0.005697810118761584
1051,20230103,-0.0003456858407079646
1052,20230104,0.027008213838229152
1053,20230105,-0.00016852039096730705
1054,20230106,0.02261953135581742
1055,20230109,0.014214266912345353
1056,20230110,-0.00012993762993762994
1057,20230111,-0.0023836366564664196
1058,20230112,-0.002985745473224605
1059,20230113,0.005364944744281675
1060,20230116,0.008648752154209485
1061,20230117,-0.005744937472227513
1062,20230118,-0.007394129509298678
1063,20230119,0.009221212023166272
1064,20230120,0.004866180048661801
1065,20230125,0.0012220342169580749
1066,20230126,0.008438291089789668
1067,20230127,0.0060346685550663505
1068,20230130,-0.013861689106487149
1069,20230131,-0.013002364066193853
1070,20230201,-0.0024781981303720435
1071,20230202,-0.002744034038354813
1072,20230203,0.0057928812614231285
1073,20230206,-0.0065873287139172855
1074,20230207,0.006045340050377834
1075,20230208,0.011794361112839982
1076,20230209,0.0038154915159599218
1077,20230210,0.0024592205204831278
1078,20230213,-0.0033982852689010135
1079,20230214,-0.0009284763702763764
1080,20230215,-0.018445730556157346
1081,20230216,0.01391200577835003
1082,20230217,0.0067905309817976045
1083,20230220,0.0010621348911311736
1084,20230221,-0.0010910224438902742
1085,20230222,-0.004359363153904473
1086,20230223,0.010124339545037492
1087,20230224,-0.006818753142282554
1088,20230227,-0.004886305569749617
1089,20230228,0.0023544384346166083
1090,20230302,0.005631562201718104
1091,20230303,-0.0037275713924690423
1092,20230306,0.004462041226747109
1093,20230307,0.0018468087770369675
1094,20230308,-0.004819582725600863
1095,20230309,-0.005333502650877806
1096,20230310,0.00048531124627928043
1097,20230313,0.0006435006435006435
1098,20230314,-0.011137011137011137
1099,20230315,0.0028924276893077675
1100,20230316,0.007107995676242262
1101,20230317,-0.00016087516087516087
1102,20230320,-0.006950925181013676
1103,20230321,-0.0034803905771647707
1104,20230322,0.001121327651939897
1105,20230323,0.008393632416787264
1106,20230324,-0.004998408150270615
1107,20230327,-0.008148973420340601
1108,20230328,0.004731911628353103
1109,20230329,0.00047658384698481284
1110,20230330,0.0037137282054509977
1111,20230331,0.00849077294231914
1112,20230403,-0.007158129590034396
1113,20230404,0.00599157434857232
1114,20230405,0.005502362596369062
1115,20230406,-0.010991399385226815
1116,20230407,0.010749664072997718
1117,20230410,0.011272490786906569
1118,20230411,0.011585254019685761
1119,20230412,0.004028471906709072
1120,20230413,0.0049105789633222185
1121,20230414,0.0010473397570171764
1122,20230417,-0.0019207683073229293
1123,20230418,-0.005753843387575295
1124,20230419,0.0038461538461538464
1125,20230420,-0.0003011413256241154
1126,20230421,-0.0055206950645589475
1127,20230424,-0.002701390153584654
1128,20230425,-0.01808180878867076
1129,20230426,-0.001389317690645261
1130,20230427,-0.000925925925925926
1131,20230428,-0.006857702669605682
1132,20230502,0.004747465466017336
1133,20230503,-0.0016843265756109511
1134,20230504,0.0012005541018931816
1135,20230508,0.003013790374136199
1136,20230509,-0.0010658059015195348
1137,20230510,-0.0035072737808411357
1138,20230511,-0.0009171787581399614
1139,20230512,0.0013895321908290875
1140,20230515,-0.00015489467162329616
1141,20230516,-0.002144016662072345
1142,20230517,0.006898675700646751
1143,20230518,0.0030456234391179875
1144,20230519,0.0058756176931421
1145,20230522,0.008230575841015204
1146,20230523,0.0005927330922885425
1147,20230524,0.0026844036149968682
1148,20230525,-0.007255604584357509
1149,20230526,0.002825110774080352
1150,20230530,0.002204196790689473
1151,20230531,-0.003959408728296574
1152,20230601,-0.0019201228878648233
1153,20230602,0.004116920543433511
1154,20230605,-0.002178649237472767
1155,20230607,-0.001452643811737362
1156,20230608,-0.002489675170615975
1157,20230609,0.007127272727272727
1158,20230612,-0.01022023895206564
1159,20230613,-0.0004331504475887958
1160,20230614,-0.005925711808064749
1161,20230615,-0.0044914517531150396
1162,20230616,-0.0020301624129930394
1163,20230619,-0.0043351760256037245
1164,20230620,0.0005850348095711694
1165,20230621,-0.004830776437521958
1166,20230622,0.006472204982711233
1167,20230623,-0.009202543887928256
1168,20230626,0.00678176918293008
1169,20230627,0.0002947591817485115
1170,20230628,-0.009647810914635934
1171,20230629,-0.0017408751585966777
1172,20230630,0.0021895434506021246
1173,20230703,0.01070241980535709
1174,20230704,-0.003459302325581395
1175,20230705,-0.005843510781277391
1176,20230706,-0.00497996228194248
1177,20230707,-0.007880126559608382
1178,20230710,0.0019538295058314295
1179,20230711,0.007454420261653145
1180,20230712,0.0044112857861858664
1181,20230713,0.0018980318869357006
1182,20230714,0.007253735673872044
1183,20230717,0.001589825119236884
1184,20230718,-0.008636821649632935
1185,20230719,-0.008350187806992199
1186,20230720,0.00439161494320178
1187,20230721,0.006612590372068418
1188,20230724,0.005949082849727333
1189,20230725,-0.0036121947695419735
1190,20230726,-0.011249277038750723
1191,20230727,0.009166277440448388
1192,20230728,-0.0023245677756792097
1193,20230731,-0.0028830906732016724
1194,20230801,0.010080645161290322
1195,20230802,-0.014295925661186561
1196,20230803,-0.007111756168359942
1197,20230804,-0.0007293946024799417
1198,20230807,0.0022032902467685076
1199,20230808,-0.008613138686131387
1200,20230809,0.010914454277286136
1201,20230810,0.0011762976032936333
1202,20230811,-0.003218727139722019
1203,20230814,-0.008114488049572145
1204,20230816,-0.006579931209810079
1205,20230817,0.0018192844147968466
1206,20230818,0.0044342507645259936
1207,20230821,-0.00015158405335758679
1208,20230822,-0.003470650369699713
1209,20230823,0.000455857772375019
1210,20230824,0.002249212775528565
1211,20230825,0.002880533656761674
1212,20230828,-0.0019525382997897267
1213,20230829,-0.00029877502240812666
1214,20230830,-0.004143237644273453
1215,20230831,-0.0044603033006244425
1216,20230901,0.010303120800358369
1217,20230904,0.0004410467509556013
1218,20230905,0.0022032902467685076
1219,20230906,-0.00426157237325496
1220,20230907,-0.0017775144423048438
1221,20230908,-0.006968124536693847
1222,20230911,0.0013335308934656986
1223,20230912,-0.006776664702416028
1224,20230913,0.0007429420505200594
1225,20230914,0.008439443292863488
1226,20230915,0.014477917519742615
1227,20230918,-0.0034959941733430444
1228,20230919,-0.00948905109489051
1229,20230920,-0.0016224188790560472
1230,20230921,-0.010232834050126057
1231,20230922,0.006362672322375398
1232,20230925,0.004833106781452953
1233,20230926,-0.0127896479085164
1234,20230927,0.0029123237277743717
1235,20231004,-0.01123768472906404
1236,20231005,-0.0012408872343725764
1237,20231006,0.0012476606363069245
1238,20231010,-0.004937509643573522
1239,20231011,0.005522319374137137
1240,20231012,0.002890613114255287
1241,20231013,0.0003052969012364525
1242,20231016,-0.007053051211284882
1243,20231017,0.005954198473282443
1244,20231018,0.006852444038373686
1245,20231019,-0.0055155507890301825
1246,20231020,-0.000777000777000777
1247,20231023,-0.005171603196991067
1248,20231024,-0.0021929824561403508
1249,20231025,-0.0059180812957483255
